pedido_id,data_hora,cliente_id,estado,categoria,produto,quantidade,preco_unitario,desconto_pct,status,canal
1,2026-04-13 12:24:00,1250,PR,Eletrônicos,fone,2,1107.34,15,pago,marketplace
2,2026-04-02 08:32:00,1095,PR,Esportes,garrafa,2,762.98,0,enviado,marketplace
3,2026-04-11 00:46:00,1459,PE,Papelaria,caneta,1,1140.62,0,cancelado,aplicativo
4,2026-04-10 19:10:00,1980,BA,Livros,livro técnico,1,148.19,0,entregue,aplicativo
5,2026-04-02 23:27:00,1747,SC,Papelaria,caneta,5,195.99,5,pago,marketplace
6,2026-04-29 03:35:00,1906,BA,Livros,biografia,5,296.51,0,pago,marketplace
7,2026-04-04 15:09:00,1875,PR,Casa,organizador,1,576.39,5,entregue,site
8,2026-04-10 12:50:00,1686,PE,Livros,romance,1,917.61,0,enviado,site
9,2026-04-13 06:51:00,1947,PR,Esportes,tapete,3,1265.85,0,enviado,site
10,2026-04-13 04:26:00,1067,PR,Livros,romance,5,1315.79,0,enviado,marketplace
11,2026-04-30 06:09:00,1469,MG,Esportes,tapete,3,218.05,15,entregue,marketplace
12,2026-04-27 13:22:00,1408,BA,Papelaria,caneta,2,1496.02,0,cancelado,site
13,2026-04-07 22:56:00,1642,MG,Eletrônicos,fone,4,898.65,5,cancelado,marketplace
14,2026-04-12 10:36:00,1994,SP,Esportes,mochila,1,1025.75,10,entregue,marketplace
15,2026-04-14 08:34:00,1445,MG,Livros,livro técnico,4,14.84,15,entregue,marketplace
16,2026-04-05 20:13:00,1891,PE,Casa,cafeteira,5,917.37,0,entregue,site
17,2026-04-01 00:37:00,1613,BA,Papelaria,agenda,4,39.02,0,entregue,site
18,2026-04-26 19:42:00,1969,RJ,Eletrônicos,fone,1,1100.54,0,enviado,site
19,2026-04-08 12:21:00,1271,GO,Esportes,mochila,2,1394.08,15,enviado,marketplace
20,2026-04-30 13:50:00,1382,SC,Livros,romance,5,682.71,0,enviado,site
21,2026-04-27 18:35:00,1567,PR,Livros,livro técnico,5,338.12,0,pago,site
22,2026-04-16 00:54:00,1072,PR,Eletrônicos,fone,3,1006.78,0,enviado,marketplace
23,2026-04-22 12:16:00,1248,SC,Papelaria,agenda,4,293.71,0,cancelado,aplicativo
24,2026-04-22 06:06:00,1884,SP,Esportes,tapete,1,100.31,15,entregue,site
25,2026-04-09 15:45:00,1549,SC,Casa,luminária,2,638.6,0,cancelado,site
26,2026-04-26 01:06:00,1100,SP,Eletrônicos,teclado,5,1255.68,0,enviado,site
27,2026-04-22 21:46:00,1218,GO,Esportes,tapete,1,255.31,0,cancelado,aplicativo
28,2026-04-20 06:02:00,1713,SC,Esportes,tapete,2,292.95,0,pago,marketplace
29,2026-04-15 06:32:00,1058,SP,Papelaria,caderno,5,720.41,10,enviado,site
30,2026-04-09 10:58:00,1070,RJ,Papelaria,caderno,2,611.63,10,enviado,marketplace
31,2026-04-29 04:31:00,1083,GO,Papelaria,caderno,5,852.19,0,entregue,site
32,2026-04-13 02:07:00,1405,MG,Livros,livro técnico,3,691.26,0,pago,aplicativo
33,2026-04-05 13:12:00,1075,PR,Papelaria,agenda,5,405.15,0,pago,site
34,2026-04-08 04:18:00,1448,PE,Livros,romance,5,1475.94,15,pago,marketplace
35,2026-04-05 17:08:00,1961,MG,Papelaria,caneta,3,181.99,0,enviado,aplicativo
36,2026-04-10 14:03:00,1734,BA,Livros,biografia,2,1034.37,0,cancelado,aplicativo
37,2026-04-29 20:48:00,1433,PE,Eletrônicos,fone,1,15.28,0,entregue,site
38,2026-04-20 11:08:00,1574,SP,Esportes,mochila,1,122.11,15,enviado,marketplace
39,2026-04-27 12:15:00,1565,MG,Eletrônicos,teclado,4,199.89,0,entregue,site
40,2026-04-12 08:33:00,1682,RJ,Livros,livro técnico,3,1172.37,5,enviado,site
41,2026-04-19 18:20:00,1025,MG,Casa,luminária,3,1175.76,5,enviado,aplicativo
42,2026-04-05 22:04:00,1391,SP,Casa,cafeteira,4,341.43,5,entregue,aplicativo
43,2026-04-02 01:50:00,1675,PR,Casa,luminária,4,499.11,0,entregue,aplicativo
44,2026-04-25 09:41:00,1339,SP,Papelaria,caneta,1,1316.79,0,enviado,marketplace
45,2026-04-05 22:24:00,1610,GO,Livros,livro técnico,3,1095.53,0,cancelado,marketplace
46,2026-04-18 12:44:00,1921,PR,Papelaria,caderno,3,76.14,5,pago,marketplace
47,2026-04-09 23:12:00,1372,GO,Papelaria,agenda,1,1423.82,0,entregue,marketplace
48,2026-04-14 16:01:00,1519,PE,Eletrônicos,mouse,4,496.01,15,entregue,marketplace
49,2026-04-20 03:14:00,1680,GO,Casa,luminária,2,927.12,0,cancelado,marketplace
50,2026-04-14 01:23:00,1215,GO,Eletrônicos,teclado,5,913.93,0,cancelado,aplicativo
51,2026-04-10 17:25:00,1523,SC,Esportes,mochila,2,991.69,0,entregue,site
52,2026-04-15 03:03:00,1230,PR,Casa,cafeteira,2,46.39,0,cancelado,marketplace
53,2026-04-19 20:40:00,1907,PR,Eletrônicos,teclado,4,746.62,0,enviado,marketplace
54,2026-04-20 08:22:00,1224,MG,Eletrônicos,fone,5,702.18,10,enviado,site
55,2026-04-22 03:30:00,1683,BA,Esportes,garrafa,4,922.85,15,cancelado,marketplace
56,2026-04-22 14:28:00,1460,PE,Esportes,garrafa,2,1261.4,0,cancelado,marketplace
57,2026-04-21 00:27:00,1079,PE,Casa,organizador,2,414.86,0,pago,site
58,2026-04-18 10:22:00,1710,MG,Casa,luminária,2,105.7,5,entregue,marketplace
59,2026-04-03 20:00:00,1211,GO,Esportes,tapete,4,1358.21,10,pago,marketplace
60,2026-04-01 06:26:00,1965,BA,Esportes,tapete,3,1132.68,5,enviado,aplicativo
61,2026-04-20 20:02:00,1497,SP,Casa,organizador,4,510.83,15,cancelado,marketplace
62,2026-04-06 19:24:00,1637,SP,Casa,organizador,4,891.92,15,pago,site
63,2026-04-22 00:17:00,1186,SP,Esportes,garrafa,3,574.86,0,cancelado,aplicativo
64,2026-04-13 15:55:00,1770,GO,Livros,romance,3,1254.02,5,pago,marketplace
65,2026-04-16 22:15:00,1229,RJ,Papelaria,caderno,1,1133.81,0,enviado,site
66,2026-04-11 20:33:00,1129,SC,Papelaria,caderno,1,850.31,0,cancelado,marketplace
67,2026-04-08 15:16:00,1620,RJ,Livros,romance,2,1447.43,0,pago,aplicativo
68,2026-04-18 01:56:00,1406,PR,Papelaria,agenda,1,892.23,15,enviado,site
69,2026-04-28 07:48:00,1824,RJ,Livros,biografia,5,1176.13,0,cancelado,marketplace
70,2026-04-24 00:38:00,1663,BA,Livros,livro técnico,1,1275.87,5,pago,aplicativo
71,2026-04-21 22:09:00,1724,MG,Livros,biografia,4,272.44,10,entregue,marketplace
72,2026-04-22 03:45:00,1446,PE,Papelaria,caneta,3,1279.05,0,entregue,aplicativo
73,2026-04-26 22:25:00,1624,GO,Casa,organizador,3,52.76,0,enviado,aplicativo
74,2026-04-12 18:11:00,1348,PE,Casa,organizador,5,1054.76,0,pago,marketplace
75,2026-04-11 23:37:00,1737,GO,Casa,luminária,4,837.21,0,cancelado,marketplace
76,2026-04-01 18:50:00,1095,PE,Esportes,tapete,2,612.56,0,entregue,marketplace
77,2026-04-22 12:55:00,1566,BA,Papelaria,caneta,4,1494.98,10,entregue,aplicativo
78,2026-04-14 22:54:00,1257,PR,Esportes,tapete,1,1084.71,0,pago,marketplace
79,2026-04-09 10:13:00,1196,PR,Papelaria,agenda,4,421.98,10,entregue,site
80,2026-04-11 08:28:00,1369,MG,Casa,organizador,3,31.08,10,enviado,aplicativo
81,2026-04-26 04:24:00,1299,MG,Eletrônicos,fone,4,162.86,0,entregue,aplicativo
82,2026-04-16 12:08:00,1188,SP,Esportes,tapete,3,1412.18,5,pago,site
83,2026-04-04 08:55:00,1590,SP,Esportes,tapete,2,232.3,10,entregue,site
84,2026-04-26 09:33:00,1782,GO,Casa,luminária,5,898.23,10,enviado,marketplace
85,2026-04-21 03:34:00,1304,GO,Esportes,tapete,3,857.26,0,pago,site
86,2026-04-04 16:40:00,1160,PR,Casa,organizador,2,832.47,0,pago,aplicativo
87,2026-04-28 00:36:00,1481,PE,Esportes,mochila,1,354.9,15,entregue,marketplace
88,2026-04-11 14:57:00,1946,PE,Esportes,garrafa,5,995.16,0,cancelado,site
89,2026-04-30 11:23:00,1152,PE,Papelaria,caderno,2,116.4,0,entregue,marketplace
90,2026-04-20 23:40:00,1127,SC,Papelaria,caneta,3,1052.6,0,cancelado,aplicativo
91,2026-04-02 19:32:00,1910,GO,Eletrônicos,mouse,3,909.53,0,pago,site
92,2026-04-01 22:39:00,1783,PE,Papelaria,agenda,5,69.95,0,cancelado,marketplace
93,2026-04-09 06:14:00,1599,GO,Esportes,tapete,4,1453.89,5,entregue,aplicativo
94,2026-04-05 18:15:00,1878,MG,Livros,romance,3,623.35,5,entregue,marketplace
95,2026-04-02 16:04:00,1465,RJ,Esportes,mochila,3,386.07,0,cancelado,marketplace
96,2026-04-25 16:39:00,1473,GO,Eletrônicos,mouse,1,289.5,0,cancelado,marketplace
97,2026-04-10 06:20:00,1273,MG,Esportes,garrafa,3,662.79,15,cancelado,site
98,2026-04-28 17:03:00,1818,PR,Eletrônicos,mouse,2,473.02,0,cancelado,site
99,2026-04-22 00:01:00,1969,RJ,Casa,luminária,2,752.58,15,entregue,marketplace
100,2026-04-22 23:01:00,1483,PR,Livros,romance,4,831.38,5,enviado,marketplace
101,2026-04-07 05:06:00,1884,RJ,Papelaria,agenda,3,1161.29,5,entregue,marketplace
102,2026-04-13 20:56:00,1743,PE,Livros,livro técnico,5,874.09,15,cancelado,site
103,2026-04-23 01:01:00,1353,BA,Esportes,mochila,5,1146.68,5,cancelado,aplicativo
104,2026-04-11 20:50:00,1585,GO,Casa,cafeteira,2,1285.46,5,pago,aplicativo
105,2026-04-18 08:24:00,1395,MG,Esportes,mochila,4,1447.59,0,entregue,site
106,2026-04-24 22:28:00,1932,SC,Esportes,garrafa,1,1086.44,5,enviado,site
107,2026-04-16 09:47:00,1638,GO,Esportes,tapete,1,1279.13,15,cancelado,aplicativo
108,2026-04-02 15:12:00,1632,RJ,Esportes,mochila,2,950.43,0,enviado,marketplace
109,2026-04-05 11:31:00,1778,RJ,Eletrônicos,teclado,4,257.88,0,pago,site
110,2026-04-14 08:26:00,1367,BA,Livros,livro técnico,4,226.9,10,cancelado,marketplace
111,2026-04-08 23:13:00,1080,GO,Casa,luminária,5,1027.87,5,enviado,site
112,2026-04-12 13:24:00,1470,PE,Esportes,mochila,1,1349.37,5,entregue,marketplace
113,2026-04-04 08:40:00,1452,BA,Papelaria,caderno,5,455.74,5,entregue,aplicativo
114,2026-04-18 12:11:00,1873,SC,Livros,livro técnico,1,363.44,10,entregue,marketplace
115,2026-04-14 10:28:00,1022,GO,Livros,biografia,3,22.07,15,pago,marketplace
116,2026-04-11 11:21:00,1621,BA,Esportes,tapete,2,958.56,10,entregue,marketplace
117,2026-04-05 10:07:00,1925,SP,Casa,cafeteira,3,1185.03,0,entregue,marketplace
118,2026-04-14 10:20:00,1334,GO,Casa,luminária,2,309.18,10,entregue,marketplace
119,2026-04-08 11:43:00,1263,SC,Papelaria,caneta,3,1122.37,0,pago,aplicativo
120,2026-04-11 06:25:00,1880,GO,Eletrônicos,fone,5,555.0,5,pago,aplicativo
121,2026-04-21 16:44:00,1377,PE,Papelaria,caderno,5,577.73,15,entregue,site
122,2026-04-02 03:20:00,1634,BA,Casa,organizador,5,339.84,0,cancelado,marketplace
123,2026-04-19 13:58:00,1119,MG,Livros,biografia,1,1419.93,0,cancelado,site
124,2026-04-25 11:08:00,1138,GO,Eletrônicos,fone,4,562.81,15,cancelado,marketplace
125,2026-04-30 19:20:00,1101,SC,Casa,organizador,5,618.09,0,pago,marketplace
126,2026-04-21 04:17:00,1455,PR,Livros,livro técnico,3,158.04,15,entregue,marketplace
127,2026-04-19 02:52:00,1282,PR,Livros,livro técnico,1,1424.03,5,pago,marketplace
128,2026-04-30 02:29:00,1611,SP,Casa,cafeteira,1,1182.32,0,enviado,marketplace
129,2026-04-26 05:20:00,1212,PR,Casa,luminária,2,499.55,0,pago,aplicativo
130,2026-04-25 14:03:00,1256,MG,Casa,luminária,1,994.98,0,enviado,site
131,2026-04-27 19:11:00,1331,SP,Livros,livro técnico,2,405.4,0,cancelado,marketplace
132,2026-04-03 21:25:00,1487,SC,Eletrônicos,mouse,3,774.72,0,cancelado,marketplace
133,2026-04-02 23:21:00,1744,PE,Casa,cafeteira,4,968.58,0,pago,aplicativo
134,2026-04-05 21:55:00,1502,SC,Esportes,tapete,1,1349.91,0,enviado,site
135,2026-04-29 09:55:00,1648,BA,Casa,organizador,4,1492.0,10,entregue,aplicativo
136,2026-04-20 13:53:00,1101,RJ,Papelaria,agenda,5,1084.05,0,cancelado,aplicativo
137,2026-04-16 10:12:00,1847,SC,Casa,organizador,4,629.82,0,entregue,aplicativo
138,2026-04-12 14:24:00,1383,MG,Livros,biografia,4,110.03,0,pago,aplicativo
139,2026-04-17 23:01:00,1831,MG,Eletrônicos,mouse,5,99.37,10,entregue,marketplace
140,2026-04-17 02:13:00,1894,GO,Eletrônicos,teclado,1,1452.91,10,entregue,aplicativo
141,2026-04-24 02:13:00,1217,MG,Eletrônicos,mouse,4,344.12,0,entregue,marketplace
142,2026-04-13 16:16:00,1587,PR,Livros,livro técnico,4,1269.28,10,pago,marketplace
143,2026-04-09 05:03:00,1279,PE,Livros,livro técnico,3,533.02,0,enviado,marketplace
144,2026-04-07 10:57:00,1758,SP,Esportes,garrafa,1,1121.71,0,cancelado,aplicativo
145,2026-04-08 03:55:00,1378,PE,Esportes,tapete,3,1167.49,10,pago,site
146,2026-04-29 02:50:00,1050,RJ,Casa,luminária,3,670.24,5,cancelado,marketplace
147,2026-04-13 10:22:00,1220,RJ,Esportes,tapete,3,650.57,0,cancelado,marketplace
148,2026-04-11 00:51:00,1404,SP,Livros,livro técnico,1,314.59,0,enviado,aplicativo
149,2026-04-06 11:03:00,1007,SC,Livros,romance,4,271.79,5,enviado,marketplace
150,2026-04-17 02:50:00,1073,GO,Papelaria,agenda,1,659.97,5,pago,aplicativo
151,2026-04-27 02:18:00,1414,GO,Papelaria,caneta,3,181.61,0,entregue,site
152,2026-04-17 11:14:00,1090,GO,Papelaria,caneta,1,372.54,10,cancelado,marketplace
153,2026-04-15 02:54:00,1763,BA,Eletrônicos,teclado,2,506.27,0,pago,marketplace
154,2026-04-24 05:00:00,1198,BA,Eletrônicos,mouse,3,1093.79,15,enviado,site
155,2026-04-12 15:35:00,1202,MG,Eletrônicos,fone,5,237.78,15,pago,site
156,2026-04-26 15:44:00,1778,SC,Esportes,tapete,5,968.06,10,entregue,marketplace
157,2026-04-21 00:20:00,1069,SC,Livros,livro técnico,4,950.76,0,pago,aplicativo
158,2026-04-15 03:02:00,1472,SC,Papelaria,caderno,1,94.77,0,pago,marketplace
159,2026-04-28 00:53:00,1519,GO,Eletrônicos,mouse,4,874.69,15,pago,aplicativo
160,2026-04-09 13:36:00,1329,SC,Papelaria,agenda,5,234.78,0,cancelado,site
161,2026-04-04 20:06:00,1516,MG,Livros,biografia,1,379.14,5,cancelado,marketplace
162,2026-04-08 05:23:00,1372,BA,Papelaria,agenda,3,587.25,0,pago,marketplace
163,2026-04-16 00:06:00,1096,GO,Livros,livro técnico,3,385.47,15,enviado,aplicativo
164,2026-04-07 10:28:00,1938,BA,Eletrônicos,mouse,3,1451.87,15,cancelado,site
165,2026-04-04 20:32:00,1317,GO,Papelaria,agenda,3,1221.65,15,pago,marketplace
166,2026-04-17 11:12:00,1018,BA,Esportes,mochila,3,278.59,0,entregue,aplicativo
167,2026-04-07 06:15:00,1158,RJ,Casa,luminária,3,1268.2,0,pago,marketplace
168,2026-04-06 23:08:00,1611,GO,Livros,biografia,2,251.75,15,enviado,marketplace
169,2026-04-19 16:46:00,1373,PR,Esportes,garrafa,4,919.79,15,cancelado,site
170,2026-04-15 02:01:00,1988,SC,Papelaria,caderno,2,558.08,10,cancelado,aplicativo
171,2026-04-23 21:18:00,1540,GO,Livros,romance,2,1227.17,10,enviado,aplicativo
172,2026-04-22 20:55:00,1895,BA,Eletrônicos,mouse,5,1402.1,15,pago,aplicativo
173,2026-04-13 09:57:00,1460,MG,Eletrônicos,fone,4,146.65,0,cancelado,aplicativo
174,2026-04-03 10:10:00,1405,BA,Eletrônicos,teclado,2,585.39,0,entregue,site
175,2026-04-05 12:13:00,1859,BA,Eletrônicos,teclado,2,215.02,0,cancelado,marketplace
176,2026-04-22 08:23:00,1459,SP,Casa,cafeteira,1,38.32,0,enviado,marketplace
177,2026-04-20 06:18:00,1113,PE,Papelaria,agenda,2,458.72,0,enviado,aplicativo
178,2026-04-03 20:36:00,1113,SC,Papelaria,caneta,5,808.72,15,enviado,marketplace
179,2026-04-20 12:50:00,1001,BA,Casa,organizador,2,860.29,0,pago,marketplace
180,2026-04-24 22:35:00,1557,SP,Livros,livro técnico,4,1311.26,0,cancelado,aplicativo
181,2026-04-01 17:44:00,1365,RJ,Livros,biografia,3,369.28,15,pago,marketplace
182,2026-04-03 00:25:00,1360,BA,Livros,livro técnico,2,1247.27,15,cancelado,marketplace
183,2026-04-09 07:05:00,1830,MG,Esportes,mochila,1,1076.91,5,pago,aplicativo
184,2026-04-10 01:52:00,1907,SP,Casa,luminária,3,1400.72,10,cancelado,marketplace
185,2026-04-02 15:59:00,1771,PR,Esportes,tapete,3,541.89,0,entregue,aplicativo
186,2026-04-20 21:16:00,1910,GO,Eletrônicos,teclado,4,1343.01,5,entregue,site
187,2026-04-23 15:25:00,1376,PE,Esportes,mochila,1,1093.35,0,cancelado,marketplace
188,2026-04-14 08:52:00,1328,RJ,Casa,cafeteira,1,498.6,0,entregue,aplicativo
189,2026-04-20 09:25:00,1170,SC,Papelaria,agenda,3,676.22,15,entregue,marketplace
190,2026-04-30 02:28:00,1810,SP,Esportes,tapete,1,1010.06,5,entregue,marketplace
191,2026-04-07 11:57:00,1869,SC,Casa,luminária,1,198.08,0,entregue,aplicativo
192,2026-04-02 11:22:00,1619,MG,Esportes,mochila,4,1423.75,0,cancelado,site
193,2026-04-25 02:18:00,1375,GO,Papelaria,caderno,3,977.85,0,pago,site
194,2026-04-24 13:30:00,1396,RJ,Casa,organizador,3,1164.7,15,cancelado,site
195,2026-04-23 08:31:00,1204,RJ,Papelaria,caneta,2,1280.71,5,enviado,marketplace
196,2026-04-15 13:04:00,1683,BA,Esportes,garrafa,1,829.5,0,entregue,site
197,2026-04-24 03:41:00,1229,RJ,Casa,organizador,2,1190.18,0,cancelado,site
198,2026-04-27 01:04:00,1377,SC,Livros,biografia,5,203.36,0,pago,aplicativo
199,2026-04-22 18:49:00,1538,GO,Esportes,mochila,4,1236.78,0,enviado,aplicativo
200,2026-04-22 04:48:00,1696,BA,Eletrônicos,teclado,2,1318.16,10,enviado,site
201,2026-04-03 12:31:00,1851,RJ,Esportes,mochila,5,237.99,0,enviado,aplicativo
202,2026-04-24 14:46:00,1916,PE,Casa,organizador,1,383.4,15,entregue,site
203,2026-04-25 06:42:00,1095,MG,Livros,biografia,5,1412.99,0,enviado,marketplace
204,2026-04-28 12:58:00,1345,SP,Papelaria,agenda,1,131.02,15,entregue,marketplace
205,2026-04-19 23:01:00,1632,SP,Casa,cafeteira,4,1334.61,10,entregue,marketplace
206,2026-04-12 03:28:00,1824,GO,Livros,romance,3,685.78,15,pago,site
207,2026-04-23 00:55:00,1475,PR,Esportes,tapete,3,913.92,0,entregue,marketplace
208,2026-04-06 22:49:00,1778,BA,Livros,romance,5,846.86,0,enviado,aplicativo
209,2026-04-21 11:04:00,1253,MG,Eletrônicos,teclado,1,85.4,5,cancelado,site
210,2026-04-27 06:59:00,1738,BA,Casa,organizador,2,1147.05,5,cancelado,aplicativo
211,2026-04-02 01:18:00,1092,GO,Livros,romance,5,691.27,0,enviado,marketplace
212,2026-04-03 07:12:00,1288,SC,Livros,livro técnico,5,1324.69,15,cancelado,aplicativo
213,2026-04-05 21:24:00,1441,MG,Papelaria,caderno,3,1093.99,5,entregue,site
214,2026-04-26 22:53:00,1575,PR,Esportes,garrafa,3,834.3,0,cancelado,marketplace
215,2026-04-13 17:31:00,1845,RJ,Esportes,mochila,2,1462.87,5,entregue,aplicativo
216,2026-04-07 13:34:00,1203,GO,Papelaria,caneta,5,69.98,0,enviado,marketplace
217,2026-04-24 15:14:00,1467,MG,Livros,romance,5,1340.77,0,entregue,marketplace
218,2026-04-18 21:12:00,1631,PE,Livros,livro técnico,5,511.2,10,cancelado,marketplace
219,2026-04-22 14:42:00,1835,SP,Papelaria,caneta,3,503.55,0,cancelado,marketplace
220,2026-04-29 15:19:00,1027,SC,Livros,biografia,3,1450.94,10,enviado,marketplace
221,2026-04-22 20:46:00,1174,GO,Eletrônicos,mouse,2,1234.28,0,pago,marketplace
222,2026-04-01 20:41:00,1451,BA,Eletrônicos,fone,4,235.63,15,enviado,aplicativo
223,2026-04-22 11:07:00,1893,SP,Papelaria,agenda,2,782.84,10,entregue,marketplace
224,2026-04-18 03:35:00,1321,MG,Esportes,mochila,4,1369.06,0,entregue,marketplace
225,2026-04-23 00:51:00,1196,PR,Livros,biografia,3,841.55,0,entregue,aplicativo
226,2026-04-23 06:07:00,1324,SC,Casa,cafeteira,3,845.13,15,entregue,aplicativo
227,2026-04-25 17:18:00,1388,GO,Eletrônicos,mouse,3,1432.37,0,entregue,site
228,2026-04-04 14:19:00,1354,SC,Livros,biografia,3,1123.53,0,enviado,marketplace
229,2026-04-13 08:40:00,1140,RJ,Livros,biografia,5,1113.93,0,enviado,site
230,2026-04-30 00:48:00,1238,SP,Papelaria,caderno,1,625.82,15,cancelado,site
231,2026-04-26 01:07:00,1951,MG,Casa,luminária,4,982.81,5,cancelado,marketplace
232,2026-04-15 14:48:00,1292,SP,Casa,organizador,1,981.93,0,pago,site
233,2026-04-02 15:41:00,1856,GO,Esportes,garrafa,4,287.6,15,entregue,site
234,2026-04-26 20:21:00,1617,RJ,Eletrônicos,teclado,3,434.0,15,cancelado,site
235,2026-04-13 10:00:00,1197,RJ,Papelaria,caneta,3,252.12,5,entregue,marketplace
236,2026-04-16 08:12:00,1809,PE,Casa,luminária,5,1014.86,0,enviado,marketplace
237,2026-04-24 10:49:00,1335,RJ,Esportes,tapete,4,1007.19,0,enviado,aplicativo
238,2026-04-01 07:27:00,1267,GO,Livros,livro técnico,2,675.64,0,entregue,aplicativo
239,2026-04-27 01:44:00,1011,PE,Papelaria,agenda,3,1042.23,0,pago,aplicativo
240,2026-04-19 10:49:00,1702,PE,Livros,livro técnico,1,961.68,0,entregue,marketplace
241,2026-04-07 01:53:00,1489,MG,Casa,luminária,4,1124.12,10,entregue,aplicativo
242,2026-04-25 11:06:00,1821,PR,Papelaria,caneta,2,1023.71,10,pago,marketplace
243,2026-04-17 11:09:00,1079,RJ,Esportes,mochila,1,1244.87,10,enviado,marketplace
244,2026-04-08 11:43:00,1335,SC,Papelaria,caderno,1,1023.64,15,cancelado,site
245,2026-04-03 12:46:00,1464,MG,Papelaria,caneta,5,628.98,10,pago,marketplace
246,2026-04-15 00:36:00,1740,SP,Esportes,mochila,4,389.14,0,enviado,marketplace
247,2026-04-20 06:47:00,1352,RJ,Eletrônicos,fone,5,1491.24,0,cancelado,site
248,2026-04-09 04:35:00,1787,MG,Livros,romance,4,567.95,5,cancelado,aplicativo
249,2026-04-25 13:03:00,1136,BA,Esportes,garrafa,1,275.93,10,cancelado,marketplace
250,2026-04-11 03:14:00,1854,SP,Casa,cafeteira,1,1467.95,5,cancelado,marketplace
251,2026-04-12 06:20:00,1471,BA,Esportes,garrafa,2,420.72,15,pago,site
252,2026-04-01 17:05:00,1246,PR,Esportes,mochila,1,160.34,0,cancelado,marketplace
253,2026-04-03 00:19:00,1411,SC,Eletrônicos,fone,2,814.24,0,enviado,marketplace
254,2026-04-27 05:15:00,1326,BA,Livros,livro técnico,2,459.63,0,enviado,aplicativo
255,2026-04-03 18:34:00,1570,MG,Livros,romance,4,838.22,0,entregue,marketplace
256,2026-04-15 12:08:00,1713,GO,Esportes,mochila,4,232.33,5,enviado,marketplace
257,2026-04-11 06:08:00,1307,MG,Esportes,garrafa,4,1372.96,10,cancelado,aplicativo
258,2026-04-07 02:27:00,1397,PR,Papelaria,agenda,3,312.97,15,pago,aplicativo
259,2026-04-25 09:03:00,1741,PR,Livros,livro técnico,1,410.01,15,pago,site
260,2026-04-26 10:24:00,1222,SC,Casa,cafeteira,2,1305.52,0,entregue,site
261,2026-04-06 08:08:00,1764,SC,Casa,luminária,2,1046.48,15,enviado,aplicativo
262,2026-04-15 15:17:00,1794,PE,Casa,cafeteira,4,704.71,15,entregue,aplicativo
263,2026-04-24 08:07:00,1903,SC,Livros,romance,4,156.93,15,cancelado,aplicativo
264,2026-04-15 05:47:00,1423,SP,Casa,organizador,5,1297.49,15,enviado,site
265,2026-04-27 13:55:00,1593,GO,Livros,biografia,3,237.09,0,enviado,aplicativo
266,2026-04-23 17:22:00,1563,BA,Papelaria,caderno,3,1147.41,5,cancelado,aplicativo
267,2026-04-17 00:40:00,1173,MG,Casa,cafeteira,5,737.59,10,pago,marketplace
268,2026-04-03 04:59:00,1782,SP,Eletrônicos,fone,4,214.86,15,enviado,site
269,2026-04-10 22:54:00,1517,SC,Casa,luminária,3,100.07,15,cancelado,marketplace
270,2026-04-01 07:13:00,1544,GO,Esportes,garrafa,1,34.92,15,entregue,marketplace
271,2026-04-23 20:33:00,1832,GO,Livros,livro técnico,2,169.45,0,enviado,site
272,2026-04-24 23:01:00,1258,BA,Casa,cafeteira,3,1194.46,0,entregue,aplicativo
273,2026-04-12 01:38:00,1713,PR,Esportes,mochila,3,1029.22,0,pago,site
274,2026-04-18 03:58:00,1565,SC,Esportes,tapete,1,958.75,15,enviado,site
275,2026-04-30 08:24:00,1803,BA,Esportes,tapete,5,1466.22,0,pago,site
276,2026-04-26 19:04:00,1486,PE,Casa,cafeteira,1,1387.0,15,entregue,marketplace
277,2026-04-02 11:56:00,1183,BA,Papelaria,agenda,1,1442.59,10,enviado,marketplace
278,2026-04-14 14:53:00,1166,PR,Esportes,garrafa,5,1253.63,5,entregue,aplicativo
279,2026-04-04 13:39:00,1512,BA,Casa,cafeteira,1,155.55,0,pago,aplicativo
280,2026-04-28 02:33:00,1406,BA,Papelaria,agenda,1,954.84,5,cancelado,site
281,2026-04-18 02:03:00,1442,MG,Livros,biografia,5,994.4,0,entregue,site
282,2026-04-13 04:41:00,1157,GO,Eletrônicos,fone,2,1112.09,0,entregue,site
283,2026-04-15 00:42:00,1455,BA,Eletrônicos,fone,3,162.32,0,enviado,aplicativo
284,2026-04-26 05:55:00,1524,GO,Esportes,mochila,1,49.13,0,pago,marketplace
285,2026-04-18 12:46:00,1012,PE,Papelaria,caneta,4,587.82,0,enviado,marketplace
286,2026-04-18 07:51:00,1173,MG,Papelaria,caderno,3,458.69,5,enviado,site
287,2026-04-13 13:25:00,1431,PE,Casa,organizador,4,1176.17,0,entregue,site
288,2026-04-29 01:34:00,1200,SC,Esportes,mochila,1,211.88,0,cancelado,aplicativo
289,2026-04-15 23:56:00,1450,BA,Papelaria,caneta,4,1225.06,15,enviado,aplicativo
290,2026-04-10 03:23:00,1490,BA,Livros,biografia,2,1447.22,0,entregue,marketplace
291,2026-04-12 00:47:00,1333,GO,Esportes,mochila,3,1226.58,5,entregue,site
292,2026-04-27 22:52:00,1558,MG,Papelaria,caderno,5,50.11,15,cancelado,marketplace
293,2026-04-14 06:12:00,1851,RJ,Casa,organizador,4,1012.74,0,entregue,site
294,2026-04-08 00:21:00,1732,GO,Livros,biografia,4,120.21,10,cancelado,marketplace
295,2026-04-24 01:21:00,1945,GO,Esportes,mochila,5,64.78,0,pago,site
296,2026-04-17 03:45:00,1170,SP,Casa,cafeteira,5,1475.58,15,cancelado,aplicativo
297,2026-04-01 11:31:00,1100,PE,Esportes,garrafa,2,770.91,10,enviado,aplicativo
298,2026-04-22 01:47:00,1790,MG,Livros,romance,3,1496.58,5,pago,aplicativo
299,2026-04-06 06:46:00,1851,MG,Esportes,garrafa,3,474.72,5,enviado,marketplace
300,2026-04-22 16:05:00,1099,SC,Esportes,tapete,4,485.18,0,pago,marketplace
301,2026-04-16 14:43:00,1663,RJ,Eletrônicos,fone,2,1395.58,15,enviado,marketplace
302,2026-04-08 06:54:00,1338,GO,Casa,cafeteira,4,355.46,5,enviado,site
303,2026-04-02 07:53:00,1755,PR,Esportes,tapete,4,892.38,5,pago,marketplace
304,2026-04-13 16:01:00,1770,RJ,Casa,luminária,5,161.61,10,enviado,aplicativo
305,2026-04-21 19:46:00,1116,PE,Livros,livro técnico,4,796.3,15,entregue,marketplace
306,2026-04-18 20:45:00,1601,RJ,Esportes,mochila,3,534.46,5,enviado,marketplace
307,2026-04-27 20:37:00,1086,MG,Livros,biografia,3,185.61,0,pago,site
308,2026-04-07 10:24:00,1523,GO,Livros,biografia,4,898.67,10,cancelado,aplicativo
309,2026-04-29 22:08:00,1550,MG,Casa,organizador,5,258.63,0,enviado,site
310,2026-04-29 04:33:00,1054,BA,Livros,romance,1,732.07,0,cancelado,marketplace
311,2026-04-23 12:38:00,1418,SC,Papelaria,agenda,4,1068.11,5,cancelado,site
312,2026-04-02 09:42:00,1814,PR,Eletrônicos,mouse,3,58.72,0,entregue,site
313,2026-04-23 13:00:00,1562,RJ,Esportes,mochila,5,180.17,10,entregue,marketplace
314,2026-04-21 02:05:00,1559,PR,Eletrônicos,mouse,4,162.6,15,enviado,aplicativo
315,2026-04-12 23:03:00,1356,RJ,Eletrônicos,teclado,4,1299.28,0,enviado,site
316,2026-04-16 22:58:00,1881,GO,Papelaria,agenda,2,928.07,0,enviado,site
317,2026-04-25 05:23:00,1287,MG,Papelaria,caneta,3,1468.71,0,entregue,marketplace
318,2026-04-05 08:00:00,1138,GO,Livros,biografia,1,1488.8,15,enviado,marketplace
319,2026-04-07 15:44:00,1728,BA,Casa,luminária,2,1144.6,15,cancelado,aplicativo
320,2026-04-29 18:45:00,1275,GO,Casa,cafeteira,4,683.47,15,pago,aplicativo
321,2026-04-13 15:53:00,1711,BA,Papelaria,agenda,4,1425.88,0,pago,marketplace
322,2026-04-21 20:44:00,1650,BA,Eletrônicos,mouse,1,1195.56,5,enviado,aplicativo
323,2026-04-13 05:18:00,1330,PE,Casa,organizador,3,825.49,0,cancelado,aplicativo
324,2026-04-05 12:45:00,1641,SC,Eletrônicos,fone,1,195.11,0,cancelado,aplicativo
325,2026-04-10 04:59:00,1705,MG,Eletrônicos,teclado,3,246.88,0,pago,marketplace
326,2026-04-04 18:01:00,1380,MG,Livros,romance,1,600.55,0,enviado,aplicativo
327,2026-04-05 07:57:00,1001,PR,Eletrônicos,mouse,4,126.13,10,enviado,marketplace
328,2026-04-01 08:48:00,1712,BA,Esportes,garrafa,1,1482.35,5,enviado,aplicativo
329,2026-04-18 10:24:00,1091,RJ,Eletrônicos,fone,1,476.89,0,enviado,aplicativo
330,2026-04-07 12:02:00,1070,SP,Casa,cafeteira,5,978.53,5,entregue,marketplace
331,2026-04-07 21:20:00,1941,GO,Casa,cafeteira,5,1032.98,0,pago,site
332,2026-04-27 19:58:00,1747,GO,Casa,luminária,3,1445.24,0,enviado,site
333,2026-04-04 20:01:00,1254,PE,Livros,biografia,1,1273.36,15,entregue,site
334,2026-04-24 04:32:00,1193,GO,Papelaria,agenda,3,972.79,0,cancelado,aplicativo
335,2026-04-23 17:40:00,1653,RJ,Eletrônicos,fone,5,1334.2,0,entregue,aplicativo
336,2026-04-26 20:49:00,1430,BA,Casa,organizador,5,1027.58,5,pago,site
337,2026-04-01 15:03:00,1268,PR,Papelaria,caderno,1,1384.64,5,entregue,marketplace
338,2026-04-20 06:39:00,1718,GO,Papelaria,caneta,1,964.4,10,enviado,aplicativo
339,2026-04-04 14:18:00,1523,PR,Eletrônicos,teclado,2,809.22,5,pago,aplicativo
340,2026-04-11 20:39:00,1059,PR,Esportes,mochila,1,1387.7,0,cancelado,marketplace
341,2026-04-15 01:49:00,1682,MG,Papelaria,caderno,1,28.87,0,pago,site
342,2026-04-24 19:15:00,1529,PE,Esportes,tapete,2,564.09,15,entregue,marketplace
343,2026-04-16 05:55:00,1826,GO,Eletrônicos,fone,3,790.54,0,pago,aplicativo
344,2026-04-17 09:21:00,1056,SC,Esportes,mochila,5,258.65,0,entregue,site
345,2026-04-06 05:58:00,1233,SP,Papelaria,agenda,1,1289.45,0,enviado,site
346,2026-04-18 10:18:00,1942,MG,Esportes,tapete,2,1397.43,0,cancelado,site
347,2026-04-19 22:39:00,1937,BA,Livros,livro técnico,3,1240.74,10,entregue,site
348,2026-04-03 09:31:00,1183,PR,Papelaria,agenda,5,1472.31,5,pago,aplicativo
349,2026-04-15 21:29:00,1088,SC,Livros,romance,1,559.69,0,entregue,marketplace
350,2026-04-22 02:43:00,1377,SC,Papelaria,caderno,2,1101.37,10,enviado,site
351,2026-04-02 02:06:00,1238,BA,Eletrônicos,teclado,1,1426.98,0,cancelado,marketplace
352,2026-04-10 08:07:00,1542,PR,Livros,livro técnico,4,743.12,0,enviado,marketplace
353,2026-04-02 23:57:00,1943,PR,Livros,livro técnico,5,625.45,0,cancelado,marketplace
354,2026-04-05 08:23:00,1517,MG,Eletrônicos,mouse,4,121.5,10,pago,aplicativo
355,2026-04-14 06:35:00,1267,BA,Casa,luminária,4,1054.08,15,entregue,aplicativo
356,2026-04-11 15:09:00,1076,PR,Esportes,tapete,2,1172.11,10,pago,site
357,2026-04-21 11:02:00,1477,BA,Eletrônicos,fone,4,189.9,0,enviado,aplicativo
358,2026-04-13 01:27:00,1872,RJ,Livros,romance,1,244.85,15,entregue,marketplace
359,2026-04-10 18:51:00,1855,BA,Papelaria,caderno,2,145.91,0,entregue,aplicativo
360,2026-04-14 14:24:00,1266,MG,Papelaria,caderno,1,1428.62,5,enviado,site
361,2026-04-07 08:41:00,1124,SP,Esportes,garrafa,1,1247.25,0,enviado,site
362,2026-04-29 16:27:00,1960,RJ,Esportes,tapete,5,883.32,0,pago,site
363,2026-04-21 04:20:00,1828,MG,Casa,cafeteira,1,1358.57,0,pago,site
364,2026-04-08 15:29:00,1946,GO,Esportes,garrafa,4,749.23,5,cancelado,site
365,2026-04-09 12:25:00,1281,PE,Livros,livro técnico,4,1326.3,0,enviado,marketplace
366,2026-04-19 18:00:00,1903,SC,Livros,romance,1,140.71,5,enviado,aplicativo
367,2026-04-24 22:19:00,1255,SP,Casa,cafeteira,4,1175.05,0,cancelado,marketplace
368,2026-04-26 17:50:00,1514,BA,Esportes,tapete,4,412.95,0,entregue,marketplace
369,2026-04-13 18:51:00,1059,SC,Casa,luminária,5,542.58,10,enviado,site
370,2026-04-30 21:28:00,1246,PE,Eletrônicos,fone,5,1226.26,15,pago,site
371,2026-04-17 03:32:00,1957,MG,Papelaria,caneta,2,362.46,0,entregue,marketplace
372,2026-04-17 00:07:00,1970,MG,Eletrônicos,mouse,5,1423.07,5,entregue,site
373,2026-04-05 02:35:00,1057,PR,Esportes,garrafa,5,336.03,10,cancelado,site
374,2026-04-10 04:03:00,1825,MG,Livros,biografia,3,1078.24,0,pago,site
375,2026-04-07 10:43:00,1792,RJ,Casa,cafeteira,5,1292.4,0,entregue,marketplace
376,2026-04-05 14:21:00,1344,PE,Esportes,mochila,3,213.31,0,cancelado,marketplace
377,2026-04-15 10:33:00,1178,BA,Esportes,mochila,2,1001.64,0,cancelado,aplicativo
378,2026-04-09 02:06:00,1746,SP,Livros,livro técnico,5,593.49,10,pago,site
379,2026-04-28 19:47:00,1226,RJ,Papelaria,caneta,4,219.56,15,pago,site
380,2026-04-08 15:22:00,1651,RJ,Livros,romance,3,675.48,0,enviado,site
381,2026-04-12 16:20:00,1805,RJ,Eletrônicos,teclado,1,81.74,5,cancelado,site
382,2026-04-18 05:39:00,1359,GO,Esportes,tapete,1,1244.92,10,enviado,site
383,2026-04-02 12:29:00,1301,SP,Esportes,garrafa,3,399.08,0,pago,aplicativo
384,2026-04-08 07:45:00,1749,RJ,Casa,organizador,5,1413.33,0,entregue,marketplace
385,2026-04-02 09:51:00,1441,MG,Papelaria,caneta,5,1335.73,0,pago,site
386,2026-04-09 15:30:00,1419,PE,Livros,livro técnico,3,453.13,0,pago,aplicativo
387,2026-04-23 08:14:00,1157,SP,Papelaria,agenda,3,15.69,0,entregue,marketplace
388,2026-04-10 02:05:00,1099,SP,Papelaria,caneta,2,264.54,0,pago,aplicativo
389,2026-04-19 02:08:00,1482,SC,Eletrônicos,teclado,3,145.79,10,cancelado,site
390,2026-04-17 19:29:00,1191,SC,Livros,romance,1,402.31,5,entregue,site
391,2026-04-03 19:19:00,1154,RJ,Livros,biografia,1,1005.53,10,cancelado,marketplace
392,2026-04-03 18:36:00,1860,GO,Casa,cafeteira,5,633.76,10,cancelado,marketplace
393,2026-04-14 14:25:00,1080,GO,Casa,organizador,1,758.13,10,enviado,site
394,2026-04-08 14:35:00,1995,PR,Esportes,garrafa,2,198.02,5,pago,marketplace
395,2026-04-29 13:05:00,1151,PE,Esportes,garrafa,3,1367.1,0,pago,aplicativo
396,2026-04-26 02:59:00,1333,PE,Papelaria,caneta,5,692.65,0,cancelado,site
397,2026-04-07 17:52:00,1580,RJ,Esportes,garrafa,1,848.4,0,entregue,marketplace
398,2026-04-13 00:30:00,1392,SC,Livros,romance,5,917.35,0,enviado,aplicativo
399,2026-04-29 03:17:00,1623,GO,Esportes,garrafa,1,599.73,0,enviado,site
400,2026-04-17 22:48:00,1020,BA,Esportes,tapete,3,473.31,5,pago,site
401,2026-04-21 03:59:00,1792,BA,Casa,organizador,3,1095.91,10,pago,site
402,2026-04-19 12:44:00,1758,SC,Esportes,garrafa,5,1302.11,0,enviado,site
403,2026-04-24 01:33:00,1413,MG,Livros,biografia,5,1320.21,0,enviado,site
404,2026-04-12 08:30:00,1033,SC,Casa,luminária,1,1377.87,15,enviado,aplicativo
405,2026-04-23 23:43:00,1406,RJ,Livros,romance,1,370.49,5,cancelado,site
406,2026-04-26 02:12:00,1358,BA,Esportes,mochila,2,1258.1,0,pago,aplicativo
407,2026-04-03 06:13:00,1166,PR,Eletrônicos,teclado,2,974.6,15,enviado,aplicativo
408,2026-04-01 21:54:00,1885,SP,Esportes,mochila,4,1368.16,15,enviado,marketplace
409,2026-04-12 11:40:00,1622,PE,Eletrônicos,fone,3,641.47,5,entregue,aplicativo
410,2026-04-22 05:45:00,1309,GO,Livros,livro técnico,5,162.45,10,entregue,marketplace
411,2026-04-13 20:45:00,1305,RJ,Papelaria,agenda,4,105.12,0,entregue,aplicativo
412,2026-04-30 15:34:00,1305,PR,Livros,biografia,2,780.77,0,pago,marketplace
413,2026-04-15 13:04:00,1697,MG,Esportes,mochila,1,986.55,0,entregue,aplicativo
414,2026-04-02 14:34:00,1597,PR,Esportes,tapete,3,1092.56,0,cancelado,marketplace
415,2026-04-14 15:53:00,1865,MG,Livros,biografia,5,279.89,0,cancelado,site
416,2026-04-26 10:36:00,1781,MG,Livros,biografia,3,985.11,0,entregue,site
417,2026-04-16 01:53:00,1380,PE,Livros,romance,5,448.14,0,cancelado,site
418,2026-04-29 05:55:00,1072,SC,Papelaria,agenda,2,755.71,15,cancelado,marketplace
419,2026-04-03 11:03:00,1891,MG,Livros,romance,2,1488.6,0,cancelado,marketplace
420,2026-04-15 09:34:00,1883,MG,Esportes,garrafa,1,736.5,15,enviado,aplicativo
421,2026-04-21 13:45:00,1280,PR,Eletrônicos,fone,2,868.66,0,cancelado,site
422,2026-04-20 17:43:00,1648,GO,Casa,cafeteira,4,649.25,5,cancelado,site
423,2026-04-10 01:48:00,1748,BA,Eletrônicos,mouse,1,1339.09,10,enviado,site
424,2026-04-12 07:46:00,1231,BA,Eletrônicos,mouse,3,202.11,5,entregue,site
425,2026-04-14 13:42:00,1971,PE,Eletrônicos,fone,4,1094.47,10,entregue,aplicativo
426,2026-04-23 07:24:00,1367,PR,Casa,organizador,2,1422.65,5,pago,site
427,2026-04-06 23:18:00,1216,SP,Casa,cafeteira,5,761.9,0,entregue,marketplace
428,2026-04-30 03:24:00,1261,SP,Eletrônicos,teclado,5,1492.07,15,pago,marketplace
429,2026-04-06 06:28:00,1426,SC,Eletrônicos,fone,4,194.16,0,cancelado,marketplace
430,2026-04-29 16:28:00,1009,PE,Casa,luminária,4,995.88,15,entregue,marketplace
431,2026-04-07 05:49:00,1428,RJ,Papelaria,agenda,5,1080.96,0,entregue,site
432,2026-04-10 00:58:00,1623,PR,Eletrônicos,teclado,3,1248.93,0,entregue,marketplace
433,2026-04-08 07:10:00,1040,SC,Esportes,tapete,2,1035.42,5,entregue,site
434,2026-04-05 01:12:00,1928,RJ,Eletrônicos,fone,5,1006.84,0,pago,marketplace
435,2026-04-05 14:38:00,1926,PE,Eletrônicos,mouse,2,690.56,0,entregue,aplicativo
436,2026-04-08 22:49:00,1895,SP,Eletrônicos,fone,3,546.72,15,entregue,aplicativo
437,2026-04-03 02:07:00,1009,MG,Eletrônicos,fone,2,499.7,5,entregue,marketplace
438,2026-04-16 14:20:00,1187,RJ,Eletrônicos,teclado,4,606.37,5,entregue,aplicativo
439,2026-04-30 12:42:00,1907,MG,Esportes,tapete,1,207.44,15,pago,site
440,2026-04-27 21:15:00,1494,SC,Eletrônicos,teclado,2,920.87,0,pago,marketplace
441,2026-04-23 05:09:00,1115,GO,Casa,organizador,4,78.5,0,entregue,site
442,2026-04-27 05:51:00,1741,PR,Papelaria,agenda,3,783.46,15,pago,aplicativo
443,2026-04-16 17:39:00,1679,GO,Casa,organizador,2,1260.16,10,pago,site
444,2026-04-22 08:35:00,1872,SC,Casa,cafeteira,2,121.55,5,entregue,site
445,2026-04-03 06:59:00,1519,PR,Livros,romance,5,968.54,5,enviado,site
446,2026-04-27 01:54:00,1458,RJ,Esportes,tapete,4,676.13,0,cancelado,marketplace
447,2026-04-19 08:39:00,1422,SP,Eletrônicos,fone,5,828.16,0,entregue,marketplace
448,2026-04-30 18:59:00,1687,SC,Papelaria,caderno,3,551.38,0,enviado,aplicativo
449,2026-04-29 04:56:00,1614,SC,Livros,biografia,3,1076.71,0,pago,marketplace
450,2026-04-16 12:51:00,1363,PE,Casa,luminária,5,787.76,15,pago,site
451,2026-04-07 09:24:00,1841,GO,Casa,organizador,1,388.89,0,enviado,site
452,2026-04-21 19:12:00,1844,PR,Esportes,garrafa,3,170.57,5,pago,marketplace
453,2026-04-21 12:04:00,1468,MG,Papelaria,caderno,4,16.46,15,pago,marketplace
454,2026-04-22 23:29:00,1946,MG,Esportes,mochila,5,268.74,0,pago,aplicativo
455,2026-04-15 15:32:00,1516,GO,Papelaria,agenda,4,1469.46,15,enviado,aplicativo
456,2026-04-14 09:18:00,1463,MG,Esportes,tapete,2,624.99,15,entregue,marketplace
457,2026-04-26 04:39:00,1647,PR,Papelaria,caneta,2,322.47,15,entregue,marketplace
458,2026-04-07 00:54:00,1727,MG,Livros,biografia,5,818.31,15,entregue,marketplace
459,2026-04-26 14:09:00,1491,GO,Eletrônicos,teclado,5,436.03,5,pago,marketplace
460,2026-04-18 08:00:00,1148,SP,Eletrônicos,fone,1,307.85,0,entregue,marketplace
461,2026-04-03 19:45:00,1707,PE,Livros,livro técnico,2,1132.85,0,entregue,aplicativo
462,2026-04-26 13:43:00,1885,PR,Eletrônicos,mouse,5,589.44,10,entregue,marketplace
463,2026-04-18 15:18:00,1426,BA,Eletrônicos,teclado,5,90.17,15,entregue,site
464,2026-04-11 06:21:00,1933,BA,Papelaria,caneta,5,824.46,10,enviado,marketplace
465,2026-04-21 10:13:00,1181,RJ,Casa,organizador,2,1444.09,15,pago,aplicativo
466,2026-04-13 16:51:00,1569,PE,Eletrônicos,teclado,2,249.78,0,pago,aplicativo
467,2026-04-08 01:05:00,1040,MG,Esportes,mochila,3,899.35,15,entregue,aplicativo
468,2026-04-17 07:07:00,1074,BA,Papelaria,agenda,5,337.74,0,pago,marketplace
469,2026-04-25 17:11:00,1549,GO,Casa,organizador,1,530.61,0,entregue,aplicativo
470,2026-04-10 22:36:00,1973,SC,Livros,romance,5,1237.3,15,pago,site
471,2026-04-11 22:31:00,1926,PR,Livros,romance,1,1027.0,0,cancelado,site
472,2026-04-25 14:04:00,1741,PE,Esportes,tapete,1,1367.89,0,cancelado,aplicativo
473,2026-04-30 15:38:00,1197,BA,Eletrônicos,teclado,5,132.69,0,enviado,marketplace
474,2026-04-29 12:46:00,1067,PR,Papelaria,caderno,2,1298.78,5,pago,site
475,2026-04-20 19:23:00,1662,RJ,Papelaria,agenda,2,45.39,15,entregue,site
476,2026-04-03 11:16:00,1182,PE,Eletrônicos,fone,5,114.96,0,entregue,aplicativo
477,2026-04-29 16:21:00,1414,GO,Esportes,tapete,3,35.17,15,pago,marketplace
478,2026-04-29 03:24:00,1064,SP,Eletrônicos,mouse,1,542.97,10,pago,aplicativo
479,2026-04-04 22:29:00,1288,SC,Livros,biografia,4,598.72,15,pago,aplicativo
480,2026-04-11 00:09:00,1139,GO,Casa,cafeteira,5,449.52,15,enviado,aplicativo
481,2026-04-26 04:35:00,1895,MG,Livros,livro técnico,1,72.24,10,cancelado,marketplace
482,2026-04-14 20:48:00,1215,BA,Papelaria,caderno,2,624.86,15,enviado,site
483,2026-04-29 01:48:00,1854,PE,Casa,luminária,2,180.79,15,pago,marketplace
484,2026-04-26 00:22:00,1074,PE,Esportes,mochila,1,383.52,0,cancelado,aplicativo
485,2026-04-30 19:57:00,1240,RJ,Livros,livro técnico,3,933.08,0,entregue,aplicativo
486,2026-04-29 01:12:00,1675,PE,Esportes,tapete,5,237.07,10,entregue,aplicativo
487,2026-04-01 05:16:00,1320,PR,Esportes,garrafa,2,1071.18,15,cancelado,aplicativo
488,2026-04-16 02:09:00,1898,SC,Livros,livro técnico,4,673.58,0,cancelado,marketplace
489,2026-04-30 09:06:00,1621,RJ,Eletrônicos,fone,3,1289.48,0,enviado,aplicativo
490,2026-04-04 10:21:00,1913,SP,Eletrônicos,mouse,5,951.12,10,cancelado,marketplace
491,2026-04-26 02:29:00,1266,SC,Casa,luminária,2,555.07,0,entregue,site
492,2026-04-24 05:30:00,1092,GO,Esportes,mochila,3,758.23,15,enviado,marketplace
493,2026-04-07 09:19:00,1456,MG,Casa,cafeteira,2,853.87,10,enviado,marketplace
494,2026-04-02 20:08:00,1224,SC,Esportes,tapete,2,103.66,0,enviado,site
495,2026-04-17 10:34:00,1397,SC,Casa,cafeteira,4,1323.51,0,entregue,site
496,2026-04-13 10:43:00,1854,PE,Papelaria,agenda,5,821.08,0,cancelado,marketplace
497,2026-04-27 17:54:00,1669,RJ,Esportes,tapete,5,384.86,0,cancelado,aplicativo
498,2026-04-22 22:35:00,1908,SP,Livros,romance,5,1324.23,5,enviado,site
499,2026-04-30 06:50:00,1287,PR,Eletrônicos,mouse,2,288.49,0,pago,marketplace
500,2026-04-16 00:41:00,1737,RJ,Casa,organizador,4,1016.09,5,enviado,marketplace
501,2026-04-19 16:48:00,1022,PR,Casa,cafeteira,1,200.55,10,enviado,site
502,2026-04-27 01:04:00,1150,SP,Papelaria,caderno,2,394.81,0,cancelado,marketplace
503,2026-04-01 20:20:00,1899,PE,Papelaria,agenda,1,332.72,10,cancelado,aplicativo
504,2026-04-19 16:40:00,1615,MG,Casa,luminária,5,1232.48,0,entregue,site
505,2026-04-28 03:34:00,1604,RJ,Livros,romance,2,573.53,0,pago,site
506,2026-04-23 22:53:00,1700,GO,Casa,cafeteira,2,912.21,0,cancelado,marketplace
507,2026-04-25 04:27:00,1515,RJ,Papelaria,caderno,1,728.54,0,pago,marketplace
508,2026-04-20 03:29:00,1379,SP,Esportes,mochila,5,649.14,5,cancelado,aplicativo
509,2026-04-27 05:16:00,1100,GO,Papelaria,agenda,2,389.23,0,pago,aplicativo
510,2026-04-19 14:21:00,1263,PR,Papelaria,agenda,1,1066.63,0,pago,marketplace
511,2026-04-30 18:56:00,1210,BA,Eletrônicos,teclado,4,549.78,0,cancelado,marketplace
512,2026-04-12 21:24:00,1875,GO,Papelaria,caneta,5,554.81,0,cancelado,site
513,2026-04-26 09:00:00,1494,MG,Esportes,mochila,3,843.05,5,entregue,aplicativo
514,2026-04-19 02:51:00,1753,MG,Papelaria,caneta,1,1124.24,5,enviado,site
515,2026-04-19 05:31:00,1804,BA,Casa,cafeteira,5,924.9,15,pago,site
516,2026-04-01 05:46:00,1823,RJ,Esportes,mochila,2,712.79,10,cancelado,site
517,2026-04-11 02:13:00,1379,RJ,Eletrônicos,teclado,5,66.26,5,cancelado,marketplace
518,2026-04-28 04:35:00,1058,MG,Papelaria,caneta,4,664.07,0,entregue,site
519,2026-04-24 05:39:00,1528,PR,Eletrônicos,mouse,5,262.53,0,entregue,site
520,2026-04-04 22:51:00,1282,GO,Eletrônicos,fone,3,1007.8,5,enviado,marketplace
521,2026-04-04 02:56:00,1941,RJ,Eletrônicos,mouse,5,433.9,10,entregue,aplicativo
522,2026-04-28 14:18:00,1986,PR,Livros,livro técnico,4,1395.27,10,pago,aplicativo
523,2026-04-24 00:56:00,1109,RJ,Casa,organizador,5,448.44,0,entregue,marketplace
524,2026-04-21 03:37:00,1989,GO,Papelaria,caneta,5,730.61,0,entregue,aplicativo
525,2026-04-02 05:52:00,1493,RJ,Esportes,mochila,3,110.66,15,enviado,marketplace
526,2026-04-19 18:28:00,1978,BA,Casa,organizador,5,808.12,15,entregue,site
527,2026-04-19 03:44:00,1689,BA,Livros,livro técnico,1,836.28,0,cancelado,aplicativo
528,2026-04-27 02:38:00,1275,MG,Livros,livro técnico,2,753.51,0,enviado,marketplace
529,2026-04-10 09:51:00,1234,PR,Casa,organizador,2,1256.14,0,enviado,site
530,2026-04-23 10:07:00,1628,SP,Eletrônicos,fone,5,1437.41,5,entregue,marketplace
531,2026-04-27 03:31:00,1889,PE,Livros,romance,4,282.48,10,entregue,aplicativo
532,2026-04-06 20:04:00,1055,GO,Casa,cafeteira,4,1410.09,0,entregue,aplicativo
533,2026-04-06 11:28:00,1715,SC,Casa,organizador,3,1036.92,0,enviado,aplicativo
534,2026-04-15 19:27:00,1370,PE,Papelaria,caderno,2,827.36,0,entregue,aplicativo
535,2026-04-17 15:41:00,1188,SC,Papelaria,caneta,4,323.69,15,entregue,aplicativo
536,2026-04-21 12:18:00,1184,MG,Esportes,tapete,5,1032.16,0,entregue,site
537,2026-04-18 08:01:00,1200,MG,Papelaria,caneta,2,714.75,0,enviado,aplicativo
538,2026-04-29 16:50:00,1529,BA,Esportes,garrafa,4,457.05,10,pago,aplicativo
539,2026-04-08 10:24:00,1061,PR,Eletrônicos,mouse,3,720.04,15,pago,aplicativo
540,2026-04-17 10:16:00,1368,PE,Livros,romance,3,39.55,0,entregue,marketplace
541,2026-04-27 06:04:00,1589,MG,Papelaria,caderno,3,539.11,15,cancelado,marketplace
542,2026-04-18 08:13:00,1628,PE,Esportes,garrafa,4,951.25,0,enviado,marketplace
543,2026-04-29 17:31:00,1627,GO,Livros,romance,1,127.88,0,enviado,aplicativo
544,2026-04-14 06:14:00,1727,PE,Livros,biografia,5,970.52,0,cancelado,aplicativo
545,2026-04-21 11:50:00,1423,MG,Papelaria,agenda,2,1282.78,0,enviado,marketplace
546,2026-04-04 15:27:00,1215,MG,Livros,biografia,4,163.48,0,cancelado,marketplace
547,2026-04-19 01:38:00,1536,RJ,Eletrônicos,fone,1,401.05,0,pago,marketplace
548,2026-04-11 10:31:00,1253,PE,Esportes,tapete,4,943.46,0,enviado,site
549,2026-04-17 05:45:00,1881,BA,Eletrônicos,mouse,4,706.12,10,entregue,marketplace
550,2026-04-25 13:02:00,1181,SC,Esportes,garrafa,5,658.12,15,entregue,aplicativo
551,2026-04-11 08:05:00,1824,RJ,Esportes,mochila,4,468.72,5,entregue,site
552,2026-04-01 00:06:00,1535,MG,Livros,livro técnico,3,437.28,10,pago,marketplace
553,2026-04-14 15:15:00,1009,GO,Esportes,tapete,3,899.54,0,entregue,site
554,2026-04-20 21:26:00,1404,PR,Esportes,mochila,2,1075.26,15,cancelado,aplicativo
555,2026-04-04 14:31:00,1432,PR,Casa,organizador,5,1149.16,10,entregue,aplicativo
556,2026-04-19 19:00:00,1192,RJ,Papelaria,caneta,2,213.57,0,cancelado,marketplace
557,2026-04-29 08:12:00,1503,PR,Esportes,tapete,3,38.9,0,pago,site
558,2026-04-13 06:01:00,1128,SC,Eletrônicos,teclado,1,356.89,0,pago,aplicativo
559,2026-04-20 03:01:00,1319,SC,Casa,organizador,3,700.89,0,entregue,site
560,2026-04-13 03:05:00,1794,GO,Casa,luminária,1,819.36,0,enviado,aplicativo
561,2026-04-06 13:12:00,1997,PR,Esportes,garrafa,4,1159.13,5,enviado,marketplace
562,2026-04-21 23:21:00,1752,RJ,Eletrônicos,fone,5,1002.35,0,cancelado,aplicativo
563,2026-04-08 05:14:00,1644,SP,Livros,romance,5,786.18,0,cancelado,marketplace
564,2026-04-17 09:40:00,1908,SP,Livros,livro técnico,2,1460.18,0,cancelado,aplicativo
565,2026-04-13 13:34:00,1598,RJ,Eletrônicos,fone,4,1185.82,0,pago,marketplace
566,2026-04-28 03:13:00,1158,BA,Esportes,mochila,1,380.6,5,pago,marketplace
567,2026-04-29 10:48:00,1061,SP,Papelaria,caneta,3,970.42,15,pago,site
568,2026-04-15 09:57:00,1571,BA,Esportes,garrafa,4,1102.45,0,cancelado,aplicativo
569,2026-04-02 19:07:00,1496,SC,Casa,organizador,5,449.12,15,cancelado,site
570,2026-04-25 17:46:00,1356,BA,Papelaria,caderno,4,420.23,10,enviado,site
571,2026-04-21 10:50:00,1302,PE,Papelaria,caderno,5,557.0,0,cancelado,marketplace
572,2026-04-29 04:54:00,1877,BA,Casa,luminária,5,365.79,15,pago,marketplace
573,2026-04-09 15:23:00,1536,SC,Papelaria,caneta,5,239.66,0,entregue,aplicativo
574,2026-04-05 09:08:00,1535,RJ,Livros,livro técnico,1,1254.44,0,enviado,site
575,2026-04-23 02:09:00,1196,RJ,Casa,luminária,1,860.81,5,cancelado,marketplace
576,2026-04-27 20:45:00,1262,SP,Papelaria,agenda,3,338.88,15,pago,site
577,2026-04-23 08:44:00,1950,RJ,Casa,cafeteira,4,1203.52,0,entregue,marketplace
578,2026-04-03 15:40:00,1843,PE,Esportes,tapete,5,70.57,0,entregue,site
579,2026-04-05 10:04:00,1103,PR,Casa,cafeteira,5,584.14,0,enviado,marketplace
580,2026-04-26 09:38:00,1425,RJ,Casa,cafeteira,5,543.37,5,cancelado,site
581,2026-04-26 00:42:00,1411,BA,Casa,luminária,2,805.51,10,cancelado,aplicativo
582,2026-04-15 18:36:00,1865,BA,Livros,biografia,4,1148.63,5,entregue,marketplace
583,2026-04-25 19:58:00,1219,GO,Casa,cafeteira,5,1389.96,0,entregue,aplicativo
584,2026-04-01 00:12:00,1743,SP,Esportes,tapete,3,897.69,10,enviado,aplicativo
585,2026-04-11 02:21:00,1219,BA,Eletrônicos,teclado,1,1159.57,15,entregue,marketplace
586,2026-04-26 23:19:00,1948,MG,Papelaria,agenda,1,66.23,0,enviado,site
587,2026-04-27 11:52:00,1255,PR,Livros,romance,3,1218.5,0,cancelado,marketplace
588,2026-04-04 12:19:00,1740,BA,Casa,cafeteira,4,267.62,15,pago,marketplace
589,2026-04-27 05:27:00,1390,RJ,Livros,livro técnico,1,1383.59,0,entregue,aplicativo
590,2026-04-11 07:38:00,1765,SP,Esportes,garrafa,4,90.65,10,pago,aplicativo
591,2026-04-07 19:22:00,1334,PR,Papelaria,agenda,2,85.27,15,cancelado,aplicativo
592,2026-04-23 23:17:00,1092,PR,Papelaria,agenda,4,441.78,5,enviado,site
593,2026-04-22 15:45:00,1585,SP,Livros,livro técnico,5,604.8,0,cancelado,marketplace
594,2026-04-06 22:24:00,1780,MG,Esportes,mochila,4,843.35,5,cancelado,marketplace
595,2026-04-26 12:56:00,1630,PR,Papelaria,caderno,2,116.75,5,entregue,marketplace
596,2026-04-06 02:54:00,1687,GO,Papelaria,caderno,4,554.25,0,entregue,aplicativo
597,2026-04-02 02:26:00,1788,PE,Papelaria,agenda,2,1481.6,10,cancelado,marketplace
598,2026-04-03 01:01:00,1946,PR,Casa,organizador,2,1031.19,0,pago,site
599,2026-04-29 06:18:00,1948,MG,Eletrônicos,fone,3,30.46,15,pago,aplicativo
600,2026-04-02 00:50:00,1339,PR,Esportes,tapete,5,325.69,10,entregue,marketplace
601,2026-04-07 10:23:00,1711,SP,Esportes,mochila,4,878.68,15,pago,aplicativo
602,2026-04-13 22:13:00,1205,PE,Casa,luminária,1,702.79,0,pago,aplicativo
603,2026-04-17 09:27:00,1885,RJ,Livros,biografia,1,445.82,15,cancelado,site
604,2026-04-05 12:47:00,1925,BA,Esportes,mochila,4,1301.49,10,pago,site
605,2026-04-21 20:14:00,1574,SP,Casa,cafeteira,1,378.61,10,entregue,aplicativo
606,2026-04-08 03:29:00,1018,BA,Esportes,tapete,3,539.51,0,enviado,marketplace
607,2026-04-29 11:31:00,1263,GO,Livros,livro técnico,1,1416.76,0,enviado,site
608,2026-04-30 21:32:00,1140,RJ,Livros,romance,4,785.87,15,enviado,aplicativo
609,2026-04-07 22:50:00,1436,PE,Casa,cafeteira,5,500.63,10,enviado,site
610,2026-04-25 15:18:00,1700,PR,Casa,cafeteira,2,470.41,15,enviado,aplicativo
611,2026-04-26 16:57:00,1939,MG,Casa,cafeteira,3,111.04,10,pago,site
612,2026-04-02 08:12:00,1783,BA,Livros,livro técnico,4,1442.18,0,cancelado,marketplace
613,2026-04-09 13:16:00,1109,MG,Livros,livro técnico,2,49.04,10,entregue,marketplace
614,2026-04-11 12:13:00,1610,PR,Papelaria,agenda,2,1034.19,0,pago,marketplace
615,2026-04-23 20:40:00,1866,SC,Esportes,garrafa,3,284.12,5,cancelado,aplicativo
616,2026-04-09 19:05:00,1231,SP,Casa,luminária,4,1149.16,0,entregue,aplicativo
617,2026-04-10 05:32:00,1775,PR,Casa,cafeteira,1,273.85,5,cancelado,marketplace
618,2026-04-12 05:33:00,1437,GO,Livros,romance,1,915.82,5,entregue,aplicativo
619,2026-04-27 00:42:00,1608,SP,Papelaria,agenda,5,172.88,5,pago,site
620,2026-04-19 00:06:00,1752,SP,Papelaria,agenda,5,587.22,15,pago,site
621,2026-04-19 02:45:00,1905,PE,Livros,romance,3,697.41,5,entregue,marketplace
622,2026-04-24 12:40:00,1925,MG,Eletrônicos,mouse,4,1246.54,5,pago,marketplace
623,2026-04-09 04:21:00,1797,MG,Papelaria,caderno,4,626.2,5,pago,site
624,2026-04-10 04:33:00,1903,SC,Esportes,mochila,1,382.62,15,enviado,marketplace
625,2026-04-06 04:41:00,1723,SC,Eletrônicos,fone,3,137.11,15,cancelado,marketplace
626,2026-04-08 06:39:00,1387,GO,Papelaria,agenda,1,1154.71,0,enviado,site
627,2026-04-03 08:02:00,1429,PE,Casa,luminária,3,1097.94,5,entregue,marketplace
628,2026-04-06 23:42:00,1983,PR,Casa,luminária,1,937.61,0,pago,aplicativo
629,2026-04-25 17:38:00,1826,SP,Esportes,tapete,5,1325.23,0,enviado,marketplace
630,2026-04-19 15:59:00,1452,RJ,Esportes,tapete,5,904.15,0,entregue,marketplace
631,2026-04-03 05:25:00,1189,MG,Papelaria,caderno,1,983.38,0,enviado,site
632,2026-04-14 13:58:00,1339,RJ,Papelaria,agenda,1,172.24,0,enviado,marketplace
633,2026-04-28 01:51:00,1586,MG,Livros,biografia,4,1126.51,0,pago,site
634,2026-04-17 18:34:00,1919,GO,Livros,romance,1,1140.08,10,pago,aplicativo
635,2026-04-06 13:16:00,1711,PE,Esportes,garrafa,3,795.31,10,enviado,marketplace
636,2026-04-03 15:33:00,1111,RJ,Casa,cafeteira,4,1088.87,10,entregue,aplicativo
637,2026-04-12 19:37:00,1538,BA,Papelaria,caneta,2,925.29,5,cancelado,aplicativo
638,2026-04-11 14:11:00,1725,PE,Casa,cafeteira,2,12.36,0,cancelado,marketplace
639,2026-04-10 10:27:00,1818,GO,Eletrônicos,mouse,4,77.78,0,enviado,site
640,2026-04-13 19:36:00,1260,RJ,Casa,cafeteira,3,457.42,10,entregue,site
641,2026-04-16 04:02:00,1349,GO,Eletrônicos,mouse,5,927.83,0,enviado,site
642,2026-04-22 19:18:00,1938,SC,Livros,romance,1,972.02,5,enviado,marketplace
643,2026-04-16 06:01:00,1473,GO,Esportes,mochila,1,1254.31,0,entregue,marketplace
644,2026-04-10 11:28:00,1591,BA,Papelaria,caderno,3,108.66,0,entregue,site
645,2026-04-29 12:19:00,1547,MG,Livros,romance,5,912.48,0,pago,aplicativo
646,2026-04-02 10:32:00,1278,GO,Livros,biografia,1,750.61,0,entregue,aplicativo
647,2026-04-24 21:32:00,1309,MG,Livros,livro técnico,1,567.58,0,enviado,site
648,2026-04-02 03:14:00,1818,SC,Esportes,mochila,5,239.58,0,cancelado,marketplace
649,2026-04-15 21:32:00,1146,RJ,Papelaria,caneta,5,1018.31,0,enviado,marketplace
650,2026-04-18 15:20:00,1730,RJ,Eletrônicos,teclado,1,473.36,0,pago,aplicativo
651,2026-04-05 16:36:00,1533,PE,Esportes,garrafa,1,870.56,0,enviado,aplicativo
652,2026-04-14 01:00:00,1283,BA,Casa,luminária,4,1009.97,0,enviado,site
653,2026-04-01 16:39:00,1981,RJ,Livros,livro técnico,2,818.37,10,entregue,aplicativo
654,2026-04-13 21:24:00,1587,PR,Casa,cafeteira,2,116.15,10,entregue,marketplace
655,2026-04-06 22:04:00,1029,SC,Esportes,garrafa,1,167.83,0,pago,aplicativo
656,2026-04-28 03:07:00,1912,SC,Esportes,garrafa,5,539.88,0,enviado,marketplace
657,2026-04-22 04:39:00,1581,MG,Papelaria,caderno,1,1221.15,15,cancelado,site
658,2026-04-30 07:52:00,1727,SC,Esportes,tapete,4,355.22,0,enviado,marketplace
659,2026-04-18 20:15:00,1187,BA,Livros,romance,3,685.39,0,pago,aplicativo
660,2026-04-22 18:48:00,1472,MG,Eletrônicos,teclado,3,1154.23,10,enviado,marketplace
661,2026-04-05 20:51:00,1333,RJ,Eletrônicos,teclado,3,803.79,5,cancelado,site
662,2026-04-25 22:30:00,1162,SC,Papelaria,caderno,4,108.43,0,cancelado,aplicativo
663,2026-04-25 18:46:00,1710,PR,Papelaria,caneta,2,997.29,0,cancelado,site
664,2026-04-22 01:37:00,1333,RJ,Papelaria,agenda,4,272.5,5,pago,marketplace
665,2026-04-28 03:26:00,1789,GO,Eletrônicos,mouse,3,746.5,15,pago,site
666,2026-04-27 10:21:00,1924,SP,Casa,luminária,2,994.71,5,entregue,aplicativo
667,2026-04-21 08:25:00,1200,PR,Papelaria,agenda,3,456.61,15,entregue,aplicativo
668,2026-04-27 12:29:00,1008,GO,Livros,livro técnico,2,1280.23,0,entregue,marketplace
669,2026-04-26 11:42:00,1840,BA,Eletrônicos,fone,1,1293.26,0,enviado,aplicativo
670,2026-04-29 10:54:00,1325,GO,Papelaria,caneta,4,578.53,10,enviado,marketplace
671,2026-04-07 07:54:00,1192,GO,Casa,organizador,3,1261.54,0,entregue,marketplace
672,2026-04-01 12:40:00,1073,SP,Casa,luminária,2,1084.8,5,cancelado,site
673,2026-04-30 05:30:00,1825,GO,Eletrônicos,fone,4,1341.44,15,cancelado,marketplace
674,2026-04-24 04:25:00,1434,SC,Casa,organizador,4,539.41,0,cancelado,marketplace
675,2026-04-23 16:07:00,1867,PR,Eletrônicos,mouse,5,411.18,10,entregue,site
676,2026-04-22 23:51:00,1721,BA,Eletrônicos,mouse,1,874.6,15,pago,site
677,2026-04-22 03:50:00,1529,RJ,Papelaria,caneta,5,1335.97,0,enviado,aplicativo
678,2026-04-29 20:09:00,1552,PE,Eletrônicos,mouse,5,88.63,0,pago,aplicativo
679,2026-04-22 08:31:00,1587,BA,Esportes,mochila,4,535.84,0,entregue,site
680,2026-04-28 04:46:00,1767,PE,Eletrônicos,mouse,5,398.06,15,cancelado,marketplace
681,2026-04-03 08:22:00,1672,PE,Casa,cafeteira,5,50.67,5,pago,site
682,2026-04-13 15:29:00,1258,MG,Papelaria,caderno,5,428.65,0,pago,marketplace
683,2026-04-08 22:43:00,1931,MG,Eletrônicos,mouse,4,560.95,0,entregue,marketplace
684,2026-04-09 05:29:00,1818,SP,Casa,organizador,3,1476.27,0,enviado,aplicativo
685,2026-04-11 19:54:00,1676,SC,Esportes,tapete,2,324.18,15,entregue,site
686,2026-04-03 09:22:00,1171,SC,Livros,livro técnico,4,719.59,5,enviado,aplicativo
687,2026-04-12 22:51:00,1148,GO,Esportes,tapete,1,440.3,5,cancelado,marketplace
688,2026-04-02 20:48:00,1099,BA,Livros,biografia,4,919.62,15,entregue,aplicativo
689,2026-04-05 11:20:00,1261,GO,Livros,romance,4,1162.0,15,enviado,marketplace
690,2026-04-24 15:55:00,1345,MG,Papelaria,caderno,3,825.94,15,pago,site
691,2026-04-05 10:42:00,1537,RJ,Eletrônicos,teclado,4,533.76,15,entregue,aplicativo
692,2026-04-02 01:53:00,1634,RJ,Casa,luminária,1,1408.37,15,enviado,marketplace
693,2026-04-06 11:02:00,1088,MG,Eletrônicos,mouse,4,988.03,15,enviado,site
694,2026-04-14 09:44:00,1478,RJ,Casa,organizador,4,1384.82,0,cancelado,marketplace
695,2026-04-08 08:54:00,1799,RJ,Livros,romance,3,1167.89,5,cancelado,aplicativo
696,2026-04-13 01:05:00,1182,SC,Eletrônicos,teclado,1,742.67,0,cancelado,site
697,2026-04-07 13:08:00,1553,GO,Esportes,garrafa,2,924.81,0,cancelado,marketplace
698,2026-04-02 14:04:00,1074,RJ,Livros,livro técnico,5,1094.04,5,pago,aplicativo
699,2026-04-30 03:25:00,1000,SP,Casa,cafeteira,4,406.99,15,entregue,aplicativo
700,2026-04-24 10:56:00,1724,SC,Papelaria,caderno,4,659.73,15,pago,marketplace
701,2026-04-18 11:53:00,1977,SC,Casa,luminária,1,855.19,0,entregue,marketplace
702,2026-04-03 12:17:00,1647,RJ,Livros,romance,3,806.59,0,pago,aplicativo
703,2026-04-10 05:51:00,1180,SP,Livros,biografia,4,994.49,0,cancelado,site
704,2026-04-04 20:41:00,1906,SC,Livros,romance,2,218.51,0,pago,marketplace
705,2026-04-23 06:22:00,1398,RJ,Papelaria,caderno,5,968.68,5,cancelado,site
706,2026-04-03 13:13:00,1345,SP,Eletrônicos,teclado,4,186.1,15,cancelado,marketplace
707,2026-04-27 08:48:00,1238,RJ,Papelaria,caderno,1,1105.83,5,pago,aplicativo
708,2026-04-12 01:04:00,1718,MG,Papelaria,caderno,1,266.65,0,entregue,site
709,2026-04-08 18:26:00,1855,RJ,Esportes,mochila,1,180.13,10,enviado,site
710,2026-04-16 08:28:00,1830,GO,Casa,organizador,3,190.0,15,enviado,aplicativo
711,2026-04-27 23:48:00,1177,BA,Casa,luminária,1,189.91,0,cancelado,site
712,2026-04-08 12:13:00,1449,PR,Livros,biografia,5,70.64,0,cancelado,site
713,2026-04-04 16:10:00,1006,SP,Eletrônicos,teclado,2,1389.94,15,entregue,aplicativo
714,2026-04-06 18:36:00,1211,MG,Esportes,mochila,3,789.4,5,enviado,site
715,2026-04-02 17:05:00,1610,MG,Papelaria,agenda,4,921.95,0,entregue,aplicativo
716,2026-04-26 09:10:00,1241,PR,Esportes,garrafa,1,1480.04,0,entregue,marketplace
717,2026-04-22 03:02:00,1788,PR,Papelaria,caderno,3,89.07,0,enviado,marketplace
718,2026-04-09 00:35:00,1163,SP,Esportes,tapete,1,970.84,0,enviado,aplicativo
719,2026-04-29 01:43:00,1824,SC,Livros,romance,1,165.59,0,enviado,site
720,2026-04-24 10:24:00,1118,RJ,Eletrônicos,teclado,2,1084.89,10,entregue,aplicativo
721,2026-04-15 19:44:00,1235,RJ,Casa,cafeteira,3,349.4,0,cancelado,site
722,2026-04-04 08:18:00,1482,SC,Esportes,garrafa,1,1336.83,0,enviado,marketplace
723,2026-04-18 15:04:00,1382,MG,Esportes,garrafa,4,1082.53,15,entregue,aplicativo
724,2026-04-06 18:56:00,1032,SP,Casa,organizador,3,213.39,5,cancelado,aplicativo
725,2026-04-11 00:08:00,1907,PE,Casa,organizador,5,243.61,15,enviado,marketplace
726,2026-04-04 22:27:00,1421,SC,Papelaria,caderno,2,891.46,5,entregue,site
727,2026-04-12 05:24:00,1253,BA,Esportes,mochila,4,873.41,10,enviado,marketplace
728,2026-04-03 00:18:00,1041,SC,Eletrônicos,teclado,5,60.09,10,cancelado,aplicativo
729,2026-04-23 12:59:00,1246,RJ,Eletrônicos,teclado,5,1132.09,15,cancelado,site
730,2026-04-14 11:04:00,1244,RJ,Casa,organizador,1,724.88,0,enviado,marketplace
731,2026-04-27 13:30:00,1024,SC,Esportes,mochila,4,1160.03,15,cancelado,site
732,2026-04-22 03:08:00,1720,SP,Livros,biografia,1,583.47,15,entregue,marketplace
733,2026-04-20 09:11:00,1770,PE,Eletrônicos,teclado,5,818.23,0,pago,marketplace
734,2026-04-03 11:52:00,1527,BA,Livros,biografia,1,175.34,0,cancelado,marketplace
735,2026-04-17 16:14:00,1179,RJ,Eletrônicos,teclado,5,1066.91,0,enviado,aplicativo
736,2026-04-06 04:02:00,1664,SC,Casa,cafeteira,5,1307.99,15,enviado,marketplace
737,2026-04-17 01:15:00,1919,PE,Casa,organizador,5,1023.54,0,pago,site
738,2026-04-21 14:09:00,1497,RJ,Livros,romance,4,1067.64,15,entregue,aplicativo
739,2026-04-03 23:40:00,1192,SC,Papelaria,caneta,1,129.45,0,entregue,site
740,2026-04-13 13:24:00,1114,MG,Eletrônicos,fone,4,234.24,0,pago,aplicativo
741,2026-04-25 15:23:00,1954,MG,Esportes,mochila,4,526.58,5,pago,aplicativo
742,2026-04-02 00:04:00,1892,PR,Casa,luminária,5,970.56,5,entregue,marketplace
743,2026-04-28 00:06:00,1681,SC,Livros,romance,4,463.08,0,entregue,site
744,2026-04-23 00:55:00,1380,PE,Livros,livro técnico,1,231.02,0,cancelado,site
745,2026-04-25 08:42:00,1292,MG,Papelaria,caderno,2,1260.6,15,enviado,site
746,2026-04-02 20:56:00,1324,MG,Casa,luminária,4,398.01,0,enviado,marketplace
747,2026-04-15 10:11:00,1352,MG,Eletrônicos,mouse,3,678.16,0,entregue,site
748,2026-04-23 17:29:00,1786,MG,Eletrônicos,teclado,4,1392.44,0,pago,marketplace
749,2026-04-16 01:50:00,1662,PE,Papelaria,agenda,4,1345.01,10,enviado,marketplace
750,2026-04-06 02:40:00,1749,SC,Esportes,tapete,1,217.74,10,pago,aplicativo
751,2026-04-29 02:29:00,1861,PR,Eletrônicos,teclado,4,542.52,0,pago,marketplace
752,2026-04-24 23:00:00,1227,PE,Casa,cafeteira,2,43.6,10,cancelado,marketplace
753,2026-04-18 22:48:00,1199,SC,Eletrônicos,mouse,3,908.73,10,pago,marketplace
754,2026-04-07 17:35:00,1733,GO,Livros,romance,3,585.31,0,entregue,aplicativo
755,2026-04-21 06:41:00,1895,RJ,Livros,romance,2,1094.5,5,cancelado,aplicativo
756,2026-04-20 06:56:00,1746,GO,Livros,livro técnico,2,1254.91,10,pago,site
757,2026-04-22 14:24:00,1888,BA,Casa,organizador,1,1400.4,10,cancelado,site
758,2026-04-30 01:44:00,1936,PE,Eletrônicos,teclado,4,270.59,5,enviado,site
759,2026-04-14 04:10:00,1567,SC,Casa,organizador,1,1235.97,0,entregue,aplicativo
760,2026-04-22 02:12:00,1229,SP,Papelaria,agenda,1,239.5,0,cancelado,site
761,2026-04-09 03:55:00,1503,PR,Livros,romance,1,187.84,0,cancelado,site
762,2026-04-17 11:08:00,1595,SC,Papelaria,agenda,5,659.74,0,cancelado,marketplace
763,2026-04-24 07:48:00,1750,SP,Eletrônicos,teclado,3,252.64,0,enviado,aplicativo
764,2026-04-07 03:59:00,1365,MG,Esportes,mochila,1,416.28,5,entregue,site
765,2026-04-25 02:28:00,1654,RJ,Livros,romance,5,298.78,15,enviado,site
766,2026-04-25 17:52:00,1330,BA,Papelaria,caderno,3,414.47,15,entregue,site
767,2026-04-17 00:04:00,1843,MG,Papelaria,agenda,1,214.05,0,entregue,aplicativo
768,2026-04-08 10:04:00,1104,PR,Esportes,tapete,2,760.04,0,pago,aplicativo
769,2026-04-06 07:19:00,1838,MG,Esportes,garrafa,1,724.48,0,entregue,site
770,2026-04-24 19:23:00,1781,BA,Esportes,mochila,2,1067.74,0,pago,site
771,2026-04-07 11:29:00,1704,PR,Casa,cafeteira,3,196.76,0,pago,aplicativo
772,2026-04-01 20:32:00,1793,SC,Eletrônicos,fone,4,73.35,0,pago,marketplace
773,2026-04-03 16:44:00,1480,RJ,Papelaria,agenda,3,74.49,0,pago,site
774,2026-04-10 08:21:00,1601,PR,Eletrônicos,mouse,2,1009.19,0,pago,site
775,2026-04-16 19:55:00,1360,MG,Livros,biografia,5,1173.4,10,enviado,marketplace
776,2026-04-05 12:14:00,1839,SP,Papelaria,caderno,5,333.33,0,entregue,site
777,2026-04-05 11:47:00,1946,PR,Papelaria,caderno,5,1278.43,5,entregue,marketplace
778,2026-04-21 00:13:00,1689,RJ,Papelaria,caderno,2,1253.77,5,cancelado,site
779,2026-04-19 13:11:00,1115,BA,Papelaria,caderno,1,704.19,10,enviado,aplicativo
780,2026-04-14 02:52:00,1570,SP,Livros,biografia,1,498.89,0,cancelado,aplicativo
781,2026-04-15 04:47:00,1703,SC,Esportes,mochila,2,835.33,0,cancelado,site
782,2026-04-17 17:20:00,1183,SP,Eletrônicos,teclado,4,1011.42,5,cancelado,marketplace
783,2026-04-07 12:35:00,1404,GO,Eletrônicos,fone,5,1466.58,15,enviado,site
784,2026-04-16 09:52:00,1205,GO,Livros,livro técnico,1,356.98,5,cancelado,aplicativo
785,2026-04-13 10:09:00,1774,GO,Papelaria,agenda,3,718.98,10,cancelado,aplicativo
786,2026-04-07 16:58:00,1786,SC,Papelaria,caneta,1,192.06,5,cancelado,site
787,2026-04-05 12:47:00,1755,SP,Casa,luminária,1,752.22,0,enviado,aplicativo
788,2026-04-15 21:07:00,1156,PE,Papelaria,agenda,5,938.62,0,cancelado,aplicativo
789,2026-04-23 15:50:00,1502,PE,Casa,organizador,5,521.99,10,pago,site
790,2026-04-18 11:01:00,1460,BA,Esportes,garrafa,4,669.41,0,pago,site
791,2026-04-14 19:00:00,1905,MG,Papelaria,agenda,4,651.71,0,cancelado,aplicativo
792,2026-04-23 07:48:00,1675,SC,Eletrônicos,mouse,4,847.76,0,pago,aplicativo
793,2026-04-27 21:34:00,1994,GO,Livros,romance,5,1017.97,0,entregue,site
794,2026-04-03 01:16:00,1131,BA,Eletrônicos,mouse,3,1216.23,10,pago,marketplace
795,2026-04-05 10:19:00,1438,BA,Livros,romance,3,623.78,0,enviado,site
796,2026-04-15 04:53:00,1606,RJ,Casa,cafeteira,1,1304.72,0,entregue,site
797,2026-04-15 20:12:00,1038,SC,Eletrônicos,mouse,4,856.39,5,entregue,site
798,2026-04-02 00:17:00,1324,GO,Esportes,mochila,5,591.55,10,pago,aplicativo
799,2026-04-10 08:54:00,1344,SC,Eletrônicos,mouse,5,1219.07,15,entregue,site
800,2026-04-17 12:51:00,1992,GO,Papelaria,caneta,2,750.46,0,enviado,aplicativo
801,2026-04-14 12:45:00,1587,GO,Livros,livro técnico,2,940.61,0,pago,marketplace
802,2026-04-04 01:28:00,1580,SC,Livros,romance,4,322.51,0,entregue,marketplace
803,2026-04-25 13:46:00,1320,PR,Livros,romance,4,609.43,10,cancelado,marketplace
804,2026-04-01 20:19:00,1642,MG,Papelaria,caderno,5,753.81,15,cancelado,aplicativo
805,2026-04-20 17:44:00,1957,SP,Papelaria,agenda,5,308.97,5,enviado,site
806,2026-04-14 15:58:00,1864,GO,Casa,cafeteira,4,484.79,0,enviado,aplicativo
807,2026-04-30 09:39:00,1164,PE,Livros,romance,5,361.83,0,pago,site
808,2026-04-12 04:14:00,1816,PE,Casa,luminária,4,733.22,5,cancelado,marketplace
809,2026-04-08 06:03:00,1279,MG,Eletrônicos,fone,1,395.01,0,enviado,marketplace
810,2026-04-23 02:40:00,1801,SP,Eletrônicos,mouse,1,1290.78,0,entregue,marketplace
811,2026-04-19 12:33:00,1918,BA,Livros,livro técnico,1,601.37,15,enviado,site
812,2026-04-23 18:24:00,1955,RJ,Eletrônicos,mouse,5,999.68,10,entregue,aplicativo
813,2026-04-28 07:09:00,1125,BA,Eletrônicos,fone,3,1250.18,15,cancelado,marketplace
814,2026-04-10 22:07:00,1147,RJ,Casa,organizador,2,329.02,0,cancelado,aplicativo
815,2026-04-03 13:05:00,1502,BA,Livros,biografia,1,481.57,5,cancelado,marketplace
816,2026-04-07 14:16:00,1371,SC,Casa,organizador,3,1233.83,0,pago,marketplace
817,2026-04-11 21:47:00,1259,GO,Eletrônicos,mouse,3,962.03,15,entregue,marketplace
818,2026-04-11 18:11:00,1878,SC,Eletrônicos,mouse,4,21.72,5,entregue,aplicativo
819,2026-04-14 12:51:00,1215,MG,Eletrônicos,fone,4,950.72,15,cancelado,site
820,2026-04-23 09:03:00,1482,GO,Livros,livro técnico,3,1078.91,0,enviado,marketplace
821,2026-04-04 00:29:00,1360,GO,Livros,biografia,5,1096.56,10,entregue,aplicativo
822,2026-04-30 04:33:00,1656,MG,Eletrônicos,fone,4,1188.62,0,pago,aplicativo
823,2026-04-14 21:44:00,1321,RJ,Casa,cafeteira,1,245.16,10,enviado,marketplace
824,2026-04-21 13:08:00,1489,MG,Esportes,tapete,3,268.48,10,entregue,aplicativo
825,2026-04-19 20:44:00,1376,MG,Casa,luminária,4,1315.82,10,enviado,site
826,2026-04-30 10:48:00,1626,PR,Eletrônicos,mouse,1,1461.45,0,entregue,marketplace
827,2026-04-19 06:02:00,1632,GO,Casa,luminária,5,397.64,0,entregue,site
828,2026-04-01 15:25:00,1735,GO,Papelaria,caderno,4,1242.61,5,pago,site
829,2026-04-13 02:45:00,1294,SC,Casa,luminária,4,204.0,0,enviado,aplicativo
830,2026-04-09 05:00:00,1418,MG,Casa,organizador,1,442.39,0,enviado,marketplace
831,2026-04-17 19:44:00,1596,SC,Esportes,garrafa,1,25.38,0,entregue,marketplace
832,2026-04-10 15:47:00,1730,GO,Esportes,mochila,4,1106.8,0,pago,site
833,2026-04-03 08:55:00,1340,PR,Papelaria,caderno,4,1363.26,10,pago,site
834,2026-04-29 04:49:00,1390,PE,Livros,biografia,4,1010.18,0,pago,marketplace
835,2026-04-08 17:32:00,1515,SC,Casa,organizador,3,1318.07,0,pago,aplicativo
836,2026-04-07 10:52:00,1266,RJ,Papelaria,caneta,3,75.8,0,cancelado,aplicativo
837,2026-04-13 21:01:00,1924,PE,Livros,romance,5,1246.09,0,entregue,aplicativo
838,2026-04-23 08:36:00,1782,MG,Casa,organizador,5,1281.02,15,cancelado,site
839,2026-04-03 11:36:00,1235,MG,Casa,luminária,1,710.67,0,cancelado,aplicativo
840,2026-04-02 20:33:00,1452,BA,Eletrônicos,teclado,5,732.95,5,pago,marketplace
841,2026-04-16 21:51:00,1095,PR,Casa,luminária,3,279.18,0,entregue,marketplace
842,2026-04-27 13:23:00,1994,SP,Papelaria,caderno,5,1152.6,0,cancelado,site
843,2026-04-05 07:00:00,1908,BA,Casa,organizador,1,433.58,15,pago,aplicativo
844,2026-04-05 19:51:00,1857,BA,Livros,biografia,2,53.02,5,cancelado,aplicativo
845,2026-04-30 22:43:00,1005,BA,Livros,biografia,1,987.7,5,entregue,marketplace
846,2026-04-10 14:52:00,1883,SP,Papelaria,caderno,3,491.52,0,pago,marketplace
847,2026-04-05 05:05:00,1408,PE,Papelaria,caneta,2,367.72,5,pago,site
848,2026-04-18 16:20:00,1798,GO,Casa,luminária,3,974.28,15,enviado,site
849,2026-04-20 16:15:00,1753,PE,Livros,romance,5,205.62,15,pago,aplicativo
850,2026-04-23 06:47:00,1456,GO,Papelaria,caderno,4,410.03,10,cancelado,site
851,2026-04-28 22:30:00,1190,GO,Esportes,tapete,4,148.49,10,entregue,aplicativo
852,2026-04-08 01:22:00,1953,SC,Casa,cafeteira,5,948.04,10,pago,aplicativo
853,2026-04-04 14:29:00,1928,SC,Esportes,tapete,3,231.42,0,entregue,site
854,2026-04-14 10:44:00,1582,SP,Papelaria,caneta,5,124.03,0,pago,marketplace
855,2026-04-05 07:12:00,1475,PE,Esportes,tapete,3,389.74,0,pago,site
856,2026-04-09 07:01:00,1863,GO,Esportes,garrafa,1,134.1,15,entregue,aplicativo
857,2026-04-21 16:58:00,1775,SC,Papelaria,agenda,5,1213.67,0,enviado,site
858,2026-04-28 11:47:00,1265,RJ,Casa,luminária,4,806.22,0,cancelado,site
859,2026-04-30 20:18:00,1488,SC,Eletrônicos,fone,4,1304.48,15,cancelado,aplicativo
860,2026-04-17 10:00:00,1707,GO,Papelaria,agenda,3,140.58,0,pago,site
861,2026-04-09 13:35:00,1879,SP,Eletrônicos,fone,2,726.86,0,enviado,aplicativo
862,2026-04-04 22:02:00,1308,SC,Papelaria,caderno,2,716.24,0,pago,site
863,2026-04-21 06:20:00,1986,SC,Casa,cafeteira,4,39.25,5,enviado,site
864,2026-04-18 19:52:00,1052,BA,Livros,biografia,1,162.97,15,cancelado,aplicativo
865,2026-04-27 08:03:00,1610,PE,Esportes,mochila,1,736.37,5,cancelado,site
866,2026-04-01 20:46:00,1432,BA,Eletrônicos,mouse,5,104.63,15,cancelado,aplicativo
867,2026-04-29 08:09:00,1961,BA,Eletrônicos,teclado,4,1049.3,0,enviado,aplicativo
868,2026-04-16 15:34:00,1448,PR,Casa,organizador,5,337.36,15,entregue,marketplace
869,2026-04-14 08:27:00,1740,GO,Esportes,garrafa,4,1251.29,15,entregue,aplicativo
870,2026-04-10 10:19:00,1289,RJ,Casa,cafeteira,4,202.35,0,enviado,marketplace
871,2026-04-19 22:21:00,1965,SC,Esportes,garrafa,3,359.73,10,pago,site
872,2026-04-17 05:59:00,1693,MG,Livros,romance,2,1243.64,10,pago,site
873,2026-04-06 04:29:00,1632,PR,Livros,romance,1,847.35,5,entregue,aplicativo
874,2026-04-26 08:25:00,1273,MG,Livros,livro técnico,5,910.39,0,pago,aplicativo
875,2026-04-05 19:39:00,1800,RJ,Esportes,garrafa,5,72.53,0,enviado,marketplace
876,2026-04-17 11:00:00,1160,PE,Eletrônicos,fone,4,1145.33,5,pago,site
877,2026-04-07 06:29:00,1125,PR,Livros,romance,4,1454.76,0,enviado,aplicativo
878,2026-04-23 23:37:00,1175,RJ,Livros,romance,3,564.93,5,entregue,marketplace
879,2026-04-25 02:31:00,1431,PR,Casa,luminária,2,1204.64,5,cancelado,aplicativo
880,2026-04-17 11:09:00,1966,SP,Papelaria,agenda,4,226.92,0,pago,site
881,2026-04-19 06:42:00,1790,MG,Livros,romance,4,101.59,0,enviado,marketplace
882,2026-04-24 15:44:00,1996,PE,Eletrônicos,mouse,4,608.98,15,entregue,marketplace
883,2026-04-01 08:37:00,1846,PE,Livros,romance,5,919.5,0,cancelado,aplicativo
884,2026-04-29 09:58:00,1807,SC,Casa,cafeteira,3,1332.64,15,cancelado,site
885,2026-04-02 16:22:00,1550,BA,Livros,livro técnico,4,1090.4,15,enviado,marketplace
886,2026-04-10 17:27:00,1095,PE,Papelaria,caneta,5,517.66,15,enviado,site
887,2026-04-27 23:10:00,1264,PR,Eletrônicos,mouse,3,1092.5,10,pago,marketplace
888,2026-04-12 19:43:00,1642,BA,Eletrônicos,teclado,1,81.12,15,pago,aplicativo
889,2026-04-01 05:41:00,1464,BA,Livros,biografia,2,1210.03,10,enviado,aplicativo
890,2026-04-27 01:36:00,1688,MG,Livros,romance,4,784.3,0,pago,aplicativo
891,2026-04-09 18:19:00,1842,BA,Papelaria,agenda,4,156.0,15,cancelado,aplicativo
892,2026-04-03 19:55:00,1435,MG,Eletrônicos,fone,4,330.03,0,entregue,marketplace
893,2026-04-27 18:30:00,1572,GO,Papelaria,caneta,3,880.61,15,cancelado,aplicativo
894,2026-04-19 23:23:00,1843,MG,Esportes,mochila,2,763.62,5,cancelado,site
895,2026-04-06 08:57:00,1711,PR,Papelaria,agenda,4,715.3,15,enviado,marketplace
896,2026-04-28 09:06:00,1872,GO,Livros,livro técnico,1,190.09,10,entregue,site
897,2026-04-06 08:36:00,1380,PE,Papelaria,caderno,3,461.86,5,pago,site
898,2026-04-20 04:40:00,1049,PE,Casa,cafeteira,3,331.22,15,cancelado,site
899,2026-04-16 20:49:00,1069,SP,Eletrônicos,mouse,4,726.95,0,cancelado,aplicativo
900,2026-04-28 13:35:00,1135,MG,Esportes,tapete,5,958.33,5,cancelado,site
901,2026-04-29 10:24:00,1680,GO,Livros,livro técnico,4,356.91,5,entregue,marketplace
902,2026-04-21 03:58:00,1753,PE,Eletrônicos,mouse,1,1300.27,15,pago,marketplace
903,2026-04-30 08:41:00,1126,RJ,Livros,biografia,2,1433.2,10,pago,marketplace
904,2026-04-22 15:44:00,1514,SP,Papelaria,caderno,1,990.8,10,enviado,site
905,2026-04-12 03:55:00,1849,SC,Livros,livro técnico,1,1212.31,10,entregue,aplicativo
906,2026-04-23 08:49:00,1882,SP,Papelaria,caderno,3,661.16,5,pago,marketplace
907,2026-04-12 16:54:00,1093,RJ,Livros,romance,1,817.25,0,enviado,site
908,2026-04-08 00:27:00,1314,GO,Livros,livro técnico,2,97.78,0,enviado,site
909,2026-04-18 17:55:00,1101,BA,Eletrônicos,teclado,2,625.11,0,entregue,aplicativo
910,2026-04-10 05:14:00,1245,PR,Eletrônicos,fone,4,767.85,10,cancelado,site
911,2026-04-15 11:42:00,1475,GO,Livros,livro técnico,1,731.42,5,enviado,site
912,2026-04-27 16:15:00,1691,RJ,Livros,biografia,2,1146.84,15,enviado,aplicativo
913,2026-04-21 07:07:00,1085,PR,Papelaria,caneta,2,566.22,0,enviado,marketplace
914,2026-04-21 13:25:00,1042,SP,Esportes,mochila,4,1442.06,10,entregue,marketplace
915,2026-04-03 17:43:00,1955,SC,Casa,luminária,3,900.82,15,cancelado,aplicativo
916,2026-04-24 05:24:00,1288,SP,Casa,cafeteira,2,1111.38,10,pago,aplicativo
917,2026-04-06 14:19:00,1850,MG,Eletrônicos,teclado,5,1498.24,5,enviado,marketplace
918,2026-04-16 14:14:00,1650,PE,Papelaria,caneta,4,416.79,15,entregue,aplicativo
919,2026-04-28 06:49:00,1336,SP,Casa,organizador,2,973.2,0,cancelado,site
920,2026-04-08 21:32:00,1423,SC,Eletrônicos,mouse,4,811.82,15,pago,marketplace
921,2026-04-21 06:15:00,1688,RJ,Eletrônicos,mouse,3,1458.34,5,entregue,aplicativo
922,2026-04-01 09:12:00,1127,SC,Casa,cafeteira,3,1405.01,5,pago,site
923,2026-04-17 06:50:00,1196,RJ,Eletrônicos,teclado,5,941.6,15,enviado,site
924,2026-04-02 16:11:00,1287,SC,Esportes,tapete,5,321.54,0,cancelado,site
925,2026-04-23 18:29:00,1505,MG,Livros,biografia,5,298.72,15,enviado,site
926,2026-04-03 23:03:00,1130,PE,Papelaria,caderno,5,1284.66,10,entregue,site
927,2026-04-25 06:06:00,1629,PE,Eletrônicos,mouse,5,1325.82,0,cancelado,marketplace
928,2026-04-20 16:27:00,1864,GO,Eletrônicos,teclado,3,191.36,10,cancelado,aplicativo
929,2026-04-02 23:28:00,1905,PR,Livros,biografia,1,424.12,5,cancelado,aplicativo
930,2026-04-09 20:33:00,1342,RJ,Eletrônicos,teclado,5,1213.43,15,enviado,marketplace
931,2026-04-12 09:02:00,1201,MG,Esportes,garrafa,3,473.1,15,pago,site
932,2026-04-02 02:14:00,1606,BA,Esportes,tapete,3,378.26,5,enviado,aplicativo
933,2026-04-24 15:37:00,1813,PR,Eletrônicos,teclado,1,1165.87,10,cancelado,site
934,2026-04-06 16:20:00,1087,SP,Esportes,mochila,1,572.32,15,pago,site
935,2026-04-03 11:50:00,1308,GO,Eletrônicos,teclado,1,161.72,0,pago,aplicativo
936,2026-04-05 08:40:00,1632,GO,Esportes,tapete,2,1298.23,15,pago,aplicativo
937,2026-04-20 11:36:00,1901,RJ,Esportes,tapete,3,979.87,15,pago,aplicativo
938,2026-04-27 18:02:00,1197,RJ,Papelaria,caneta,1,28.31,15,pago,marketplace
939,2026-04-06 17:36:00,1652,PE,Casa,cafeteira,3,637.3,15,cancelado,site
940,2026-04-03 00:08:00,1061,MG,Casa,luminária,3,880.94,10,entregue,aplicativo
941,2026-04-07 15:03:00,1150,SC,Papelaria,agenda,3,908.96,0,entregue,site
942,2026-04-30 22:21:00,1694,MG,Papelaria,agenda,1,363.71,10,pago,aplicativo
943,2026-04-10 02:51:00,1655,PR,Livros,livro técnico,1,518.91,15,cancelado,marketplace
944,2026-04-16 01:41:00,1872,BA,Esportes,mochila,5,456.45,0,enviado,site
945,2026-04-23 13:41:00,1224,SP,Esportes,garrafa,2,1042.9,5,enviado,site
946,2026-04-16 02:06:00,1826,GO,Esportes,mochila,2,606.47,0,entregue,site
947,2026-04-02 08:47:00,1568,RJ,Eletrônicos,teclado,2,442.96,0,entregue,site
948,2026-04-10 00:04:00,1290,MG,Eletrônicos,fone,2,1329.22,15,enviado,aplicativo
949,2026-04-09 03:00:00,1200,SP,Papelaria,caderno,2,1265.89,0,pago,marketplace
950,2026-04-30 19:17:00,1806,RJ,Casa,organizador,3,1404.81,0,cancelado,site
951,2026-04-08 19:10:00,1963,GO,Livros,romance,1,186.56,0,enviado,site
952,2026-04-18 00:47:00,1325,GO,Papelaria,caneta,2,1382.31,10,enviado,marketplace
953,2026-04-15 21:54:00,1253,SP,Livros,livro técnico,3,1310.55,10,cancelado,site
954,2026-04-28 23:37:00,1066,MG,Eletrônicos,teclado,5,588.29,15,entregue,aplicativo
955,2026-04-09 03:30:00,1329,BA,Papelaria,caneta,5,1044.82,15,cancelado,aplicativo
956,2026-04-19 05:56:00,1653,SP,Livros,biografia,2,337.09,0,cancelado,site
957,2026-04-14 22:13:00,1435,GO,Esportes,garrafa,5,244.24,0,entregue,marketplace
958,2026-04-04 19:46:00,1302,SC,Eletrônicos,fone,5,533.85,10,pago,aplicativo
959,2026-04-16 07:24:00,1436,SC,Papelaria,agenda,4,654.43,0,cancelado,aplicativo
960,2026-04-02 02:59:00,1183,SC,Livros,romance,2,405.78,0,entregue,site
961,2026-04-24 08:06:00,1559,RJ,Livros,biografia,3,1390.64,0,pago,site
962,2026-04-25 20:24:00,1205,BA,Livros,livro técnico,2,1015.91,0,entregue,marketplace
963,2026-04-28 11:45:00,1141,PE,Livros,livro técnico,1,1157.41,0,entregue,aplicativo
964,2026-04-30 19:46:00,1012,SC,Esportes,mochila,5,1484.02,0,cancelado,site
965,2026-04-10 13:14:00,1485,PR,Casa,cafeteira,5,884.64,10,cancelado,marketplace
966,2026-04-04 21:47:00,1320,PR,Esportes,tapete,4,1157.5,15,cancelado,site
967,2026-04-26 09:58:00,1030,BA,Esportes,tapete,2,870.49,0,entregue,marketplace
968,2026-04-30 23:38:00,1854,BA,Eletrônicos,teclado,3,345.98,5,cancelado,marketplace
969,2026-04-15 20:09:00,1601,SP,Papelaria,caneta,5,1180.18,0,enviado,aplicativo
970,2026-04-28 10:38:00,1935,GO,Papelaria,agenda,4,314.26,5,pago,marketplace
971,2026-04-22 14:35:00,1111,BA,Esportes,garrafa,5,1443.29,15,entregue,site
972,2026-04-26 03:55:00,1181,SP,Casa,luminária,5,738.03,0,enviado,site
973,2026-04-10 08:53:00,1238,PE,Esportes,tapete,5,114.27,0,entregue,marketplace
974,2026-04-15 20:55:00,1880,GO,Eletrônicos,fone,4,243.98,0,enviado,marketplace
975,2026-04-04 03:06:00,1398,PR,Esportes,tapete,2,1306.97,0,cancelado,marketplace
976,2026-04-28 11:24:00,1588,PE,Esportes,garrafa,5,312.43,15,cancelado,aplicativo
977,2026-04-07 11:51:00,1456,RJ,Casa,luminária,4,911.22,0,entregue,marketplace
978,2026-04-22 01:23:00,1589,SP,Esportes,tapete,1,438.99,5,entregue,marketplace
979,2026-04-28 21:35:00,1843,MG,Livros,romance,4,381.21,10,cancelado,aplicativo
980,2026-04-09 08:22:00,1715,RJ,Esportes,mochila,4,1050.98,0,enviado,site
981,2026-04-25 11:21:00,1298,RJ,Livros,biografia,2,1364.02,5,pago,aplicativo
982,2026-04-23 22:56:00,1784,BA,Eletrônicos,fone,4,681.89,0,enviado,marketplace
983,2026-04-02 05:10:00,1074,SC,Eletrônicos,teclado,4,522.05,5,enviado,aplicativo
984,2026-04-12 09:43:00,1117,MG,Eletrônicos,fone,3,1008.74,5,cancelado,aplicativo
985,2026-04-25 23:01:00,1672,PR,Eletrônicos,fone,4,218.98,0,enviado,site
986,2026-04-05 13:47:00,1181,PE,Eletrônicos,mouse,1,806.63,5,enviado,site
987,2026-04-13 10:27:00,1157,SC,Eletrônicos,mouse,3,275.13,15,pago,marketplace
988,2026-04-21 02:50:00,1713,SP,Papelaria,caderno,5,965.11,15,pago,aplicativo
989,2026-04-03 09:15:00,1612,SP,Livros,romance,1,1160.89,0,enviado,aplicativo
990,2026-04-05 03:49:00,1016,GO,Casa,luminária,1,1484.04,0,enviado,marketplace
991,2026-04-05 09:30:00,1816,MG,Eletrônicos,fone,2,75.58,10,pago,aplicativo
992,2026-04-29 12:37:00,1194,PR,Livros,biografia,5,598.65,5,pago,site
993,2026-04-17 05:28:00,1331,MG,Casa,luminária,1,609.19,0,pago,aplicativo
994,2026-04-11 00:24:00,1067,PE,Casa,organizador,5,559.78,0,enviado,aplicativo
995,2026-04-23 17:40:00,1104,MG,Livros,biografia,3,1438.96,10,entregue,marketplace
996,2026-04-07 01:11:00,1340,MG,Esportes,mochila,3,1467.25,15,cancelado,site
997,2026-04-28 16:40:00,1933,SC,Livros,livro técnico,4,771.43,15,enviado,marketplace
998,2026-04-01 14:31:00,1238,SP,Papelaria,agenda,5,1140.82,0,entregue,site
999,2026-04-29 04:56:00,1081,SP,Esportes,garrafa,2,568.04,0,enviado,site
1000,2026-04-30 05:16:00,1038,PR,Esportes,garrafa,5,1482.94,5,entregue,site
1001,2026-04-30 06:59:00,1805,SP,Livros,romance,5,1189.75,5,entregue,site
1002,2026-04-16 01:50:00,1350,PR,Casa,cafeteira,2,813.57,15,enviado,marketplace
1003,2026-04-18 08:41:00,1533,BA,Casa,cafeteira,2,669.12,0,pago,aplicativo
1004,2026-04-03 08:54:00,1649,MG,Eletrônicos,fone,2,197.09,0,enviado,site
1005,2026-04-20 09:34:00,1742,SC,Papelaria,caderno,3,254.6,0,enviado,aplicativo
1006,2026-04-12 07:56:00,1310,PE,Casa,cafeteira,5,677.92,15,enviado,aplicativo
1007,2026-04-17 08:45:00,1407,GO,Esportes,garrafa,2,711.36,5,cancelado,site
1008,2026-04-18 08:36:00,1437,RJ,Esportes,garrafa,3,896.82,0,enviado,aplicativo
1009,2026-04-14 22:04:00,1464,PE,Esportes,tapete,4,847.59,5,pago,aplicativo
1010,2026-04-22 08:33:00,1200,MG,Casa,cafeteira,2,16.23,10,entregue,aplicativo
1011,2026-04-18 23:03:00,1993,BA,Esportes,tapete,4,739.43,15,pago,aplicativo
1012,2026-04-18 12:19:00,1954,MG,Eletrônicos,fone,2,1146.8,0,entregue,marketplace
1013,2026-04-17 18:09:00,1713,SP,Esportes,mochila,4,1390.51,15,enviado,site
1014,2026-04-17 10:45:00,1646,SP,Esportes,garrafa,2,399.38,5,enviado,aplicativo
1015,2026-04-27 07:42:00,1974,MG,Casa,cafeteira,1,183.93,0,cancelado,aplicativo
1016,2026-04-24 14:22:00,1931,PR,Papelaria,caderno,4,257.08,5,entregue,marketplace
1017,2026-04-25 06:23:00,1674,GO,Livros,biografia,5,468.89,5,pago,site
1018,2026-04-07 11:52:00,1275,PR,Papelaria,caneta,4,1051.52,0,enviado,aplicativo
1019,2026-04-04 04:17:00,1792,GO,Eletrônicos,fone,5,631.1,0,cancelado,site
1020,2026-04-09 11:35:00,1720,MG,Casa,organizador,2,734.84,10,pago,aplicativo
1021,2026-04-09 10:45:00,1205,SP,Papelaria,caderno,2,1215.68,0,entregue,aplicativo
1022,2026-04-29 10:02:00,1111,MG,Esportes,mochila,1,446.76,5,pago,aplicativo
1023,2026-04-02 08:24:00,1599,PR,Eletrônicos,teclado,4,732.94,0,pago,site
1024,2026-04-27 12:11:00,1808,SP,Livros,livro técnico,1,324.49,0,cancelado,marketplace
1025,2026-04-23 02:45:00,1484,BA,Papelaria,caneta,5,649.89,0,entregue,aplicativo
1026,2026-04-19 03:14:00,1387,SP,Casa,organizador,3,1310.89,0,pago,aplicativo
1027,2026-04-07 07:40:00,1026,RJ,Esportes,mochila,5,426.41,15,enviado,aplicativo
1028,2026-04-30 23:40:00,1890,SC,Esportes,mochila,5,625.56,0,pago,marketplace
1029,2026-04-29 20:15:00,1368,SP,Livros,livro técnico,3,1020.11,0,cancelado,aplicativo
1030,2026-04-16 20:28:00,1438,SC,Papelaria,caderno,1,1104.07,0,enviado,marketplace
1031,2026-04-27 00:39:00,1803,SP,Casa,cafeteira,2,751.91,0,entregue,marketplace
1032,2026-04-08 15:33:00,1917,SC,Papelaria,caneta,1,728.43,10,enviado,site
1033,2026-04-05 01:41:00,1108,GO,Casa,luminária,1,248.75,0,cancelado,aplicativo
1034,2026-04-12 17:23:00,1681,SC,Casa,cafeteira,1,1001.56,10,cancelado,site
1035,2026-04-27 05:06:00,1784,RJ,Livros,livro técnico,3,571.75,15,cancelado,marketplace
1036,2026-04-11 14:53:00,1228,PE,Papelaria,caneta,1,443.55,0,pago,aplicativo
1037,2026-04-06 06:49:00,1586,BA,Papelaria,caderno,2,1281.46,5,pago,aplicativo
1038,2026-04-25 09:01:00,1194,GO,Eletrônicos,mouse,4,486.27,0,enviado,marketplace
1039,2026-04-11 02:38:00,1109,GO,Papelaria,agenda,1,812.06,5,entregue,site
1040,2026-04-23 17:57:00,1696,SC,Livros,livro técnico,2,906.18,0,pago,marketplace
1041,2026-04-23 20:43:00,1705,RJ,Livros,romance,3,1495.3,15,cancelado,marketplace
1042,2026-04-14 06:23:00,1721,GO,Casa,organizador,1,1471.9,0,enviado,marketplace
1043,2026-04-11 05:50:00,1717,SP,Casa,cafeteira,2,1286.6,15,cancelado,aplicativo
1044,2026-04-25 22:29:00,1401,BA,Casa,luminária,4,1020.07,0,cancelado,aplicativo
1045,2026-04-13 21:09:00,1289,PR,Eletrônicos,mouse,5,596.72,0,entregue,marketplace
1046,2026-04-14 20:07:00,1468,MG,Eletrônicos,mouse,5,214.97,15,cancelado,aplicativo
1047,2026-04-10 22:15:00,1823,PR,Casa,luminária,1,549.72,10,pago,marketplace
1048,2026-04-20 10:31:00,1695,MG,Casa,organizador,1,153.11,5,enviado,site
1049,2026-04-30 14:04:00,1346,GO,Eletrônicos,mouse,2,944.19,5,enviado,site
1050,2026-04-19 01:14:00,1500,PE,Eletrônicos,fone,5,1432.29,15,cancelado,marketplace
1051,2026-04-30 14:18:00,1391,PE,Eletrônicos,teclado,4,557.31,0,pago,site
1052,2026-04-30 04:35:00,1684,PR,Eletrônicos,teclado,1,884.41,10,cancelado,aplicativo
1053,2026-04-09 05:48:00,1393,SC,Eletrônicos,mouse,4,454.56,0,pago,aplicativo
1054,2026-04-25 11:06:00,1189,GO,Eletrônicos,mouse,1,596.76,10,cancelado,site
1055,2026-04-25 12:42:00,1730,RJ,Papelaria,agenda,2,1448.86,0,enviado,marketplace
1056,2026-04-26 05:54:00,1457,BA,Casa,luminária,1,68.32,10,enviado,marketplace
1057,2026-04-26 14:23:00,1262,SP,Casa,luminária,1,1470.09,10,entregue,aplicativo
1058,2026-04-20 06:05:00,1967,SP,Papelaria,caderno,2,457.89,10,entregue,marketplace
1059,2026-04-07 08:45:00,1590,SC,Papelaria,caneta,3,788.77,0,enviado,marketplace
1060,2026-04-03 00:51:00,1242,SP,Eletrônicos,mouse,2,221.08,0,enviado,marketplace
1061,2026-04-27 22:23:00,1367,PE,Papelaria,caderno,2,1096.37,5,pago,marketplace
1062,2026-04-18 09:00:00,1665,MG,Livros,romance,4,689.54,0,cancelado,marketplace
1063,2026-04-10 06:33:00,1072,PE,Casa,cafeteira,2,1074.52,10,enviado,aplicativo
1064,2026-04-20 17:38:00,1388,SP,Casa,organizador,5,378.77,0,pago,marketplace
1065,2026-04-25 22:57:00,1416,RJ,Eletrônicos,mouse,3,963.86,0,entregue,aplicativo
1066,2026-04-13 10:53:00,1010,RJ,Casa,luminária,4,1469.43,0,cancelado,site
1067,2026-04-24 23:03:00,1745,PE,Eletrônicos,fone,5,1233.8,5,pago,marketplace
1068,2026-04-27 00:56:00,1886,PE,Livros,biografia,5,413.87,0,pago,site
1069,2026-04-09 05:20:00,1353,GO,Livros,romance,4,892.54,0,pago,marketplace
1070,2026-04-08 01:50:00,1673,MG,Papelaria,agenda,2,574.41,15,entregue,site
1071,2026-04-12 08:05:00,1694,GO,Livros,biografia,4,282.83,0,cancelado,marketplace
1072,2026-04-20 11:14:00,1533,PR,Livros,romance,3,957.1,0,entregue,aplicativo
1073,2026-04-29 21:14:00,1081,RJ,Livros,livro técnico,2,1417.85,0,pago,site
1074,2026-04-23 10:19:00,1827,SP,Livros,biografia,4,1018.78,15,enviado,aplicativo
1075,2026-04-25 05:31:00,1714,RJ,Esportes,mochila,4,30.71,0,pago,marketplace
1076,2026-04-25 07:37:00,1767,BA,Esportes,mochila,2,1491.39,15,pago,marketplace
1077,2026-04-24 19:49:00,1925,PR,Esportes,garrafa,2,121.93,0,entregue,site
1078,2026-04-18 06:04:00,1174,BA,Esportes,tapete,1,513.56,15,enviado,marketplace
1079,2026-04-14 14:46:00,1494,PE,Eletrônicos,teclado,3,327.47,15,cancelado,site
1080,2026-04-24 11:05:00,1845,SP,Livros,biografia,4,1339.82,5,pago,aplicativo
1081,2026-04-21 22:49:00,1336,PE,Eletrônicos,mouse,3,169.67,0,enviado,aplicativo
1082,2026-04-05 14:41:00,1441,SC,Livros,livro técnico,2,136.27,10,enviado,aplicativo
1083,2026-04-01 07:32:00,1159,PE,Eletrônicos,teclado,2,711.34,0,entregue,aplicativo
1084,2026-04-25 09:55:00,1831,PE,Esportes,garrafa,1,1484.16,15,cancelado,site
1085,2026-04-20 18:00:00,1005,BA,Casa,organizador,2,174.89,0,pago,site
1086,2026-04-16 01:46:00,1922,SP,Esportes,tapete,2,1002.65,5,entregue,site
1087,2026-04-26 00:52:00,1507,MG,Esportes,tapete,3,1129.12,5,cancelado,site
1088,2026-04-01 23:06:00,1129,MG,Eletrônicos,fone,3,755.0,15,enviado,site
1089,2026-04-28 04:10:00,1755,SP,Livros,romance,4,725.49,0,cancelado,site
1090,2026-04-29 02:35:00,1156,MG,Esportes,garrafa,2,428.9,0,entregue,marketplace
1091,2026-04-20 12:45:00,1203,SC,Casa,cafeteira,1,1054.71,10,enviado,site
1092,2026-04-29 21:01:00,1152,PR,Papelaria,agenda,1,207.12,0,entregue,site
1093,2026-04-01 19:17:00,1631,PR,Casa,organizador,1,1297.88,5,cancelado,marketplace
1094,2026-04-29 19:44:00,1236,PR,Livros,biografia,3,644.85,0,cancelado,marketplace
1095,2026-04-06 00:12:00,1275,BA,Eletrônicos,teclado,3,1415.07,15,cancelado,site
1096,2026-04-09 06:31:00,1041,SP,Livros,livro técnico,1,994.04,0,enviado,aplicativo
1097,2026-04-28 14:29:00,1103,GO,Esportes,tapete,2,385.87,5,entregue,aplicativo
1098,2026-04-05 09:49:00,1685,SP,Livros,livro técnico,5,1157.99,0,entregue,aplicativo
1099,2026-04-27 19:14:00,1541,BA,Livros,biografia,2,978.87,0,cancelado,site
1100,2026-04-29 15:38:00,1760,RJ,Eletrônicos,fone,1,883.98,15,enviado,site
1101,2026-04-04 09:47:00,1964,BA,Esportes,garrafa,3,1090.77,0,enviado,site
1102,2026-04-20 00:47:00,1563,PE,Casa,luminária,5,1462.94,0,cancelado,marketplace
1103,2026-04-04 01:57:00,1494,GO,Eletrônicos,teclado,5,1397.69,10,pago,site
1104,2026-04-06 20:49:00,1296,SP,Papelaria,caneta,5,100.58,15,enviado,marketplace
1105,2026-04-25 05:35:00,1891,RJ,Esportes,tapete,2,662.24,10,cancelado,marketplace
1106,2026-04-28 15:14:00,1278,PR,Esportes,tapete,2,15.36,10,enviado,marketplace
1107,2026-04-21 17:27:00,1515,PE,Eletrônicos,mouse,3,1280.19,0,entregue,marketplace
1108,2026-04-11 04:35:00,1046,PR,Eletrônicos,fone,3,68.25,0,entregue,site
1109,2026-04-30 05:41:00,1254,PR,Livros,livro técnico,5,183.12,15,entregue,marketplace
1110,2026-04-15 18:30:00,1085,PE,Papelaria,caneta,2,618.43,10,entregue,aplicativo
1111,2026-04-01 11:22:00,1843,BA,Eletrônicos,mouse,2,1098.41,0,enviado,aplicativo
1112,2026-04-30 21:57:00,1888,RJ,Eletrônicos,mouse,4,1419.03,0,enviado,aplicativo
1113,2026-04-13 05:35:00,1208,GO,Casa,organizador,2,674.62,15,cancelado,aplicativo
1114,2026-04-05 06:20:00,1507,MG,Casa,organizador,4,285.69,0,enviado,marketplace
1115,2026-04-09 05:03:00,1663,PE,Esportes,mochila,1,472.14,0,cancelado,marketplace
1116,2026-04-04 03:51:00,1146,RJ,Papelaria,caderno,4,375.43,15,cancelado,site
1117,2026-04-01 12:52:00,1617,RJ,Papelaria,caderno,4,582.15,0,pago,marketplace
1118,2026-04-12 07:15:00,1788,RJ,Eletrônicos,fone,3,222.53,15,pago,site
1119,2026-04-16 09:36:00,1873,RJ,Eletrônicos,mouse,2,217.45,10,cancelado,site
1120,2026-04-22 19:05:00,1158,PR,Livros,romance,1,819.85,0,pago,site
1121,2026-04-25 18:53:00,1303,RJ,Eletrônicos,fone,5,1330.82,5,enviado,site
1122,2026-04-11 07:35:00,1437,GO,Casa,luminária,2,536.43,0,enviado,marketplace
1123,2026-04-06 02:46:00,1503,MG,Esportes,mochila,1,344.54,0,entregue,site
1124,2026-04-06 09:16:00,1369,RJ,Papelaria,caneta,1,910.71,0,cancelado,marketplace
1125,2026-04-09 06:05:00,1695,GO,Livros,biografia,2,1340.75,15,entregue,marketplace
1126,2026-04-05 17:30:00,1277,SC,Livros,romance,3,1399.99,15,pago,site
1127,2026-04-07 16:06:00,1327,MG,Casa,cafeteira,4,675.58,5,pago,site
1128,2026-04-13 16:10:00,1148,RJ,Papelaria,caneta,3,1492.21,0,cancelado,aplicativo
1129,2026-04-20 06:56:00,1492,GO,Livros,romance,5,1192.32,0,enviado,marketplace
1130,2026-04-20 01:17:00,1562,SC,Casa,organizador,5,805.32,10,enviado,aplicativo
1131,2026-04-20 04:45:00,1539,PR,Eletrônicos,mouse,1,360.44,0,enviado,site
1132,2026-04-22 13:39:00,1980,MG,Livros,biografia,1,98.77,0,entregue,site
1133,2026-04-07 13:26:00,1855,GO,Livros,romance,2,324.0,0,pago,marketplace
1134,2026-04-07 12:16:00,1386,SP,Casa,luminária,4,563.81,15,pago,marketplace
1135,2026-04-22 16:49:00,1857,MG,Papelaria,caderno,1,228.86,0,pago,site
1136,2026-04-26 21:41:00,1851,GO,Eletrônicos,fone,2,1150.47,5,enviado,marketplace
1137,2026-04-14 15:08:00,1481,GO,Papelaria,agenda,3,671.52,15,pago,aplicativo
1138,2026-04-03 17:32:00,1902,SP,Eletrônicos,fone,5,1129.19,10,enviado,site
1139,2026-04-21 16:12:00,1567,PE,Esportes,tapete,5,757.79,15,enviado,aplicativo
1140,2026-04-05 04:25:00,1534,GO,Casa,organizador,2,1117.27,5,pago,site
1141,2026-04-26 10:53:00,1619,RJ,Esportes,garrafa,4,721.35,15,cancelado,aplicativo
1142,2026-04-17 21:45:00,1662,GO,Casa,luminária,2,412.18,0,pago,aplicativo
1143,2026-04-02 06:38:00,1245,PE,Papelaria,caneta,2,816.94,0,enviado,marketplace
1144,2026-04-09 13:03:00,1564,PR,Eletrônicos,teclado,1,368.1,0,pago,marketplace
1145,2026-04-03 04:28:00,1322,RJ,Esportes,garrafa,3,22.63,0,entregue,aplicativo
1146,2026-04-15 07:29:00,1769,GO,Papelaria,caderno,3,1461.04,15,pago,aplicativo
1147,2026-04-23 22:02:00,1103,MG,Esportes,mochila,1,884.89,5,cancelado,marketplace
1148,2026-04-08 08:05:00,1155,SC,Eletrônicos,teclado,1,1328.95,0,enviado,site
1149,2026-04-08 07:54:00,1986,BA,Casa,cafeteira,4,1180.17,0,entregue,aplicativo
1150,2026-04-02 19:42:00,1912,GO,Papelaria,caneta,2,321.14,10,pago,site
1151,2026-04-23 15:25:00,1099,SP,Papelaria,agenda,2,1151.81,0,pago,aplicativo
1152,2026-04-15 06:39:00,1173,PE,Eletrônicos,teclado,2,111.56,10,entregue,aplicativo
1153,2026-04-09 03:43:00,1727,SC,Eletrônicos,fone,3,1479.35,0,cancelado,marketplace
1154,2026-04-26 21:12:00,1499,SP,Casa,luminária,3,1289.91,5,cancelado,marketplace
1155,2026-04-17 16:34:00,1524,BA,Casa,organizador,3,134.4,5,cancelado,aplicativo
1156,2026-04-30 07:16:00,1058,PR,Eletrônicos,mouse,5,21.83,0,entregue,aplicativo
1157,2026-04-19 04:07:00,1874,RJ,Casa,cafeteira,2,588.45,5,pago,aplicativo
1158,2026-04-30 05:45:00,1547,SC,Esportes,tapete,1,137.88,15,pago,aplicativo
1159,2026-04-19 06:34:00,1336,RJ,Esportes,garrafa,3,520.21,10,cancelado,site
1160,2026-04-13 16:03:00,1465,SP,Esportes,garrafa,5,242.05,5,enviado,marketplace
1161,2026-04-26 20:37:00,1032,GO,Casa,organizador,1,1405.32,0,cancelado,aplicativo
1162,2026-04-10 15:00:00,1888,SP,Casa,luminária,4,412.07,15,enviado,site
1163,2026-04-13 11:10:00,1414,RJ,Casa,luminária,3,1311.93,5,cancelado,marketplace
1164,2026-04-12 19:23:00,1188,SP,Casa,cafeteira,1,1343.49,5,entregue,aplicativo
1165,2026-04-16 21:30:00,1964,GO,Casa,luminária,4,718.49,15,enviado,marketplace
1166,2026-04-26 22:56:00,1398,SP,Esportes,tapete,5,1176.78,10,enviado,site
1167,2026-04-07 13:57:00,1331,BA,Papelaria,agenda,1,234.25,5,enviado,aplicativo
1168,2026-04-19 11:52:00,1269,SP,Livros,livro técnico,4,1415.55,0,cancelado,marketplace
1169,2026-04-02 15:51:00,1223,PR,Papelaria,caderno,4,1047.7,0,cancelado,site
1170,2026-04-09 16:47:00,1995,SP,Livros,livro técnico,3,1222.53,0,entregue,aplicativo
1171,2026-04-23 17:11:00,1664,SC,Papelaria,caderno,4,621.48,0,cancelado,marketplace
1172,2026-04-09 00:02:00,1469,GO,Livros,livro técnico,3,273.57,10,enviado,marketplace
1173,2026-04-13 23:19:00,1865,GO,Esportes,tapete,3,1056.12,0,pago,site
1174,2026-04-01 17:56:00,1631,GO,Eletrônicos,mouse,1,749.64,10,pago,marketplace
1175,2026-04-27 10:51:00,1825,SP,Esportes,mochila,3,1279.04,0,enviado,aplicativo
1176,2026-04-06 05:03:00,1200,SC,Papelaria,caneta,1,532.41,5,cancelado,marketplace
1177,2026-04-18 01:12:00,1800,PR,Esportes,garrafa,5,432.57,15,entregue,aplicativo
1178,2026-04-11 23:50:00,1004,GO,Esportes,mochila,1,33.14,0,entregue,marketplace
1179,2026-04-16 06:00:00,1174,GO,Papelaria,caneta,2,838.05,5,enviado,marketplace
1180,2026-04-27 07:10:00,1439,MG,Esportes,garrafa,4,1466.26,0,cancelado,aplicativo
1181,2026-04-20 21:45:00,1236,RJ,Papelaria,caderno,2,761.34,15,cancelado,marketplace
1182,2026-04-08 05:43:00,1971,BA,Livros,biografia,2,148.95,0,cancelado,site
1183,2026-04-02 06:23:00,1632,RJ,Papelaria,caderno,5,579.78,15,enviado,aplicativo
1184,2026-04-11 21:50:00,1668,PR,Livros,livro técnico,3,298.81,0,cancelado,aplicativo
1185,2026-04-04 18:37:00,1957,MG,Eletrônicos,teclado,1,961.2,10,pago,site
1186,2026-04-06 14:00:00,1109,MG,Esportes,mochila,3,400.37,0,pago,site
1187,2026-04-10 11:09:00,1400,RJ,Esportes,tapete,4,1195.21,5,pago,aplicativo
1188,2026-04-20 02:39:00,1384,BA,Eletrônicos,fone,4,1214.74,0,entregue,site
1189,2026-04-26 19:38:00,1646,SP,Casa,cafeteira,1,1464.11,0,cancelado,marketplace
1190,2026-04-01 05:28:00,1162,PE,Papelaria,agenda,1,297.34,0,pago,marketplace
1191,2026-04-10 20:15:00,1887,BA,Papelaria,caderno,1,1348.87,0,entregue,site
1192,2026-04-06 18:15:00,1274,PE,Casa,luminária,4,306.86,0,entregue,marketplace
1193,2026-04-14 09:28:00,1478,SC,Papelaria,agenda,4,773.86,5,enviado,aplicativo
1194,2026-04-13 19:01:00,1984,GO,Casa,luminária,1,879.64,10,entregue,site
1195,2026-04-23 04:50:00,1443,SC,Casa,cafeteira,4,898.53,0,entregue,marketplace
1196,2026-04-18 10:23:00,1439,PR,Eletrônicos,mouse,5,535.84,15,pago,aplicativo
1197,2026-04-24 06:32:00,1259,GO,Casa,luminária,3,909.78,15,entregue,aplicativo
1198,2026-04-09 04:30:00,1828,BA,Eletrônicos,fone,4,1188.44,0,enviado,site
1199,2026-04-17 21:57:00,1380,MG,Casa,cafeteira,3,192.23,0,pago,marketplace
1200,2026-04-22 04:18:00,1581,BA,Livros,livro técnico,2,846.84,5,entregue,marketplace
1201,2026-04-10 21:31:00,1105,PE,Casa,cafeteira,5,1419.94,15,pago,marketplace
1202,2026-04-20 19:21:00,1325,BA,Esportes,mochila,2,303.71,5,cancelado,site
1203,2026-04-06 10:15:00,1127,SC,Livros,romance,2,906.13,10,cancelado,site
1204,2026-04-13 23:20:00,1018,SP,Papelaria,caderno,4,433.71,5,pago,marketplace
1205,2026-04-16 08:31:00,1660,SP,Papelaria,caderno,1,710.14,5,entregue,aplicativo
1206,2026-04-19 05:16:00,1081,BA,Livros,romance,4,922.36,5,entregue,marketplace
1207,2026-04-30 04:14:00,1990,RJ,Esportes,tapete,3,1407.18,0,pago,site
1208,2026-04-07 07:32:00,1107,BA,Eletrônicos,fone,4,347.25,0,enviado,marketplace
1209,2026-04-01 05:23:00,1956,SP,Livros,biografia,3,1326.15,0,pago,site
1210,2026-04-13 00:03:00,1337,GO,Livros,livro técnico,3,1051.01,0,cancelado,site
1211,2026-04-07 17:39:00,1771,GO,Casa,organizador,4,1005.67,10,enviado,marketplace
1212,2026-04-23 07:19:00,1999,PE,Esportes,mochila,3,1161.24,5,enviado,site
1213,2026-04-04 18:26:00,1361,PR,Livros,romance,2,1045.5,0,cancelado,site
1214,2026-04-10 20:04:00,1479,GO,Casa,luminária,2,736.59,0,enviado,marketplace
1215,2026-04-15 06:16:00,1778,PE,Papelaria,agenda,4,986.38,10,pago,site
1216,2026-04-18 13:09:00,1998,SC,Casa,organizador,5,775.06,5,enviado,site
1217,2026-04-08 11:20:00,1702,PE,Livros,romance,5,976.09,0,cancelado,site
1218,2026-04-01 18:07:00,1915,SC,Eletrônicos,fone,2,407.47,5,cancelado,aplicativo
1219,2026-04-26 01:04:00,1086,BA,Livros,livro técnico,4,325.98,5,cancelado,marketplace
1220,2026-04-21 02:03:00,1279,BA,Livros,livro técnico,1,83.21,5,cancelado,site
1221,2026-04-19 07:50:00,1180,PE,Livros,livro técnico,5,915.1,10,cancelado,site
1222,2026-04-12 07:54:00,1981,RJ,Eletrônicos,mouse,2,181.63,0,entregue,site
1223,2026-04-05 14:21:00,1282,PR,Eletrônicos,mouse,5,1052.27,5,cancelado,aplicativo
1224,2026-04-13 05:01:00,1507,PR,Eletrônicos,fone,2,1180.73,0,entregue,marketplace
1225,2026-04-01 03:23:00,1096,MG,Papelaria,caneta,5,1362.6,10,cancelado,marketplace
1226,2026-04-11 20:38:00,1174,BA,Livros,biografia,1,258.3,0,cancelado,site
1227,2026-04-22 14:23:00,1438,BA,Eletrônicos,mouse,1,274.5,0,pago,site
1228,2026-04-17 00:38:00,1992,SC,Eletrônicos,mouse,5,11.5,0,cancelado,site
1229,2026-04-26 19:36:00,1696,PE,Eletrônicos,fone,2,792.65,0,enviado,site
1230,2026-04-16 06:38:00,1463,SC,Eletrônicos,teclado,3,1484.79,0,cancelado,aplicativo
1231,2026-04-01 14:48:00,1847,BA,Livros,romance,3,1068.13,10,cancelado,site
1232,2026-04-24 15:13:00,1745,SP,Livros,biografia,2,1468.17,0,enviado,aplicativo
1233,2026-04-12 02:54:00,1591,GO,Esportes,garrafa,3,317.4,0,enviado,aplicativo
1234,2026-04-29 12:43:00,1695,SC,Eletrônicos,teclado,5,270.68,15,entregue,aplicativo
1235,2026-04-19 23:47:00,1967,PE,Esportes,mochila,3,293.95,10,entregue,marketplace
1236,2026-04-21 17:00:00,1580,BA,Eletrônicos,teclado,3,174.18,0,cancelado,marketplace
1237,2026-04-07 20:05:00,1535,PE,Casa,organizador,5,841.63,0,entregue,aplicativo
1238,2026-04-14 09:55:00,1015,SC,Livros,livro técnico,1,333.81,10,pago,site
1239,2026-04-01 05:33:00,1440,BA,Esportes,tapete,1,84.35,0,entregue,aplicativo
1240,2026-04-26 12:29:00,1158,RJ,Papelaria,agenda,3,222.54,15,enviado,aplicativo
1241,2026-04-14 05:38:00,1224,SP,Papelaria,caderno,4,1400.07,0,cancelado,aplicativo
1242,2026-04-12 21:21:00,1942,PE,Esportes,garrafa,5,473.0,10,cancelado,marketplace
1243,2026-04-07 08:01:00,1699,PR,Livros,biografia,3,212.18,10,enviado,aplicativo
1244,2026-04-14 12:46:00,1580,SC,Livros,livro técnico,5,283.22,5,pago,site
1245,2026-04-15 06:09:00,1515,BA,Papelaria,caneta,4,537.75,5,cancelado,aplicativo
1246,2026-04-26 10:28:00,1027,GO,Esportes,garrafa,1,1136.23,10,entregue,site
1247,2026-04-17 23:32:00,1130,PE,Papelaria,agenda,1,1135.45,5,enviado,aplicativo
1248,2026-04-24 13:48:00,1471,SP,Eletrônicos,teclado,1,91.49,15,pago,aplicativo
1249,2026-04-14 05:23:00,1579,SC,Papelaria,caderno,3,1297.83,0,pago,marketplace
1250,2026-04-07 13:27:00,1575,SC,Casa,cafeteira,2,343.08,15,enviado,aplicativo
1251,2026-04-01 07:02:00,1824,SC,Livros,biografia,5,1034.78,0,pago,site
1252,2026-04-06 12:12:00,1532,RJ,Casa,cafeteira,2,314.4,5,pago,marketplace
1253,2026-04-03 12:47:00,1948,RJ,Esportes,tapete,3,612.79,0,enviado,marketplace
1254,2026-04-20 23:38:00,1879,RJ,Livros,biografia,4,227.91,0,enviado,site
1255,2026-04-24 06:42:00,1759,PR,Casa,luminária,4,725.9,0,pago,marketplace
1256,2026-04-13 12:34:00,1400,GO,Esportes,tapete,1,701.31,5,enviado,site
1257,2026-04-06 11:12:00,1577,GO,Livros,romance,1,875.0,0,cancelado,site
1258,2026-04-22 07:04:00,1903,SC,Livros,livro técnico,3,23.59,0,entregue,marketplace
1259,2026-04-16 21:01:00,1924,GO,Papelaria,caderno,5,103.52,15,enviado,aplicativo
1260,2026-04-21 21:52:00,1732,MG,Papelaria,caneta,3,1179.59,15,entregue,aplicativo
1261,2026-04-23 00:22:00,1385,SC,Eletrônicos,mouse,5,991.87,10,entregue,site
1262,2026-04-27 10:18:00,1356,GO,Livros,biografia,1,76.94,15,enviado,site
1263,2026-04-05 20:01:00,1511,SC,Eletrônicos,mouse,3,1142.26,15,enviado,site
1264,2026-04-18 11:31:00,1773,GO,Casa,cafeteira,1,102.27,0,pago,site
1265,2026-04-18 00:51:00,1621,SP,Eletrônicos,teclado,2,488.53,15,cancelado,aplicativo
1266,2026-04-27 02:43:00,1569,PR,Casa,cafeteira,2,386.22,5,entregue,site
1267,2026-04-08 09:02:00,1444,PR,Casa,cafeteira,1,877.34,15,pago,site
1268,2026-04-01 05:43:00,1368,GO,Eletrônicos,fone,5,824.41,0,entregue,site
1269,2026-04-09 15:40:00,1852,PR,Papelaria,caneta,5,1243.09,10,entregue,aplicativo
1270,2026-04-07 06:35:00,1820,RJ,Papelaria,agenda,4,646.99,5,pago,marketplace
1271,2026-04-24 12:58:00,1305,RJ,Eletrônicos,fone,1,753.08,0,entregue,site
1272,2026-04-12 10:34:00,1399,BA,Casa,organizador,1,1309.94,0,entregue,site
1273,2026-04-11 23:40:00,1873,PE,Papelaria,agenda,4,931.78,10,pago,marketplace
1274,2026-04-30 17:30:00,1030,SP,Esportes,tapete,3,637.89,0,entregue,site
1275,2026-04-25 21:33:00,1836,BA,Casa,luminária,1,361.07,0,pago,aplicativo
1276,2026-04-28 05:20:00,1757,RJ,Eletrônicos,teclado,5,723.37,0,entregue,marketplace
1277,2026-04-02 14:53:00,1508,PR,Eletrônicos,fone,3,652.96,0,enviado,site
1278,2026-04-09 22:16:00,1547,GO,Eletrônicos,fone,1,833.22,0,cancelado,aplicativo
1279,2026-04-20 10:12:00,1562,MG,Casa,organizador,1,662.55,10,entregue,aplicativo
1280,2026-04-20 20:48:00,1940,SP,Casa,organizador,2,355.73,10,pago,site
1281,2026-04-25 09:41:00,1581,SP,Esportes,mochila,1,1311.15,0,pago,site
1282,2026-04-20 23:01:00,1184,PE,Eletrônicos,fone,1,478.05,10,enviado,aplicativo
1283,2026-04-19 02:31:00,1490,RJ,Casa,cafeteira,1,123.8,10,enviado,aplicativo
1284,2026-04-21 04:27:00,1730,PE,Livros,livro técnico,3,1172.51,0,enviado,marketplace
1285,2026-04-25 15:22:00,1515,RJ,Livros,romance,1,526.49,5,cancelado,aplicativo
1286,2026-04-07 05:47:00,1861,PR,Eletrônicos,fone,3,1115.44,0,pago,aplicativo
1287,2026-04-11 16:47:00,1715,SC,Casa,luminária,4,1430.04,0,cancelado,site
1288,2026-04-27 18:30:00,1393,PE,Livros,romance,1,98.98,10,cancelado,aplicativo
1289,2026-04-18 12:09:00,1454,SP,Eletrônicos,teclado,2,316.54,0,cancelado,marketplace
1290,2026-04-14 21:18:00,1032,BA,Eletrônicos,mouse,1,1365.98,0,entregue,marketplace
1291,2026-04-16 12:24:00,1743,GO,Casa,luminária,4,1176.09,15,pago,site
1292,2026-04-14 01:56:00,1879,SC,Papelaria,caneta,4,863.18,10,entregue,site
1293,2026-04-11 20:12:00,1135,SP,Esportes,tapete,3,1201.39,0,pago,site
1294,2026-04-16 08:40:00,1584,GO,Papelaria,caneta,1,927.17,0,entregue,marketplace
1295,2026-04-28 16:05:00,1012,RJ,Livros,biografia,3,856.98,0,entregue,site
1296,2026-04-01 18:51:00,1450,SP,Esportes,tapete,4,65.14,0,cancelado,marketplace
1297,2026-04-19 14:18:00,1059,RJ,Papelaria,caderno,3,1346.6,10,entregue,site
1298,2026-04-12 17:48:00,1784,PE,Esportes,garrafa,3,1304.89,0,enviado,marketplace
1299,2026-04-29 02:57:00,1671,SP,Casa,luminária,2,180.53,0,enviado,marketplace
1300,2026-04-27 09:23:00,1324,SP,Papelaria,caneta,5,1078.86,0,entregue,aplicativo
1301,2026-04-17 01:56:00,1553,SP,Eletrônicos,mouse,5,359.7,0,pago,marketplace
1302,2026-04-24 06:11:00,1079,PR,Esportes,garrafa,2,495.43,0,cancelado,site
1303,2026-04-07 12:16:00,1025,BA,Esportes,tapete,5,1184.37,0,cancelado,marketplace
1304,2026-04-14 09:11:00,1636,SP,Livros,romance,2,558.77,0,enviado,marketplace
1305,2026-04-28 17:13:00,1216,BA,Eletrônicos,fone,5,1076.49,15,entregue,site
1306,2026-04-02 11:36:00,1672,MG,Esportes,mochila,4,1146.29,15,pago,site
1307,2026-04-23 21:57:00,1588,GO,Casa,cafeteira,5,1102.24,10,pago,marketplace
1308,2026-04-24 20:50:00,1532,SC,Esportes,mochila,3,411.08,10,entregue,site
1309,2026-04-17 11:21:00,1236,SC,Livros,livro técnico,3,1124.8,0,enviado,aplicativo
1310,2026-04-04 15:02:00,1360,RJ,Esportes,tapete,3,983.46,10,enviado,aplicativo
1311,2026-04-26 21:52:00,1847,MG,Esportes,garrafa,5,374.97,5,enviado,marketplace
1312,2026-04-16 13:05:00,1321,RJ,Livros,romance,1,618.67,10,enviado,marketplace
1313,2026-04-10 00:22:00,1921,MG,Esportes,mochila,4,33.11,0,cancelado,aplicativo
1314,2026-04-22 09:12:00,1760,RJ,Papelaria,agenda,2,1305.49,5,pago,marketplace
1315,2026-04-07 00:35:00,1527,GO,Casa,luminária,4,538.01,5,enviado,marketplace
1316,2026-04-16 07:53:00,1918,BA,Livros,livro técnico,5,917.05,0,pago,site
1317,2026-04-19 14:36:00,1645,SC,Livros,romance,4,441.04,5,enviado,marketplace
1318,2026-04-27 19:57:00,1938,RJ,Casa,cafeteira,2,1344.44,10,entregue,marketplace
1319,2026-04-15 14:00:00,1449,MG,Esportes,tapete,5,1086.57,0,pago,site
1320,2026-04-16 12:35:00,1049,GO,Livros,romance,3,490.97,0,enviado,site
1321,2026-04-10 14:07:00,1440,PE,Eletrônicos,mouse,5,1320.58,0,pago,aplicativo
1322,2026-04-06 09:29:00,1294,PE,Livros,livro técnico,4,663.99,0,entregue,aplicativo
1323,2026-04-11 13:03:00,1682,PE,Papelaria,caderno,2,153.0,10,enviado,site
1324,2026-04-25 13:38:00,1550,PR,Papelaria,caderno,1,737.67,0,entregue,site
1325,2026-04-20 09:51:00,1749,SC,Livros,biografia,5,198.01,5,entregue,site
1326,2026-04-20 16:08:00,1505,PE,Eletrônicos,teclado,1,1298.11,0,pago,aplicativo
1327,2026-04-11 02:57:00,1744,RJ,Eletrônicos,mouse,3,243.52,0,entregue,aplicativo
1328,2026-04-04 08:55:00,1723,BA,Papelaria,agenda,1,655.73,15,entregue,site
1329,2026-04-29 11:50:00,1036,SP,Papelaria,agenda,2,213.94,5,enviado,marketplace
1330,2026-04-22 09:29:00,1155,SC,Casa,organizador,2,1103.01,0,enviado,site
1331,2026-04-10 17:57:00,1003,GO,Eletrônicos,mouse,1,741.13,10,enviado,marketplace
1332,2026-04-20 00:44:00,1704,PE,Casa,luminária,5,576.63,10,enviado,marketplace
1333,2026-04-25 03:24:00,1672,MG,Livros,romance,3,1262.63,0,cancelado,aplicativo
1334,2026-04-17 06:04:00,1556,SC,Esportes,mochila,3,153.83,0,entregue,aplicativo
1335,2026-04-12 06:13:00,1678,GO,Esportes,tapete,1,272.53,0,pago,aplicativo
1336,2026-04-06 19:52:00,1792,SC,Esportes,mochila,4,905.58,15,enviado,site
1337,2026-04-24 02:18:00,1220,GO,Livros,romance,1,847.76,0,entregue,marketplace
1338,2026-04-18 19:29:00,1828,SC,Livros,romance,4,604.03,0,entregue,aplicativo
1339,2026-04-29 22:58:00,1838,SP,Casa,organizador,3,676.98,0,enviado,marketplace
1340,2026-04-06 00:29:00,1970,BA,Casa,cafeteira,2,911.39,0,pago,aplicativo
1341,2026-04-16 04:02:00,1934,BA,Eletrônicos,mouse,5,104.56,0,enviado,aplicativo
1342,2026-04-08 03:28:00,1858,GO,Papelaria,caderno,2,442.38,0,entregue,aplicativo
1343,2026-04-26 03:58:00,1750,PR,Esportes,garrafa,1,63.75,0,pago,marketplace
1344,2026-04-02 22:11:00,1160,PE,Esportes,tapete,3,46.12,15,enviado,site
1345,2026-04-06 15:03:00,1832,GO,Livros,biografia,4,205.48,15,entregue,site
1346,2026-04-23 23:03:00,1739,GO,Eletrônicos,fone,1,31.97,10,enviado,site
1347,2026-04-09 20:12:00,1851,PE,Papelaria,caneta,3,643.48,15,pago,aplicativo
1348,2026-04-10 05:21:00,1102,PE,Livros,romance,5,712.39,0,cancelado,site
1349,2026-04-26 12:45:00,1285,SC,Casa,organizador,3,1362.42,10,enviado,aplicativo
1350,2026-04-18 21:57:00,1974,BA,Eletrônicos,teclado,5,1074.72,5,enviado,marketplace
1351,2026-04-11 13:31:00,1457,BA,Eletrônicos,teclado,4,849.1,15,entregue,aplicativo
1352,2026-04-04 19:21:00,1097,MG,Casa,cafeteira,2,1298.59,5,enviado,site
1353,2026-04-29 01:22:00,1858,SC,Casa,organizador,5,1087.32,10,enviado,site
1354,2026-04-19 17:51:00,1318,BA,Esportes,tapete,2,64.4,15,cancelado,site
1355,2026-04-10 12:31:00,1773,SC,Livros,biografia,5,754.73,15,enviado,aplicativo
1356,2026-04-22 23:33:00,1526,RJ,Esportes,mochila,1,644.3,0,cancelado,site
1357,2026-04-24 15:54:00,1766,RJ,Eletrônicos,fone,2,304.08,0,pago,aplicativo
1358,2026-04-29 11:56:00,1822,SC,Esportes,garrafa,2,1126.0,10,cancelado,aplicativo
1359,2026-04-06 08:25:00,1445,PE,Eletrônicos,teclado,3,788.5,10,entregue,marketplace
1360,2026-04-14 04:58:00,1535,PR,Casa,luminária,5,1428.47,0,entregue,aplicativo
1361,2026-04-16 00:38:00,1949,MG,Esportes,garrafa,2,791.32,5,pago,aplicativo
1362,2026-04-07 20:13:00,1481,RJ,Esportes,garrafa,1,474.64,0,enviado,marketplace
1363,2026-04-21 20:54:00,1338,RJ,Eletrônicos,mouse,1,941.21,10,enviado,site
1364,2026-04-26 10:44:00,1904,PR,Livros,biografia,3,946.94,0,entregue,aplicativo
1365,2026-04-14 21:57:00,1376,GO,Esportes,mochila,3,846.06,15,enviado,site
1366,2026-04-05 16:28:00,1748,PR,Papelaria,caderno,3,275.7,10,pago,site
1367,2026-04-30 08:19:00,1784,GO,Papelaria,agenda,3,867.73,10,entregue,marketplace
1368,2026-04-22 13:05:00,1214,MG,Papelaria,agenda,1,1177.21,0,pago,marketplace
1369,2026-04-08 12:01:00,1486,SP,Casa,luminária,3,125.9,0,enviado,marketplace
1370,2026-04-22 11:12:00,1334,PE,Esportes,tapete,5,1142.41,0,cancelado,aplicativo
1371,2026-04-22 14:15:00,1363,PE,Esportes,mochila,5,482.29,0,enviado,site
1372,2026-04-07 12:04:00,1860,GO,Livros,biografia,5,668.05,15,entregue,marketplace
1373,2026-04-20 19:35:00,1667,BA,Eletrônicos,mouse,2,47.69,0,cancelado,marketplace
1374,2026-04-20 07:12:00,1218,PR,Livros,biografia,4,567.57,15,pago,site
1375,2026-04-24 22:32:00,1199,SP,Esportes,tapete,5,472.48,0,entregue,aplicativo
1376,2026-04-28 14:45:00,1279,SP,Papelaria,caderno,3,966.09,5,pago,marketplace
1377,2026-04-29 10:57:00,1058,SP,Livros,romance,4,1495.88,15,cancelado,aplicativo
1378,2026-04-30 11:17:00,1768,RJ,Casa,organizador,1,560.61,10,enviado,marketplace
1379,2026-04-04 18:27:00,1429,RJ,Casa,luminária,1,670.63,15,pago,aplicativo
1380,2026-04-13 15:04:00,1873,PR,Eletrônicos,mouse,5,1108.81,0,entregue,marketplace
1381,2026-04-17 16:02:00,1528,SP,Casa,cafeteira,4,630.4,15,pago,site
1382,2026-04-07 17:07:00,1746,PE,Casa,cafeteira,1,267.15,0,entregue,marketplace
1383,2026-04-24 00:06:00,1419,MG,Casa,cafeteira,1,473.64,10,entregue,site
1384,2026-04-26 20:35:00,1856,RJ,Livros,romance,5,1396.11,0,pago,site
1385,2026-04-04 22:23:00,1190,BA,Casa,cafeteira,5,943.67,0,enviado,site
1386,2026-04-18 01:05:00,1471,RJ,Casa,cafeteira,2,468.6,15,enviado,marketplace
1387,2026-04-03 10:15:00,1388,PE,Casa,organizador,2,425.66,10,entregue,aplicativo
1388,2026-04-13 09:58:00,1904,PR,Casa,luminária,2,1469.12,0,cancelado,aplicativo
1389,2026-04-17 03:55:00,1592,BA,Eletrônicos,teclado,3,1160.83,10,cancelado,marketplace
1390,2026-04-27 15:13:00,1394,MG,Casa,luminária,5,857.38,15,cancelado,aplicativo
1391,2026-04-16 13:45:00,1716,PE,Livros,livro técnico,1,774.78,0,entregue,site
1392,2026-04-02 10:20:00,1944,RJ,Esportes,tapete,5,990.91,0,cancelado,site
1393,2026-04-15 16:47:00,1381,GO,Esportes,mochila,5,1352.9,0,pago,marketplace
1394,2026-04-08 05:23:00,1431,SC,Livros,livro técnico,3,511.64,0,enviado,aplicativo
1395,2026-04-22 05:54:00,1559,MG,Livros,livro técnico,1,664.12,10,cancelado,marketplace
1396,2026-04-20 19:06:00,1748,GO,Papelaria,agenda,4,1252.8,0,entregue,marketplace
1397,2026-04-19 06:09:00,1307,SP,Livros,romance,2,1147.13,10,pago,aplicativo
1398,2026-04-27 06:46:00,1410,SP,Esportes,tapete,2,773.18,0,enviado,marketplace
1399,2026-04-16 03:53:00,1807,SP,Casa,luminária,1,470.82,0,entregue,aplicativo
1400,2026-04-21 23:05:00,1000,MG,Esportes,garrafa,2,1325.6,0,entregue,site
1401,2026-04-10 06:04:00,1447,RJ,Casa,luminária,2,239.67,10,entregue,site
1402,2026-04-16 16:31:00,1102,SC,Esportes,garrafa,5,1033.31,15,enviado,aplicativo
1403,2026-04-12 01:08:00,1781,RJ,Esportes,tapete,4,201.47,0,cancelado,aplicativo
1404,2026-04-20 07:46:00,1611,GO,Livros,biografia,5,116.77,5,pago,site
1405,2026-04-11 16:51:00,1377,BA,Papelaria,caderno,3,757.17,0,cancelado,site
1406,2026-04-23 18:04:00,1192,SP,Casa,luminária,2,459.89,0,entregue,aplicativo
1407,2026-04-07 20:39:00,1291,PE,Casa,organizador,4,1016.16,5,pago,aplicativo
1408,2026-04-08 10:37:00,1407,RJ,Esportes,garrafa,4,1211.28,0,pago,marketplace
1409,2026-04-08 07:43:00,1326,MG,Esportes,garrafa,5,765.39,15,cancelado,site
1410,2026-04-19 06:46:00,1432,SP,Esportes,mochila,3,643.22,15,pago,marketplace
1411,2026-04-17 23:13:00,1799,SC,Esportes,mochila,3,1267.81,0,pago,site
1412,2026-04-18 10:51:00,1891,RJ,Esportes,mochila,2,20.37,15,entregue,site
1413,2026-04-21 16:58:00,1445,SP,Papelaria,agenda,4,429.75,0,cancelado,aplicativo
1414,2026-04-28 06:37:00,1702,BA,Livros,livro técnico,3,644.3,15,entregue,site
1415,2026-04-09 03:13:00,1300,BA,Papelaria,caneta,4,36.1,0,entregue,marketplace
1416,2026-04-06 01:59:00,1365,SP,Eletrônicos,mouse,5,1110.63,0,enviado,site
1417,2026-04-06 17:41:00,1744,MG,Papelaria,caderno,4,652.34,0,entregue,aplicativo
1418,2026-04-24 19:51:00,1582,SC,Papelaria,caderno,1,124.04,0,pago,site
1419,2026-04-30 00:39:00,1831,RJ,Papelaria,agenda,4,773.82,15,pago,aplicativo
1420,2026-04-19 05:42:00,1022,MG,Livros,romance,3,1085.17,15,pago,aplicativo
1421,2026-04-26 23:34:00,1267,PE,Eletrônicos,fone,5,775.92,0,pago,aplicativo
1422,2026-04-10 19:03:00,1778,GO,Papelaria,caneta,3,1122.84,0,entregue,marketplace
1423,2026-04-19 03:27:00,1931,MG,Eletrônicos,mouse,3,416.29,5,enviado,site
1424,2026-04-06 21:44:00,1281,PE,Esportes,mochila,4,902.63,15,entregue,site
1425,2026-04-01 19:44:00,1726,BA,Casa,luminária,2,104.95,0,cancelado,marketplace
1426,2026-04-28 02:09:00,1336,GO,Esportes,mochila,4,1395.51,0,entregue,aplicativo
1427,2026-04-21 05:23:00,1155,SC,Livros,romance,4,323.85,15,enviado,marketplace
1428,2026-04-19 08:06:00,1033,RJ,Esportes,tapete,4,846.38,0,pago,site
1429,2026-04-14 20:05:00,1298,BA,Papelaria,caneta,4,1015.01,0,enviado,marketplace
1430,2026-04-29 09:51:00,1360,GO,Papelaria,caderno,4,1493.78,0,entregue,marketplace
1431,2026-04-18 01:54:00,1943,MG,Esportes,garrafa,4,914.61,0,pago,aplicativo
1432,2026-04-06 00:50:00,1584,PE,Casa,luminária,2,1298.69,15,cancelado,marketplace
1433,2026-04-10 21:50:00,1428,PE,Esportes,tapete,3,1158.04,15,pago,marketplace
1434,2026-04-25 09:02:00,1545,GO,Livros,biografia,2,1289.99,5,cancelado,aplicativo
1435,2026-04-09 02:00:00,1409,PE,Esportes,garrafa,1,803.67,0,cancelado,marketplace
1436,2026-04-05 11:23:00,1392,GO,Casa,cafeteira,4,621.34,15,pago,marketplace
1437,2026-04-28 17:57:00,1634,RJ,Casa,luminária,5,860.17,5,pago,aplicativo
1438,2026-04-08 13:49:00,1582,SC,Papelaria,caderno,1,1428.25,0,cancelado,marketplace
1439,2026-04-08 08:16:00,1468,BA,Papelaria,caderno,2,271.06,15,enviado,aplicativo
1440,2026-04-03 22:47:00,1915,SP,Casa,organizador,2,870.63,5,enviado,marketplace
1441,2026-04-12 00:12:00,1815,MG,Papelaria,caneta,4,755.32,0,entregue,site
1442,2026-04-04 04:17:00,1007,SP,Casa,organizador,4,1301.92,5,cancelado,site
1443,2026-04-25 10:55:00,1123,SP,Esportes,tapete,4,726.4,15,pago,aplicativo
1444,2026-04-02 19:35:00,1372,GO,Esportes,mochila,5,947.61,5,cancelado,site
1445,2026-04-12 22:43:00,1776,RJ,Eletrônicos,fone,2,556.03,15,entregue,site
1446,2026-04-10 13:28:00,1270,RJ,Casa,organizador,3,966.63,0,cancelado,marketplace
1447,2026-04-12 19:59:00,1350,PE,Esportes,garrafa,4,502.69,5,entregue,marketplace
1448,2026-04-02 15:02:00,1779,MG,Livros,biografia,2,787.45,0,enviado,aplicativo
1449,2026-04-14 06:05:00,1314,MG,Papelaria,caneta,5,954.5,5,cancelado,marketplace
1450,2026-04-06 20:24:00,1150,PE,Livros,livro técnico,4,393.39,0,pago,site
1451,2026-04-07 18:03:00,1598,SP,Papelaria,caneta,3,552.6,10,cancelado,aplicativo
1452,2026-04-16 15:58:00,1659,MG,Papelaria,caderno,5,1280.39,0,entregue,aplicativo
1453,2026-04-08 16:43:00,1891,SC,Esportes,mochila,2,731.16,5,pago,marketplace
1454,2026-04-11 05:34:00,1316,PR,Eletrônicos,teclado,2,233.63,10,pago,marketplace
1455,2026-04-23 16:48:00,1470,SP,Casa,organizador,5,1348.22,15,enviado,aplicativo
1456,2026-04-29 12:11:00,1101,BA,Eletrônicos,teclado,5,110.12,10,pago,site
1457,2026-04-24 19:11:00,1253,PR,Esportes,mochila,3,1197.93,0,enviado,site
1458,2026-04-02 19:56:00,1623,PE,Esportes,garrafa,5,423.44,15,enviado,marketplace
1459,2026-04-24 18:46:00,1310,SP,Eletrônicos,fone,2,349.1,10,cancelado,aplicativo
1460,2026-04-03 07:47:00,1326,RJ,Eletrônicos,mouse,2,722.67,5,pago,aplicativo
1461,2026-04-25 16:24:00,1603,PR,Casa,luminária,5,735.97,10,pago,marketplace
1462,2026-04-21 03:28:00,1796,PR,Esportes,garrafa,5,1210.59,10,cancelado,site
1463,2026-04-28 08:50:00,1277,SC,Livros,romance,2,499.67,5,entregue,marketplace
1464,2026-04-25 05:17:00,1254,BA,Livros,romance,3,1019.99,10,entregue,marketplace
1465,2026-04-09 06:59:00,1499,SP,Esportes,garrafa,3,1341.12,10,cancelado,aplicativo
1466,2026-04-03 23:36:00,1778,GO,Casa,luminária,3,150.91,5,entregue,marketplace
1467,2026-04-09 19:27:00,1797,RJ,Papelaria,caderno,2,327.69,10,entregue,aplicativo
1468,2026-04-05 16:24:00,1701,PE,Papelaria,caneta,5,323.33,15,enviado,aplicativo
1469,2026-04-19 00:47:00,1804,MG,Casa,luminária,2,919.08,0,entregue,marketplace
1470,2026-04-28 02:08:00,1807,GO,Esportes,mochila,3,350.8,0,cancelado,aplicativo
1471,2026-04-14 22:29:00,1341,BA,Livros,livro técnico,3,680.06,5,cancelado,aplicativo
1472,2026-04-03 12:24:00,1991,GO,Eletrônicos,teclado,3,972.23,0,cancelado,aplicativo
1473,2026-04-10 04:52:00,1213,PE,Eletrônicos,mouse,3,1250.5,0,entregue,aplicativo
1474,2026-04-26 09:33:00,1573,PR,Esportes,tapete,2,930.16,5,entregue,site
1475,2026-04-08 07:13:00,1333,SC,Eletrônicos,fone,5,710.11,0,cancelado,marketplace
1476,2026-04-13 17:59:00,1621,GO,Esportes,garrafa,1,161.15,15,entregue,aplicativo
1477,2026-04-20 22:32:00,1945,PE,Papelaria,caneta,1,713.04,15,pago,aplicativo
1478,2026-04-07 20:17:00,1603,PE,Esportes,garrafa,5,307.99,0,cancelado,site
1479,2026-04-25 21:01:00,1781,PE,Livros,biografia,5,801.23,0,pago,site
1480,2026-04-15 06:55:00,1980,BA,Eletrônicos,mouse,4,1123.44,0,enviado,aplicativo
1481,2026-04-21 23:19:00,1370,BA,Esportes,garrafa,2,1019.73,15,entregue,aplicativo
1482,2026-04-02 01:16:00,1143,RJ,Papelaria,agenda,4,646.72,5,pago,marketplace
1483,2026-04-17 23:56:00,1016,GO,Eletrônicos,mouse,1,1440.08,0,cancelado,aplicativo
1484,2026-04-29 20:54:00,1068,RJ,Papelaria,caneta,5,147.29,10,pago,marketplace
1485,2026-04-04 23:49:00,1587,SC,Casa,cafeteira,5,978.76,0,pago,marketplace
1486,2026-04-22 04:41:00,1462,MG,Esportes,tapete,3,118.81,15,entregue,aplicativo
1487,2026-04-20 16:17:00,1910,SP,Papelaria,agenda,4,866.36,0,cancelado,site
1488,2026-04-15 16:07:00,1437,MG,Eletrônicos,fone,3,1284.81,10,entregue,marketplace
1489,2026-04-10 02:48:00,1788,BA,Esportes,mochila,5,237.38,0,enviado,aplicativo
1490,2026-04-02 04:38:00,1546,SP,Casa,luminária,2,814.71,0,entregue,aplicativo
1491,2026-04-10 12:04:00,1206,PE,Casa,cafeteira,2,642.18,0,enviado,site
1492,2026-04-07 05:58:00,1898,SC,Livros,livro técnico,1,1252.89,5,pago,aplicativo
1493,2026-04-03 05:45:00,1457,SC,Casa,organizador,4,305.97,5,pago,site
1494,2026-04-27 07:39:00,1741,RJ,Casa,cafeteira,2,1137.34,0,cancelado,marketplace
1495,2026-04-15 10:07:00,1425,PR,Papelaria,caneta,2,1477.88,10,entregue,aplicativo
1496,2026-04-06 02:19:00,1967,SC,Livros,biografia,1,20.81,5,cancelado,site
1497,2026-04-15 02:34:00,1856,RJ,Livros,romance,4,1419.45,15,entregue,site
1498,2026-04-30 06:57:00,1829,GO,Eletrônicos,mouse,4,33.62,0,entregue,site
1499,2026-04-09 01:43:00,1578,SP,Casa,luminária,2,782.75,0,cancelado,site
1500,2026-04-10 13:11:00,1887,PE,Eletrônicos,mouse,3,930.16,0,cancelado,site
1501,2026-04-07 21:20:00,1759,MG,Casa,cafeteira,3,1319.83,0,enviado,site
1502,2026-04-14 22:18:00,1413,BA,Esportes,garrafa,3,936.65,0,pago,aplicativo
1503,2026-04-02 13:22:00,1752,MG,Eletrônicos,teclado,4,79.28,5,enviado,site
1504,2026-04-16 20:50:00,1918,PR,Eletrônicos,fone,1,635.63,0,pago,aplicativo
1505,2026-04-25 10:14:00,1450,MG,Esportes,tapete,5,1216.04,0,entregue,aplicativo
1506,2026-04-06 20:01:00,1330,BA,Esportes,tapete,5,1005.96,0,cancelado,aplicativo
1507,2026-04-06 17:26:00,1224,MG,Papelaria,caderno,2,346.07,0,pago,marketplace
1508,2026-04-28 23:45:00,1107,PR,Esportes,tapete,2,383.5,15,entregue,aplicativo
1509,2026-04-27 21:17:00,1532,PE,Esportes,mochila,2,498.64,0,enviado,marketplace
1510,2026-04-18 12:33:00,1647,SP,Eletrônicos,mouse,2,1469.5,0,enviado,marketplace
1511,2026-04-08 08:49:00,1406,BA,Eletrônicos,fone,1,862.41,5,entregue,site
1512,2026-04-21 13:49:00,1219,SC,Papelaria,caneta,5,401.58,5,pago,marketplace
1513,2026-04-24 09:57:00,1946,BA,Livros,biografia,3,1495.06,0,entregue,aplicativo
1514,2026-04-21 18:25:00,1679,RJ,Esportes,mochila,3,1147.27,0,pago,aplicativo
1515,2026-04-02 03:45:00,1987,MG,Esportes,mochila,1,348.42,5,pago,site
1516,2026-04-14 10:59:00,1129,BA,Papelaria,agenda,3,684.32,10,pago,marketplace
1517,2026-04-24 06:02:00,1199,MG,Casa,organizador,2,1166.11,0,entregue,marketplace
1518,2026-04-26 14:49:00,1880,SP,Papelaria,caderno,5,550.36,0,enviado,aplicativo
1519,2026-04-08 12:55:00,1650,PR,Casa,luminária,2,815.82,10,cancelado,site
1520,2026-04-19 05:51:00,1303,GO,Livros,livro técnico,5,1458.29,5,cancelado,aplicativo
1521,2026-04-14 15:40:00,1000,RJ,Casa,cafeteira,3,1065.43,15,entregue,site
1522,2026-04-04 00:58:00,1060,GO,Papelaria,agenda,2,224.25,0,enviado,aplicativo
1523,2026-04-20 01:40:00,1400,PR,Casa,cafeteira,2,1253.15,0,enviado,aplicativo
1524,2026-04-06 14:51:00,1743,MG,Casa,organizador,2,670.64,15,entregue,aplicativo
1525,2026-04-06 08:06:00,1533,PE,Eletrônicos,mouse,5,162.89,15,cancelado,site
1526,2026-04-06 16:23:00,1554,SC,Esportes,tapete,2,114.9,15,entregue,aplicativo
1527,2026-04-12 15:01:00,1115,SC,Eletrônicos,teclado,4,881.62,15,cancelado,aplicativo
1528,2026-04-05 16:33:00,1090,BA,Casa,cafeteira,2,1305.35,15,cancelado,marketplace
1529,2026-04-03 13:52:00,1653,RJ,Esportes,tapete,3,1265.06,15,entregue,aplicativo
1530,2026-04-20 02:21:00,1682,PE,Papelaria,caneta,3,133.81,0,cancelado,site
1531,2026-04-11 01:48:00,1605,GO,Papelaria,caneta,3,164.91,15,cancelado,marketplace
1532,2026-04-18 02:29:00,1621,GO,Papelaria,agenda,1,906.48,10,pago,marketplace
1533,2026-04-11 20:37:00,1369,GO,Eletrônicos,fone,4,1080.25,0,entregue,marketplace
1534,2026-04-27 02:14:00,1884,SP,Esportes,tapete,4,1221.61,15,cancelado,marketplace
1535,2026-04-26 19:14:00,1185,SP,Eletrônicos,fone,3,157.22,5,pago,marketplace
1536,2026-04-17 07:40:00,1838,BA,Esportes,tapete,3,1460.63,0,entregue,aplicativo
1537,2026-04-21 20:28:00,1715,PE,Eletrônicos,teclado,2,321.98,10,entregue,marketplace
1538,2026-04-08 19:55:00,1864,SC,Esportes,tapete,1,507.31,10,enviado,aplicativo
1539,2026-04-05 02:46:00,1654,GO,Livros,livro técnico,3,936.48,15,enviado,aplicativo
1540,2026-04-23 02:13:00,1359,BA,Casa,organizador,4,1344.71,0,enviado,aplicativo
1541,2026-04-09 15:18:00,1595,PE,Eletrônicos,fone,5,1053.34,10,entregue,marketplace
1542,2026-04-19 02:41:00,1633,RJ,Papelaria,caderno,2,149.11,15,cancelado,aplicativo
1543,2026-04-16 11:32:00,1545,BA,Casa,cafeteira,4,208.22,5,pago,marketplace
1544,2026-04-26 22:42:00,1994,RJ,Livros,biografia,3,1499.16,5,pago,site
1545,2026-04-13 11:02:00,1026,SC,Papelaria,caderno,2,1251.54,0,enviado,site
1546,2026-04-10 19:53:00,1148,SP,Esportes,mochila,3,373.08,0,cancelado,aplicativo
1547,2026-04-26 02:05:00,1581,PR,Esportes,mochila,4,287.23,10,cancelado,marketplace
1548,2026-04-12 21:37:00,1723,BA,Papelaria,caneta,3,652.66,0,enviado,aplicativo
1549,2026-04-04 12:08:00,1981,MG,Papelaria,caneta,3,1291.32,15,enviado,marketplace
1550,2026-04-05 09:32:00,1939,SC,Papelaria,caderno,5,477.09,10,enviado,marketplace
1551,2026-04-30 08:28:00,1999,PR,Livros,biografia,4,411.01,0,cancelado,marketplace
1552,2026-04-27 21:35:00,1446,RJ,Esportes,tapete,2,42.95,5,pago,aplicativo
1553,2026-04-07 17:31:00,1065,BA,Esportes,mochila,1,1432.55,0,entregue,marketplace
1554,2026-04-28 04:53:00,1502,GO,Eletrônicos,mouse,2,1479.45,0,cancelado,aplicativo
1555,2026-04-14 20:46:00,1338,PR,Papelaria,agenda,5,1199.64,10,cancelado,site
1556,2026-04-27 17:01:00,1322,SP,Papelaria,agenda,5,88.93,0,pago,site
1557,2026-04-25 02:39:00,1423,MG,Papelaria,caderno,2,380.71,10,enviado,site
1558,2026-04-23 12:38:00,1746,RJ,Eletrônicos,mouse,3,142.77,5,cancelado,aplicativo
1559,2026-04-22 14:10:00,1141,BA,Esportes,mochila,2,152.84,0,enviado,marketplace
1560,2026-04-23 17:47:00,1092,MG,Esportes,tapete,3,608.13,0,entregue,marketplace
1561,2026-04-21 13:24:00,1769,RJ,Eletrônicos,teclado,5,394.07,10,pago,marketplace
1562,2026-04-17 23:34:00,1097,MG,Eletrônicos,mouse,1,1445.76,10,pago,site
1563,2026-04-14 22:31:00,1028,BA,Livros,romance,1,1434.01,0,cancelado,site
1564,2026-04-16 17:06:00,1099,MG,Papelaria,caderno,5,567.51,0,cancelado,marketplace
1565,2026-04-07 18:35:00,1833,SC,Casa,cafeteira,1,936.9,10,pago,aplicativo
1566,2026-04-16 21:15:00,1699,MG,Livros,livro técnico,5,782.55,0,cancelado,site
1567,2026-04-28 21:46:00,1942,BA,Papelaria,caderno,4,1393.62,10,cancelado,aplicativo
1568,2026-04-26 05:37:00,1067,BA,Eletrônicos,mouse,2,554.88,0,cancelado,site
1569,2026-04-17 07:22:00,1060,SC,Esportes,garrafa,5,157.18,10,pago,marketplace
1570,2026-04-26 14:56:00,1588,GO,Livros,biografia,5,968.37,0,entregue,site
1571,2026-04-14 07:59:00,1966,GO,Esportes,garrafa,4,658.36,0,cancelado,site
1572,2026-04-15 15:10:00,1574,SC,Esportes,garrafa,5,589.32,5,entregue,marketplace
1573,2026-04-02 21:28:00,1192,RJ,Eletrônicos,mouse,3,1339.22,15,enviado,marketplace
1574,2026-04-03 04:22:00,1547,SP,Livros,biografia,1,1450.48,5,enviado,aplicativo
1575,2026-04-20 17:49:00,1756,MG,Papelaria,caderno,5,562.53,15,pago,site
1576,2026-04-09 10:50:00,1913,PR,Eletrônicos,teclado,3,118.72,0,cancelado,site
1577,2026-04-28 21:34:00,1015,SP,Papelaria,agenda,4,316.98,15,pago,aplicativo
1578,2026-04-16 01:16:00,1181,GO,Eletrônicos,fone,2,563.96,5,pago,site
1579,2026-04-12 04:53:00,1636,PE,Casa,cafeteira,4,1023.79,15,entregue,site
1580,2026-04-01 11:10:00,1425,GO,Livros,romance,4,424.35,0,cancelado,aplicativo
1581,2026-04-29 12:20:00,1709,GO,Papelaria,caderno,1,1047.04,5,enviado,marketplace
1582,2026-04-30 00:25:00,1117,RJ,Casa,luminária,2,1354.3,5,pago,site
1583,2026-04-08 14:48:00,1966,PE,Papelaria,caneta,4,434.36,0,entregue,marketplace
1584,2026-04-06 10:25:00,1404,PR,Livros,livro técnico,1,836.58,5,enviado,site
1585,2026-04-22 08:13:00,1490,RJ,Papelaria,caderno,1,350.68,5,enviado,site
1586,2026-04-20 20:10:00,1630,BA,Eletrônicos,fone,4,1110.14,5,pago,marketplace
1587,2026-04-10 13:50:00,1742,BA,Papelaria,caderno,1,857.51,0,entregue,aplicativo
1588,2026-04-22 00:39:00,1205,SP,Casa,organizador,4,576.25,0,pago,site
1589,2026-04-09 20:16:00,1343,SC,Casa,cafeteira,1,1308.29,0,enviado,marketplace
1590,2026-04-26 08:13:00,1164,MG,Papelaria,caneta,5,1446.62,0,pago,marketplace
1591,2026-04-24 13:50:00,1547,SP,Eletrônicos,teclado,5,1083.52,15,entregue,aplicativo
1592,2026-04-05 17:22:00,1700,PR,Eletrônicos,fone,1,578.01,10,pago,aplicativo
1593,2026-04-11 05:14:00,1780,SP,Papelaria,caderno,5,822.92,0,cancelado,marketplace
1594,2026-04-29 00:53:00,1396,SC,Esportes,tapete,2,1027.49,10,entregue,aplicativo
1595,2026-04-07 23:16:00,1465,BA,Esportes,tapete,2,225.17,15,enviado,aplicativo
1596,2026-04-17 18:02:00,1757,SP,Livros,livro técnico,4,1210.12,0,pago,aplicativo
1597,2026-04-25 15:27:00,1872,PR,Esportes,mochila,4,196.29,15,entregue,site
1598,2026-04-20 00:16:00,1471,SC,Esportes,tapete,4,1429.04,5,entregue,aplicativo
1599,2026-04-19 03:41:00,1136,PR,Livros,biografia,2,333.27,0,enviado,marketplace
1600,2026-04-22 02:07:00,1561,GO,Papelaria,caneta,3,969.56,0,cancelado,site
1601,2026-04-25 16:54:00,1667,SC,Esportes,garrafa,3,1357.97,10,cancelado,site
1602,2026-04-16 08:50:00,1564,MG,Casa,luminária,4,1406.31,5,enviado,aplicativo
1603,2026-04-10 09:30:00,1395,MG,Eletrônicos,mouse,3,1475.61,15,enviado,marketplace
1604,2026-04-10 00:03:00,1154,GO,Esportes,mochila,3,708.18,15,enviado,aplicativo
1605,2026-04-28 20:49:00,1543,SP,Livros,biografia,1,1182.57,0,pago,site
1606,2026-04-05 02:14:00,1320,BA,Eletrônicos,teclado,2,1117.94,0,entregue,site
1607,2026-04-15 08:36:00,1597,SC,Livros,biografia,4,514.54,0,entregue,aplicativo
1608,2026-04-08 06:33:00,1922,MG,Eletrônicos,mouse,2,628.63,10,cancelado,site
1609,2026-04-29 14:41:00,1480,PE,Papelaria,agenda,2,1464.43,15,enviado,aplicativo
1610,2026-04-07 04:06:00,1901,GO,Eletrônicos,fone,4,575.26,0,pago,marketplace
1611,2026-04-27 14:51:00,1585,MG,Livros,romance,4,1342.04,5,entregue,aplicativo
1612,2026-04-04 03:14:00,1181,MG,Eletrônicos,teclado,5,457.16,5,enviado,site
1613,2026-04-15 14:17:00,1299,RJ,Casa,cafeteira,3,908.19,5,pago,marketplace
1614,2026-04-08 16:39:00,1373,PE,Papelaria,caneta,2,775.0,10,pago,aplicativo
1615,2026-04-03 08:48:00,1664,PR,Livros,livro técnico,3,402.04,5,entregue,site
1616,2026-04-30 21:17:00,1469,RJ,Livros,biografia,3,831.4,0,pago,marketplace
1617,2026-04-14 18:38:00,1389,PR,Papelaria,caderno,4,576.23,0,entregue,marketplace
1618,2026-04-17 16:38:00,1822,GO,Esportes,tapete,4,1063.85,0,entregue,marketplace
1619,2026-04-09 18:42:00,1500,PE,Livros,biografia,3,134.13,5,pago,marketplace
1620,2026-04-06 03:59:00,1023,MG,Livros,biografia,1,372.01,0,entregue,site
1621,2026-04-11 18:48:00,1797,RJ,Casa,cafeteira,1,24.37,0,entregue,marketplace
1622,2026-04-27 12:31:00,1641,SC,Eletrônicos,fone,3,1181.34,0,pago,site
1623,2026-04-04 16:38:00,1190,RJ,Casa,luminária,1,15.72,15,enviado,site
1624,2026-04-04 14:44:00,1396,BA,Eletrônicos,mouse,5,297.03,0,cancelado,marketplace
1625,2026-04-14 02:38:00,1749,SP,Casa,organizador,4,285.54,0,pago,site
1626,2026-04-07 13:10:00,1899,PR,Casa,organizador,1,1057.27,0,enviado,site
1627,2026-04-08 09:24:00,1404,PE,Livros,livro técnico,5,624.3,15,entregue,site
1628,2026-04-16 16:34:00,1753,PR,Esportes,tapete,5,20.4,15,entregue,aplicativo
1629,2026-04-03 19:18:00,1064,SC,Casa,luminária,3,1355.01,0,cancelado,site
1630,2026-04-05 00:22:00,1326,BA,Esportes,garrafa,5,1020.51,0,entregue,marketplace
1631,2026-04-17 07:09:00,1760,SC,Livros,romance,3,754.55,5,entregue,marketplace
1632,2026-04-27 17:24:00,1174,SP,Casa,luminária,3,620.5,5,entregue,aplicativo
1633,2026-04-21 13:53:00,1156,MG,Esportes,tapete,4,635.2,0,enviado,aplicativo
1634,2026-04-07 19:10:00,1409,BA,Esportes,mochila,1,657.23,15,enviado,site
1635,2026-04-10 21:00:00,1097,SP,Papelaria,caderno,4,713.71,0,entregue,site
1636,2026-04-18 20:25:00,1162,PE,Eletrônicos,teclado,5,423.73,0,cancelado,marketplace
1637,2026-04-20 19:15:00,1970,MG,Esportes,tapete,4,1453.96,0,entregue,site
1638,2026-04-22 16:41:00,1622,PE,Eletrônicos,teclado,2,360.38,5,enviado,aplicativo
1639,2026-04-15 00:25:00,1646,MG,Esportes,garrafa,3,949.38,15,cancelado,marketplace
1640,2026-04-06 21:22:00,1542,PE,Eletrônicos,mouse,3,1089.89,15,enviado,aplicativo
1641,2026-04-03 20:56:00,1018,SC,Papelaria,caneta,3,631.33,0,entregue,marketplace
1642,2026-04-29 20:21:00,1937,SC,Casa,organizador,3,836.94,10,entregue,marketplace
1643,2026-04-15 15:31:00,1800,PR,Casa,luminária,5,917.99,0,cancelado,marketplace
1644,2026-04-15 06:22:00,1523,RJ,Esportes,garrafa,4,1127.79,10,entregue,site
1645,2026-04-22 01:22:00,1617,PE,Papelaria,caneta,1,679.73,0,entregue,marketplace
1646,2026-04-03 16:28:00,1485,PR,Casa,organizador,2,953.27,0,entregue,marketplace
1647,2026-04-07 15:36:00,1802,PE,Esportes,mochila,3,732.2,0,enviado,marketplace
1648,2026-04-28 12:54:00,1123,PE,Casa,cafeteira,1,1105.89,0,entregue,site
1649,2026-04-01 11:55:00,1305,PE,Esportes,tapete,2,224.65,0,pago,marketplace
1650,2026-04-17 18:38:00,1476,MG,Esportes,garrafa,4,942.58,10,enviado,marketplace
1651,2026-04-05 21:41:00,1959,PE,Esportes,tapete,4,421.16,15,cancelado,aplicativo
1652,2026-04-06 20:23:00,1330,SP,Casa,cafeteira,1,88.11,0,cancelado,aplicativo
1653,2026-04-18 01:37:00,1563,SP,Casa,organizador,4,973.03,5,enviado,aplicativo
1654,2026-04-30 07:00:00,1289,BA,Papelaria,caderno,5,1137.17,0,pago,marketplace
1655,2026-04-03 21:46:00,1949,RJ,Casa,organizador,2,235.84,10,enviado,marketplace
1656,2026-04-17 09:33:00,1995,BA,Casa,luminária,3,130.93,0,pago,aplicativo
1657,2026-04-03 19:53:00,1537,GO,Esportes,mochila,4,1044.93,10,pago,site
1658,2026-04-06 05:52:00,1781,PE,Esportes,garrafa,2,366.51,15,pago,site
1659,2026-04-02 22:18:00,1043,PR,Casa,organizador,2,1425.45,0,entregue,aplicativo
1660,2026-04-19 00:19:00,1019,PE,Esportes,mochila,4,45.03,15,cancelado,marketplace
1661,2026-04-10 02:35:00,1603,SP,Eletrônicos,fone,2,351.96,5,pago,aplicativo
1662,2026-04-17 18:04:00,1521,MG,Eletrônicos,mouse,4,327.04,10,pago,marketplace
1663,2026-04-13 02:09:00,1569,BA,Papelaria,caneta,5,588.75,0,entregue,aplicativo
1664,2026-04-12 20:21:00,1402,RJ,Casa,organizador,3,682.96,5,cancelado,site
1665,2026-04-02 21:30:00,1396,RJ,Casa,luminária,2,308.21,10,entregue,marketplace
1666,2026-04-14 19:21:00,1369,SC,Casa,cafeteira,1,975.27,0,entregue,site
1667,2026-04-15 02:29:00,1012,PR,Papelaria,caderno,2,1291.93,0,cancelado,marketplace
1668,2026-04-15 21:33:00,1468,GO,Esportes,mochila,5,1133.25,5,cancelado,marketplace
1669,2026-04-12 07:26:00,1079,RJ,Papelaria,caneta,1,1280.5,10,pago,site
1670,2026-04-14 19:26:00,1455,GO,Livros,livro técnico,5,1442.2,0,pago,aplicativo
1671,2026-04-09 16:23:00,1994,GO,Casa,cafeteira,3,123.39,5,pago,aplicativo
1672,2026-04-14 17:55:00,1145,PE,Eletrônicos,fone,4,1395.89,0,pago,marketplace
1673,2026-04-08 22:41:00,1014,RJ,Eletrônicos,teclado,1,1089.97,5,entregue,aplicativo
1674,2026-04-26 15:11:00,1491,RJ,Eletrônicos,mouse,2,331.06,5,cancelado,site
1675,2026-04-20 16:23:00,1850,SC,Eletrônicos,teclado,4,270.78,0,pago,marketplace
1676,2026-04-13 19:32:00,1736,SC,Eletrônicos,teclado,2,1204.89,0,entregue,site
1677,2026-04-21 09:19:00,1829,SP,Casa,cafeteira,1,1311.55,5,cancelado,site
1678,2026-04-17 13:37:00,1090,BA,Eletrônicos,teclado,4,1232.86,10,enviado,aplicativo
1679,2026-04-26 01:51:00,1553,MG,Livros,biografia,3,1105.44,0,cancelado,site
1680,2026-04-17 22:26:00,1478,BA,Papelaria,caneta,3,229.97,15,cancelado,marketplace
1681,2026-04-17 09:34:00,1984,GO,Papelaria,caneta,1,907.21,0,entregue,aplicativo
1682,2026-04-25 12:57:00,1882,MG,Esportes,tapete,1,521.75,15,enviado,marketplace
1683,2026-04-29 19:04:00,1851,MG,Livros,biografia,5,217.89,0,cancelado,site
1684,2026-04-23 19:38:00,1557,SP,Esportes,garrafa,5,164.68,0,entregue,marketplace
1685,2026-04-11 07:42:00,1700,BA,Casa,cafeteira,4,184.21,15,entregue,marketplace
1686,2026-04-30 21:30:00,1839,GO,Esportes,mochila,2,869.76,15,cancelado,marketplace
1687,2026-04-30 03:33:00,1659,SC,Eletrônicos,fone,2,1253.18,0,pago,marketplace
1688,2026-04-07 13:40:00,1937,RJ,Eletrônicos,teclado,3,370.33,5,entregue,site
1689,2026-04-05 09:29:00,1974,PR,Papelaria,agenda,1,34.17,0,pago,site
1690,2026-04-04 05:55:00,1068,PE,Casa,cafeteira,4,1427.01,5,entregue,marketplace
1691,2026-04-28 04:41:00,1307,BA,Esportes,garrafa,4,568.62,0,cancelado,marketplace
1692,2026-04-29 21:49:00,1629,SP,Papelaria,caneta,4,1465.75,5,entregue,aplicativo
1693,2026-04-22 13:17:00,1881,GO,Eletrônicos,teclado,5,1156.98,5,entregue,marketplace
1694,2026-04-18 07:01:00,1039,SC,Esportes,garrafa,1,717.56,10,pago,site
1695,2026-04-29 17:32:00,1944,RJ,Casa,cafeteira,4,575.98,0,enviado,marketplace
1696,2026-04-15 16:39:00,1317,SC,Esportes,garrafa,2,924.44,0,pago,marketplace
1697,2026-04-02 06:50:00,1957,SC,Casa,cafeteira,1,758.09,5,entregue,marketplace
1698,2026-04-25 09:05:00,1669,SP,Papelaria,caneta,3,882.63,15,cancelado,site
1699,2026-04-08 09:45:00,1040,PE,Esportes,tapete,5,503.81,0,enviado,site
1700,2026-04-23 03:06:00,1255,SP,Casa,organizador,4,1165.85,15,enviado,aplicativo
1701,2026-04-09 07:31:00,1228,BA,Eletrônicos,teclado,5,1269.85,0,cancelado,marketplace
1702,2026-04-08 11:36:00,1142,MG,Eletrônicos,fone,5,848.53,5,cancelado,aplicativo
1703,2026-04-24 21:37:00,1919,BA,Esportes,garrafa,5,168.43,5,pago,aplicativo
1704,2026-04-20 05:12:00,1068,RJ,Esportes,mochila,1,401.54,15,entregue,aplicativo
1705,2026-04-12 01:40:00,1928,MG,Esportes,mochila,1,45.92,0,enviado,marketplace
1706,2026-04-25 20:17:00,1382,PE,Casa,organizador,4,109.56,15,enviado,marketplace
1707,2026-04-26 11:18:00,1040,PR,Esportes,garrafa,2,229.61,0,cancelado,site
1708,2026-04-24 05:16:00,1807,SP,Livros,livro técnico,1,791.6,0,pago,aplicativo
1709,2026-04-12 02:09:00,1881,SC,Casa,organizador,2,291.11,5,cancelado,aplicativo
1710,2026-04-08 20:19:00,1397,RJ,Casa,luminária,2,1003.95,10,enviado,site
1711,2026-04-04 07:17:00,1579,MG,Esportes,mochila,2,944.14,5,entregue,site
1712,2026-04-03 17:10:00,1770,GO,Livros,romance,1,1307.3,5,pago,site
1713,2026-04-21 11:19:00,1620,PR,Livros,romance,2,724.26,10,cancelado,marketplace
1714,2026-04-28 06:14:00,1533,PE,Casa,luminária,4,1161.92,5,pago,aplicativo
1715,2026-04-04 20:40:00,1721,MG,Eletrônicos,mouse,1,560.59,5,entregue,aplicativo
1716,2026-04-25 08:40:00,1619,BA,Livros,romance,3,1284.51,5,cancelado,aplicativo
1717,2026-04-26 11:52:00,1945,MG,Papelaria,agenda,4,512.24,15,cancelado,aplicativo
1718,2026-04-29 01:14:00,1646,RJ,Papelaria,agenda,3,947.39,0,entregue,marketplace
1719,2026-04-15 05:56:00,1949,BA,Papelaria,caderno,2,853.36,0,entregue,site
1720,2026-04-19 17:30:00,1285,PE,Livros,biografia,5,641.53,15,enviado,marketplace
1721,2026-04-14 10:14:00,1194,BA,Casa,cafeteira,5,833.83,0,cancelado,marketplace
1722,2026-04-06 08:01:00,1741,PE,Papelaria,caderno,2,316.54,15,entregue,site
1723,2026-04-12 04:17:00,1401,SC,Esportes,tapete,3,1399.4,5,entregue,site
1724,2026-04-04 06:41:00,1258,RJ,Livros,biografia,4,1221.54,5,pago,site
1725,2026-04-23 12:43:00,1465,PE,Casa,organizador,5,855.51,0,entregue,site
1726,2026-04-23 06:43:00,1609,RJ,Esportes,mochila,4,661.39,0,pago,site
1727,2026-04-17 10:40:00,1778,SP,Casa,luminária,1,1272.29,0,pago,marketplace
1728,2026-04-06 19:10:00,1802,RJ,Papelaria,caneta,4,315.29,15,pago,site
1729,2026-04-29 09:58:00,1736,PE,Eletrônicos,teclado,3,650.41,0,enviado,marketplace
1730,2026-04-13 03:20:00,1950,BA,Papelaria,agenda,2,236.04,10,entregue,site
1731,2026-04-10 05:53:00,1554,SP,Casa,organizador,2,145.85,15,entregue,aplicativo
1732,2026-04-12 04:54:00,1865,GO,Eletrônicos,fone,2,370.62,10,enviado,site
1733,2026-04-05 21:17:00,1003,PR,Casa,organizador,3,658.44,10,cancelado,aplicativo
1734,2026-04-05 13:37:00,1867,RJ,Casa,luminária,4,1071.51,5,enviado,marketplace
1735,2026-04-18 07:14:00,1023,PE,Esportes,mochila,2,1323.89,5,cancelado,marketplace
1736,2026-04-01 22:37:00,1511,GO,Livros,romance,4,913.77,0,enviado,marketplace
1737,2026-04-18 04:30:00,1172,GO,Eletrônicos,mouse,2,334.71,0,cancelado,aplicativo
1738,2026-04-14 05:29:00,1920,PR,Casa,cafeteira,4,904.65,5,pago,marketplace
1739,2026-04-30 09:01:00,1714,RJ,Papelaria,caderno,4,1072.47,0,cancelado,marketplace
1740,2026-04-18 08:07:00,1020,SC,Livros,romance,4,1089.03,5,pago,aplicativo
1741,2026-04-11 09:38:00,1275,BA,Livros,romance,3,723.01,0,enviado,marketplace
1742,2026-04-25 03:55:00,1829,PR,Papelaria,agenda,1,1468.95,0,pago,site
1743,2026-04-08 05:24:00,1094,SP,Eletrônicos,mouse,3,128.09,0,cancelado,site
1744,2026-04-20 20:06:00,1285,MG,Livros,livro técnico,2,620.1,0,pago,site
1745,2026-04-03 08:57:00,1586,MG,Eletrônicos,mouse,3,826.43,5,enviado,site
1746,2026-04-28 10:14:00,1729,RJ,Eletrônicos,fone,1,1161.53,0,enviado,marketplace
1747,2026-04-26 04:30:00,1779,BA,Eletrônicos,teclado,2,237.55,0,enviado,site
1748,2026-04-13 09:27:00,1525,SP,Livros,livro técnico,5,761.72,0,cancelado,site
1749,2026-04-22 08:20:00,1159,MG,Casa,luminária,2,1293.92,0,entregue,aplicativo
1750,2026-04-08 23:18:00,1727,RJ,Casa,organizador,2,251.51,10,pago,site
1751,2026-04-01 00:37:00,1294,SC,Esportes,garrafa,5,1200.27,15,cancelado,marketplace
1752,2026-04-19 09:09:00,1910,SC,Papelaria,agenda,5,537.36,10,cancelado,aplicativo
1753,2026-04-08 14:17:00,1515,SC,Papelaria,caneta,2,1209.21,0,pago,marketplace
1754,2026-04-06 06:11:00,1618,GO,Livros,romance,4,570.16,0,pago,aplicativo
1755,2026-04-01 17:31:00,1220,GO,Esportes,garrafa,2,680.41,10,enviado,marketplace
1756,2026-04-12 03:03:00,1145,SP,Livros,romance,2,1356.46,0,cancelado,aplicativo
1757,2026-04-22 04:07:00,1380,PR,Esportes,mochila,4,204.32,0,enviado,site
1758,2026-04-18 00:32:00,1054,BA,Eletrônicos,teclado,4,1364.99,15,cancelado,site
1759,2026-04-17 03:30:00,1840,SC,Papelaria,caneta,1,1401.63,5,pago,aplicativo
1760,2026-04-15 02:58:00,1944,MG,Livros,livro técnico,1,1488.23,0,entregue,site
1761,2026-04-10 22:52:00,1645,BA,Eletrônicos,mouse,1,678.05,0,cancelado,aplicativo
1762,2026-04-13 23:12:00,1376,SP,Papelaria,caneta,5,882.58,5,cancelado,aplicativo
1763,2026-04-25 22:33:00,1746,RJ,Papelaria,caderno,2,1400.09,5,entregue,marketplace
1764,2026-04-29 21:48:00,1273,MG,Esportes,mochila,2,1145.54,0,pago,marketplace
1765,2026-04-18 22:47:00,1225,SP,Esportes,tapete,1,461.34,0,enviado,aplicativo
1766,2026-04-20 00:07:00,1818,MG,Papelaria,caderno,4,825.11,0,enviado,site
1767,2026-04-02 16:55:00,1271,SC,Eletrônicos,fone,1,336.45,0,cancelado,site
1768,2026-04-21 22:00:00,1831,BA,Eletrônicos,mouse,5,1094.6,0,cancelado,aplicativo
1769,2026-04-25 22:28:00,1910,BA,Papelaria,agenda,3,794.8,15,entregue,marketplace
1770,2026-04-02 00:16:00,1444,SC,Casa,luminária,3,498.95,10,entregue,aplicativo
1771,2026-04-27 22:17:00,1307,PE,Esportes,garrafa,1,1237.86,10,enviado,site
1772,2026-04-07 23:23:00,1948,RJ,Casa,organizador,5,763.71,5,cancelado,aplicativo
1773,2026-04-14 14:40:00,1083,PR,Papelaria,caneta,2,938.36,15,pago,aplicativo
1774,2026-04-19 11:22:00,1834,GO,Eletrônicos,teclado,2,627.19,0,entregue,aplicativo
1775,2026-04-11 17:25:00,1498,SC,Eletrônicos,teclado,4,886.75,5,cancelado,site
1776,2026-04-28 18:54:00,1823,MG,Livros,livro técnico,3,247.2,0,cancelado,site
1777,2026-04-04 17:54:00,1815,SP,Eletrônicos,fone,2,815.15,5,pago,marketplace
1778,2026-04-01 02:16:00,1482,MG,Casa,luminária,1,208.89,0,entregue,marketplace
1779,2026-04-02 20:09:00,1169,PE,Papelaria,caderno,3,158.96,10,pago,site
1780,2026-04-09 17:59:00,1808,MG,Papelaria,caderno,4,1238.04,5,pago,aplicativo
1781,2026-04-29 00:13:00,1856,RJ,Papelaria,caneta,5,433.82,0,cancelado,marketplace
1782,2026-04-30 06:50:00,1794,RJ,Livros,livro técnico,4,913.66,15,entregue,site
1783,2026-04-08 09:49:00,1711,SC,Esportes,tapete,4,544.54,10,entregue,aplicativo
1784,2026-04-11 16:49:00,1813,PE,Esportes,tapete,3,323.72,5,enviado,marketplace
1785,2026-04-04 14:47:00,1060,RJ,Casa,luminária,2,170.43,5,enviado,site
1786,2026-04-16 03:25:00,1704,BA,Eletrônicos,teclado,5,366.49,5,cancelado,aplicativo
1787,2026-04-26 03:03:00,1746,PE,Eletrônicos,mouse,2,1344.43,15,pago,aplicativo
1788,2026-04-09 17:09:00,1353,RJ,Casa,organizador,1,56.76,0,cancelado,site
1789,2026-04-30 23:04:00,1989,GO,Esportes,tapete,3,679.92,0,cancelado,marketplace
1790,2026-04-09 08:56:00,1007,MG,Livros,biografia,3,629.54,5,entregue,site
1791,2026-04-11 22:10:00,1525,SC,Eletrônicos,fone,3,1361.89,15,enviado,aplicativo
1792,2026-04-29 17:48:00,1369,BA,Eletrônicos,fone,5,565.81,0,pago,aplicativo
1793,2026-04-10 14:32:00,1151,BA,Papelaria,caderno,5,417.43,5,enviado,aplicativo
1794,2026-04-27 21:30:00,1560,PE,Eletrônicos,teclado,5,1495.22,5,pago,aplicativo
1795,2026-04-19 12:55:00,1603,RJ,Livros,livro técnico,4,1246.03,5,cancelado,marketplace
1796,2026-04-15 08:15:00,1854,PR,Papelaria,caderno,4,404.4,15,pago,site
1797,2026-04-18 23:14:00,1271,SP,Papelaria,caneta,5,351.54,0,cancelado,site
1798,2026-04-20 13:41:00,1048,RJ,Esportes,garrafa,3,807.53,10,cancelado,site
1799,2026-04-30 03:04:00,1806,PE,Papelaria,agenda,5,998.34,5,enviado,marketplace
1800,2026-04-06 06:33:00,1875,PR,Papelaria,caneta,4,845.52,0,enviado,marketplace
1801,2026-04-20 13:07:00,1081,BA,Casa,luminária,2,1420.4,0,pago,site
1802,2026-04-30 22:07:00,1299,PE,Livros,livro técnico,4,251.17,5,enviado,marketplace
1803,2026-04-05 10:36:00,1783,PE,Casa,organizador,3,1496.85,15,pago,site
1804,2026-04-01 03:38:00,1976,PR,Casa,luminária,1,1170.21,0,enviado,site
1805,2026-04-06 12:38:00,1512,SC,Esportes,tapete,5,191.93,15,entregue,site
1806,2026-04-17 01:49:00,1180,GO,Livros,livro técnico,2,822.5,0,pago,marketplace
1807,2026-04-08 09:15:00,1149,BA,Eletrônicos,fone,2,787.91,15,enviado,aplicativo
1808,2026-04-16 11:34:00,1873,GO,Livros,livro técnico,4,164.32,10,cancelado,site
1809,2026-04-29 06:22:00,1652,SC,Casa,luminária,5,1124.12,0,enviado,marketplace
1810,2026-04-21 20:05:00,1396,BA,Esportes,mochila,3,306.68,0,pago,aplicativo
1811,2026-04-26 23:37:00,1363,SP,Casa,luminária,3,976.59,5,pago,aplicativo
1812,2026-04-07 02:27:00,1863,RJ,Esportes,garrafa,5,785.57,0,enviado,aplicativo
1813,2026-04-26 02:29:00,1743,BA,Esportes,mochila,1,941.17,0,entregue,site
1814,2026-04-20 08:54:00,1300,SP,Livros,biografia,1,91.82,0,enviado,marketplace
1815,2026-04-07 23:09:00,1287,BA,Livros,romance,4,1472.15,10,entregue,site
1816,2026-04-14 15:29:00,1416,SP,Esportes,tapete,1,1472.07,0,enviado,marketplace
1817,2026-04-24 21:23:00,1617,RJ,Eletrônicos,fone,3,178.93,0,entregue,aplicativo
1818,2026-04-27 05:35:00,1217,RJ,Eletrônicos,fone,2,83.13,0,pago,marketplace
1819,2026-04-25 20:26:00,1304,PE,Papelaria,agenda,1,1344.04,0,entregue,aplicativo
1820,2026-04-16 04:00:00,1275,SP,Eletrônicos,mouse,2,112.43,10,pago,site
1821,2026-04-22 08:31:00,1828,BA,Esportes,garrafa,4,817.53,0,enviado,marketplace
1822,2026-04-04 17:34:00,1342,MG,Papelaria,caderno,2,976.24,10,pago,marketplace
1823,2026-04-10 22:34:00,1746,MG,Eletrônicos,teclado,2,1109.41,15,enviado,aplicativo
1824,2026-04-24 19:13:00,1896,PE,Eletrônicos,mouse,5,1194.04,0,cancelado,marketplace
1825,2026-04-20 13:22:00,1216,GO,Casa,luminária,2,1239.29,0,entregue,site
1826,2026-04-19 17:30:00,1932,PE,Esportes,mochila,3,381.06,0,cancelado,aplicativo
1827,2026-04-01 01:35:00,1117,GO,Papelaria,caneta,5,294.84,0,enviado,marketplace
1828,2026-04-27 09:44:00,1122,PR,Casa,cafeteira,2,1069.49,0,enviado,marketplace
1829,2026-04-04 06:51:00,1700,GO,Eletrônicos,mouse,2,1448.18,0,pago,marketplace
1830,2026-04-10 13:35:00,1734,RJ,Eletrônicos,mouse,1,625.9,0,enviado,aplicativo
1831,2026-04-30 11:44:00,1804,RJ,Casa,luminária,3,494.42,5,cancelado,marketplace
1832,2026-04-13 12:26:00,1454,PR,Papelaria,agenda,2,318.1,0,enviado,marketplace
1833,2026-04-23 06:01:00,1971,PE,Casa,organizador,4,82.91,0,cancelado,aplicativo
1834,2026-04-03 17:05:00,1766,SC,Casa,luminária,5,440.72,5,pago,aplicativo
1835,2026-04-13 17:06:00,1181,GO,Casa,organizador,1,715.12,10,pago,marketplace
1836,2026-04-14 19:10:00,1659,PR,Esportes,tapete,4,309.38,0,cancelado,aplicativo
1837,2026-04-22 20:40:00,1225,SC,Livros,livro técnico,2,35.55,0,cancelado,aplicativo
1838,2026-04-24 04:43:00,1657,MG,Casa,cafeteira,1,408.84,0,entregue,marketplace
1839,2026-04-30 23:01:00,1528,PE,Eletrônicos,teclado,4,40.25,10,pago,site
1840,2026-04-12 02:50:00,1775,MG,Livros,romance,4,1466.4,0,enviado,site
1841,2026-04-26 04:58:00,1429,BA,Livros,biografia,1,726.72,0,pago,marketplace
1842,2026-04-20 08:02:00,1257,PE,Livros,biografia,5,307.21,5,entregue,site
1843,2026-04-29 10:15:00,1200,PR,Esportes,tapete,3,78.25,0,entregue,aplicativo
1844,2026-04-16 04:11:00,1504,PR,Casa,cafeteira,4,1436.68,0,pago,site
1845,2026-04-11 12:38:00,1420,SP,Papelaria,caderno,2,705.95,10,pago,site
1846,2026-04-07 04:14:00,1226,PR,Papelaria,caneta,2,562.61,0,entregue,site
1847,2026-04-06 11:22:00,1287,SC,Papelaria,caneta,2,149.29,0,pago,site
1848,2026-04-25 10:25:00,1764,PR,Livros,biografia,1,719.26,0,enviado,marketplace
1849,2026-04-10 20:19:00,1814,GO,Eletrônicos,teclado,3,159.14,10,enviado,marketplace
1850,2026-04-20 10:30:00,1713,BA,Livros,livro técnico,3,1132.46,10,enviado,site
1851,2026-04-27 00:27:00,1021,PE,Eletrônicos,mouse,2,266.38,0,enviado,marketplace
1852,2026-04-09 03:56:00,1200,PR,Eletrônicos,mouse,2,207.62,5,pago,marketplace
1853,2026-04-29 03:43:00,1137,SP,Esportes,garrafa,1,1091.36,15,enviado,aplicativo
1854,2026-04-20 15:39:00,1157,RJ,Livros,biografia,2,715.86,0,enviado,aplicativo
1855,2026-04-08 23:15:00,1700,GO,Eletrônicos,mouse,1,136.39,0,enviado,site
1856,2026-04-05 22:26:00,1445,PR,Casa,organizador,2,406.55,10,entregue,aplicativo
1857,2026-04-25 06:00:00,1676,PR,Casa,cafeteira,4,643.08,10,cancelado,aplicativo
1858,2026-04-28 14:13:00,1219,SP,Livros,romance,2,614.67,5,cancelado,site
1859,2026-04-06 18:28:00,1922,SP,Papelaria,caderno,2,1108.14,10,pago,marketplace
1860,2026-04-30 13:35:00,1594,MG,Esportes,tapete,1,781.75,10,enviado,site
1861,2026-04-24 03:19:00,1878,RJ,Casa,luminária,2,813.11,0,entregue,marketplace
1862,2026-04-12 19:36:00,1267,BA,Papelaria,caderno,5,212.91,0,pago,aplicativo
1863,2026-04-07 08:36:00,1822,PR,Esportes,garrafa,1,781.75,10,cancelado,site
1864,2026-04-29 20:20:00,1559,RJ,Esportes,mochila,3,696.74,15,entregue,aplicativo
1865,2026-04-01 12:35:00,1798,SP,Eletrônicos,fone,1,1295.7,15,pago,site
1866,2026-04-29 23:49:00,1599,RJ,Livros,livro técnico,1,1035.06,5,pago,aplicativo
1867,2026-04-17 21:49:00,1058,SP,Papelaria,agenda,2,1482.72,0,cancelado,marketplace
1868,2026-04-30 09:10:00,1296,PE,Eletrônicos,mouse,3,247.32,10,enviado,marketplace
1869,2026-04-22 16:46:00,1294,SC,Papelaria,agenda,5,1366.28,0,enviado,site
1870,2026-04-29 07:00:00,1807,SP,Livros,biografia,3,575.37,0,cancelado,aplicativo
1871,2026-04-28 06:29:00,1050,SP,Eletrônicos,fone,3,1329.83,5,entregue,marketplace
1872,2026-04-17 10:49:00,1741,PE,Livros,livro técnico,5,233.44,5,pago,site
1873,2026-04-13 06:16:00,1523,PR,Esportes,garrafa,3,560.65,0,entregue,aplicativo
1874,2026-04-18 01:57:00,1747,SP,Casa,cafeteira,5,1074.29,15,cancelado,site
1875,2026-04-11 22:34:00,1420,SC,Esportes,garrafa,5,539.06,0,enviado,site
1876,2026-04-13 04:31:00,1821,SP,Eletrônicos,fone,1,1299.22,0,pago,marketplace
1877,2026-04-01 05:25:00,1267,PE,Papelaria,agenda,2,825.74,5,cancelado,site
1878,2026-04-18 04:58:00,1735,PR,Papelaria,caderno,5,975.14,5,entregue,site
1879,2026-04-03 23:34:00,1144,GO,Casa,cafeteira,5,1020.08,15,enviado,marketplace
1880,2026-04-14 23:52:00,1417,PE,Papelaria,agenda,2,40.86,5,enviado,aplicativo
1881,2026-04-10 17:36:00,1106,PE,Papelaria,caneta,3,132.43,0,cancelado,aplicativo
1882,2026-04-17 03:24:00,1968,BA,Esportes,garrafa,3,1300.75,0,enviado,aplicativo
1883,2026-04-17 19:05:00,1348,MG,Casa,cafeteira,3,295.59,15,pago,marketplace
1884,2026-04-18 04:04:00,1315,GO,Eletrônicos,teclado,3,1296.0,10,pago,site
1885,2026-04-11 23:43:00,1569,MG,Eletrônicos,teclado,3,504.01,0,cancelado,marketplace
1886,2026-04-16 11:17:00,1038,PE,Eletrônicos,mouse,1,1489.76,0,enviado,site
1887,2026-04-17 03:49:00,1198,PE,Casa,luminária,5,479.46,15,pago,aplicativo
1888,2026-04-05 15:36:00,1092,RJ,Casa,luminária,5,687.57,5,pago,marketplace
1889,2026-04-10 00:56:00,1246,RJ,Eletrônicos,mouse,2,743.95,0,cancelado,marketplace
1890,2026-04-02 18:49:00,1903,GO,Livros,livro técnico,1,1087.81,0,cancelado,aplicativo
1891,2026-04-22 00:18:00,1983,GO,Esportes,garrafa,5,1083.23,10,pago,site
1892,2026-04-02 05:01:00,1830,SP,Casa,luminária,5,169.05,5,pago,marketplace
1893,2026-04-24 20:12:00,1946,SP,Casa,cafeteira,2,1035.71,0,cancelado,marketplace
1894,2026-04-13 21:49:00,1842,RJ,Esportes,tapete,4,1375.84,10,enviado,aplicativo
1895,2026-04-16 17:41:00,1137,SP,Livros,biografia,1,473.73,0,pago,marketplace
1896,2026-04-05 22:53:00,1552,PE,Papelaria,caneta,2,354.71,10,cancelado,aplicativo
1897,2026-04-07 08:08:00,1774,GO,Eletrônicos,mouse,2,264.2,15,enviado,site
1898,2026-04-24 00:31:00,1151,RJ,Papelaria,agenda,2,682.42,0,entregue,aplicativo
1899,2026-04-12 14:41:00,1956,SP,Eletrônicos,fone,3,203.78,10,cancelado,marketplace
1900,2026-04-29 16:39:00,1021,BA,Eletrônicos,teclado,2,743.64,5,cancelado,aplicativo
1901,2026-04-05 08:50:00,1119,MG,Eletrônicos,mouse,4,1172.66,0,pago,site
1902,2026-04-10 05:55:00,1369,GO,Eletrônicos,mouse,4,1327.96,0,pago,aplicativo
1903,2026-04-21 17:40:00,1074,BA,Casa,cafeteira,2,158.92,0,enviado,aplicativo
1904,2026-04-03 08:51:00,1837,GO,Livros,romance,5,829.93,5,pago,aplicativo
1905,2026-04-26 13:10:00,1659,MG,Esportes,tapete,5,324.18,10,entregue,aplicativo
1906,2026-04-12 00:26:00,1311,SP,Eletrônicos,fone,5,1477.87,0,entregue,aplicativo
1907,2026-04-26 01:03:00,1754,MG,Casa,organizador,4,78.72,0,entregue,marketplace
1908,2026-04-05 15:55:00,1683,BA,Eletrônicos,fone,4,1039.75,0,pago,marketplace
1909,2026-04-27 10:26:00,1724,RJ,Livros,biografia,3,435.79,0,pago,marketplace
1910,2026-04-27 12:40:00,1826,MG,Esportes,tapete,4,1136.77,15,cancelado,marketplace
1911,2026-04-30 21:22:00,1303,SC,Papelaria,caneta,1,1334.84,0,enviado,marketplace
1912,2026-04-18 11:32:00,1652,PR,Livros,biografia,2,502.23,0,entregue,site
1913,2026-04-26 22:01:00,1633,PR,Papelaria,caneta,2,1336.9,0,enviado,site
1914,2026-04-20 13:32:00,1413,SP,Livros,livro técnico,4,937.1,0,cancelado,site
1915,2026-04-06 08:34:00,1468,GO,Esportes,mochila,1,966.48,0,enviado,aplicativo
1916,2026-04-11 09:09:00,1532,PR,Papelaria,agenda,3,1008.52,10,entregue,marketplace
1917,2026-04-07 07:18:00,1673,SP,Casa,cafeteira,3,1243.74,0,cancelado,marketplace
1918,2026-04-26 18:30:00,1624,GO,Eletrônicos,fone,3,54.61,0,cancelado,marketplace
1919,2026-04-07 16:08:00,1444,PE,Livros,biografia,1,1177.57,5,cancelado,aplicativo
1920,2026-04-04 07:31:00,1945,PR,Esportes,mochila,1,847.07,5,pago,marketplace
1921,2026-04-25 01:16:00,1321,BA,Casa,luminária,1,385.38,0,entregue,aplicativo
1922,2026-04-11 22:48:00,1601,PE,Papelaria,caderno,5,415.13,0,pago,site
1923,2026-04-01 01:04:00,1006,GO,Esportes,garrafa,5,592.1,5,pago,site
1924,2026-04-23 22:23:00,1206,RJ,Eletrônicos,teclado,1,1005.79,10,entregue,site
1925,2026-04-18 01:48:00,1540,SP,Eletrônicos,fone,5,975.94,0,entregue,marketplace
1926,2026-04-15 15:02:00,1055,SC,Papelaria,caderno,4,1162.74,15,enviado,marketplace
1927,2026-04-19 17:04:00,1642,MG,Esportes,mochila,1,1097.66,0,entregue,aplicativo
1928,2026-04-21 01:18:00,1453,PE,Eletrônicos,teclado,4,251.85,15,cancelado,site
1929,2026-04-06 22:01:00,1610,MG,Esportes,tapete,3,39.0,0,cancelado,marketplace
1930,2026-04-03 04:05:00,1164,RJ,Esportes,tapete,3,43.88,10,entregue,site
1931,2026-04-10 05:21:00,1464,PR,Casa,luminária,1,1406.49,0,entregue,marketplace
1932,2026-04-16 16:32:00,1937,GO,Casa,luminária,1,706.12,0,cancelado,site
1933,2026-04-05 15:02:00,1080,MG,Casa,luminária,1,575.95,0,cancelado,site
1934,2026-04-15 11:04:00,1135,SC,Papelaria,agenda,4,823.71,0,cancelado,site
1935,2026-04-21 08:46:00,1076,PE,Casa,luminária,3,404.25,0,enviado,marketplace
1936,2026-04-07 09:50:00,1884,GO,Livros,livro técnico,3,770.3,0,cancelado,aplicativo
1937,2026-04-11 18:19:00,1462,PR,Livros,livro técnico,3,1249.68,5,cancelado,marketplace
1938,2026-04-22 01:56:00,1758,SC,Eletrônicos,fone,5,263.77,0,pago,site
1939,2026-04-05 04:46:00,1899,SC,Casa,cafeteira,5,809.0,0,pago,marketplace
1940,2026-04-24 15:21:00,1952,GO,Casa,organizador,2,863.05,0,cancelado,marketplace
1941,2026-04-11 15:26:00,1776,GO,Papelaria,caneta,2,1313.35,10,enviado,site
1942,2026-04-25 17:39:00,1697,BA,Papelaria,caderno,4,53.44,0,cancelado,marketplace
1943,2026-04-27 18:55:00,1557,GO,Eletrônicos,teclado,4,1024.31,0,cancelado,aplicativo
1944,2026-04-23 14:16:00,1241,GO,Eletrônicos,teclado,5,1172.03,0,pago,aplicativo
1945,2026-04-25 14:30:00,1147,RJ,Eletrônicos,teclado,2,278.87,15,entregue,aplicativo
1946,2026-04-18 21:39:00,1695,BA,Casa,luminária,1,1168.16,10,cancelado,site
1947,2026-04-26 21:58:00,1153,RJ,Livros,romance,5,980.44,0,pago,marketplace
1948,2026-04-26 20:15:00,1407,SC,Casa,organizador,5,1432.79,10,entregue,site
1949,2026-04-28 17:08:00,1554,PE,Esportes,mochila,5,1303.44,0,enviado,site
1950,2026-04-28 13:00:00,1708,PR,Livros,livro técnico,5,655.39,15,entregue,marketplace
1951,2026-04-06 21:58:00,1305,BA,Livros,biografia,5,773.19,15,pago,marketplace
1952,2026-04-16 18:46:00,1462,SC,Eletrônicos,teclado,1,1045.97,5,pago,aplicativo
1953,2026-04-25 18:09:00,1411,SC,Casa,luminária,4,721.63,10,enviado,site
1954,2026-04-13 12:15:00,1389,RJ,Papelaria,caneta,5,104.59,15,cancelado,aplicativo
1955,2026-04-23 09:54:00,1393,MG,Papelaria,agenda,5,866.14,5,cancelado,marketplace
1956,2026-04-15 13:39:00,1528,PR,Casa,luminária,4,1491.35,0,entregue,marketplace
1957,2026-04-19 03:22:00,1658,MG,Papelaria,caderno,2,559.33,15,entregue,site
1958,2026-04-18 08:05:00,1745,BA,Livros,romance,4,858.1,0,pago,site
1959,2026-04-09 00:08:00,1797,BA,Livros,biografia,3,409.8,0,cancelado,aplicativo
1960,2026-04-09 22:12:00,1143,BA,Papelaria,caneta,5,448.3,15,enviado,marketplace
1961,2026-04-25 05:51:00,1757,PE,Casa,cafeteira,4,1247.16,0,enviado,marketplace
1962,2026-04-16 11:34:00,1414,MG,Papelaria,caderno,3,128.61,15,entregue,site
1963,2026-04-22 23:53:00,1182,BA,Papelaria,caneta,4,259.84,10,enviado,aplicativo
1964,2026-04-11 02:46:00,1351,BA,Papelaria,caderno,1,343.09,10,pago,marketplace
1965,2026-04-17 15:33:00,1026,SC,Esportes,tapete,5,401.65,5,entregue,site
1966,2026-04-23 04:46:00,1791,PE,Papelaria,caneta,3,344.07,0,entregue,marketplace
1967,2026-04-24 07:34:00,1844,RJ,Papelaria,caderno,1,1371.68,10,cancelado,site
1968,2026-04-24 17:39:00,1853,BA,Eletrônicos,fone,5,361.67,0,pago,aplicativo
1969,2026-04-14 23:57:00,1090,BA,Casa,organizador,3,685.98,0,entregue,site
1970,2026-04-08 21:31:00,1374,PR,Eletrônicos,fone,4,719.02,10,pago,site
1971,2026-04-15 10:35:00,1046,SP,Esportes,tapete,5,405.97,0,pago,aplicativo
1972,2026-04-17 02:30:00,1181,SC,Eletrônicos,fone,4,927.42,0,cancelado,marketplace
1973,2026-04-06 23:46:00,1775,SC,Eletrônicos,mouse,1,414.81,0,enviado,marketplace
1974,2026-04-16 20:27:00,1411,MG,Papelaria,agenda,2,1403.41,10,cancelado,aplicativo
1975,2026-04-27 13:24:00,1518,GO,Eletrônicos,teclado,4,812.98,0,entregue,site
1976,2026-04-16 09:03:00,1522,BA,Casa,organizador,3,816.61,0,cancelado,aplicativo
1977,2026-04-28 22:16:00,1294,MG,Livros,biografia,5,202.06,10,pago,site
1978,2026-04-02 03:44:00,1139,SP,Esportes,tapete,1,73.88,0,entregue,marketplace
1979,2026-04-30 11:04:00,1899,PR,Casa,cafeteira,1,1438.11,0,pago,aplicativo
1980,2026-04-10 11:34:00,1005,BA,Livros,livro técnico,3,725.99,10,enviado,marketplace
1981,2026-04-09 06:57:00,1698,RJ,Esportes,mochila,3,461.86,10,cancelado,aplicativo
1982,2026-04-23 07:53:00,1147,SC,Papelaria,agenda,2,640.38,15,cancelado,marketplace
1983,2026-04-19 19:24:00,1153,SP,Livros,biografia,2,555.78,10,enviado,aplicativo
1984,2026-04-04 04:00:00,1538,PR,Livros,livro técnico,2,1064.27,0,enviado,site
1985,2026-04-10 02:39:00,1621,MG,Eletrônicos,fone,1,944.1,10,pago,site
1986,2026-04-01 08:51:00,1906,RJ,Esportes,mochila,5,374.68,0,cancelado,site
1987,2026-04-26 03:44:00,1474,BA,Casa,cafeteira,1,803.44,5,cancelado,marketplace
1988,2026-04-21 18:06:00,1181,MG,Eletrônicos,mouse,3,725.32,0,entregue,marketplace
1989,2026-04-29 13:39:00,1272,SC,Livros,biografia,2,574.58,10,pago,aplicativo
1990,2026-04-05 02:33:00,1523,SC,Casa,cafeteira,4,1350.48,10,enviado,marketplace
1991,2026-04-03 09:59:00,1562,MG,Eletrônicos,teclado,4,1440.92,15,cancelado,site
1992,2026-04-10 18:54:00,1203,SC,Eletrônicos,teclado,2,1389.43,15,enviado,site
1993,2026-04-08 20:27:00,1158,PR,Livros,livro técnico,4,1323.52,0,cancelado,aplicativo
1994,2026-04-30 03:26:00,1310,PR,Papelaria,caderno,5,830.48,0,enviado,aplicativo
1995,2026-04-12 03:04:00,1808,PR,Livros,biografia,3,838.36,0,entregue,aplicativo
1996,2026-04-30 08:04:00,1474,SC,Eletrônicos,teclado,2,250.73,5,entregue,site
1997,2026-04-16 03:18:00,1267,PE,Eletrônicos,mouse,5,1218.04,5,pago,site
1998,2026-04-27 11:59:00,1449,SP,Esportes,mochila,2,860.85,5,pago,site
1999,2026-04-12 05:13:00,1682,SC,Eletrônicos,teclado,5,1366.89,15,pago,site
2000,2026-04-15 21:02:00,1141,PR,Esportes,mochila,2,232.37,15,pago,site
2001,2026-04-03 11:17:00,1561,PR,Livros,romance,2,66.11,0,entregue,marketplace
2002,2026-04-22 04:33:00,1531,SC,Esportes,mochila,3,1028.56,15,entregue,marketplace
2003,2026-04-09 09:41:00,1242,GO,Papelaria,caneta,1,1200.05,0,enviado,site
2004,2026-04-11 18:05:00,1944,GO,Livros,romance,1,1223.86,10,entregue,site
2005,2026-04-16 18:53:00,1855,MG,Esportes,garrafa,2,1309.29,10,pago,site
2006,2026-04-27 06:26:00,1171,BA,Casa,cafeteira,1,147.79,0,cancelado,aplicativo
2007,2026-04-03 13:55:00,1626,PR,Papelaria,caderno,1,869.06,5,pago,site
2008,2026-04-05 05:30:00,1623,RJ,Papelaria,caneta,2,602.75,15,enviado,marketplace
2009,2026-04-10 10:22:00,1161,RJ,Casa,luminária,4,621.07,15,enviado,site
2010,2026-04-05 01:28:00,1118,RJ,Eletrônicos,mouse,4,610.02,0,enviado,site
2011,2026-04-02 10:51:00,1457,MG,Eletrônicos,mouse,3,995.96,10,cancelado,site
2012,2026-04-10 17:50:00,1037,PE,Casa,cafeteira,5,296.74,5,entregue,site
2013,2026-04-09 03:20:00,1466,PE,Papelaria,caderno,5,164.41,0,enviado,site
2014,2026-04-02 00:48:00,1808,GO,Eletrônicos,teclado,5,219.51,0,pago,marketplace
2015,2026-04-07 19:58:00,1610,PE,Livros,livro técnico,4,201.92,10,enviado,marketplace
2016,2026-04-18 07:36:00,1859,RJ,Livros,romance,1,1209.99,0,entregue,site
2017,2026-04-01 18:39:00,1794,RJ,Papelaria,caneta,2,1453.64,0,enviado,aplicativo
2018,2026-04-17 08:08:00,1562,BA,Casa,organizador,5,556.37,0,enviado,site
2019,2026-04-04 09:51:00,1909,MG,Eletrônicos,teclado,1,219.86,5,pago,aplicativo
2020,2026-04-28 22:55:00,1165,SC,Eletrônicos,teclado,2,840.72,0,pago,site
2021,2026-04-03 19:11:00,1453,RJ,Papelaria,agenda,4,645.04,10,pago,aplicativo
2022,2026-04-06 18:09:00,1880,PE,Casa,luminária,5,978.64,0,entregue,aplicativo
2023,2026-04-29 18:01:00,1657,SP,Livros,livro técnico,2,1054.79,0,pago,site
2024,2026-04-01 18:24:00,1630,BA,Eletrônicos,fone,4,1435.32,10,cancelado,aplicativo
2025,2026-04-29 08:22:00,1066,BA,Esportes,tapete,4,889.28,0,entregue,aplicativo
2026,2026-04-12 04:48:00,1257,SC,Esportes,garrafa,1,213.92,0,cancelado,aplicativo
2027,2026-04-03 00:11:00,1568,SP,Eletrônicos,fone,1,1197.92,10,pago,site
2028,2026-04-19 18:38:00,1567,PR,Casa,luminária,1,679.5,0,pago,aplicativo
2029,2026-04-24 11:54:00,1043,SP,Casa,organizador,5,155.17,15,entregue,aplicativo
2030,2026-04-27 23:26:00,1031,RJ,Eletrônicos,fone,3,1059.41,5,pago,site
2031,2026-04-19 14:17:00,1463,RJ,Papelaria,caderno,2,90.29,15,enviado,aplicativo
2032,2026-04-14 02:16:00,1369,PE,Eletrônicos,fone,4,457.35,5,enviado,site
2033,2026-04-01 19:02:00,1578,GO,Casa,luminária,2,529.91,10,entregue,aplicativo
2034,2026-04-20 13:06:00,1610,PE,Esportes,mochila,4,54.23,0,pago,aplicativo
2035,2026-04-10 02:51:00,1621,GO,Casa,cafeteira,2,1235.65,5,entregue,aplicativo
2036,2026-04-07 18:39:00,1080,BA,Esportes,tapete,5,105.47,0,enviado,marketplace
2037,2026-04-02 11:02:00,1058,PE,Esportes,garrafa,4,628.06,0,entregue,aplicativo
2038,2026-04-04 02:04:00,1814,RJ,Papelaria,caderno,1,675.93,5,cancelado,site
2039,2026-04-01 21:27:00,1766,PE,Livros,livro técnico,5,361.57,10,pago,marketplace
2040,2026-04-29 17:18:00,1713,PE,Papelaria,agenda,5,14.51,0,pago,aplicativo
2041,2026-04-12 15:05:00,1625,SP,Casa,luminária,5,453.47,10,cancelado,aplicativo
2042,2026-04-23 10:17:00,1654,PR,Papelaria,agenda,1,306.01,10,cancelado,marketplace
2043,2026-04-18 09:29:00,1617,PE,Eletrônicos,teclado,1,622.22,5,pago,site
2044,2026-04-14 01:06:00,1975,SP,Casa,organizador,4,725.04,0,enviado,site
2045,2026-04-20 21:12:00,1187,PR,Casa,organizador,5,1007.9,10,entregue,marketplace
2046,2026-04-28 18:52:00,1456,SP,Papelaria,caderno,1,1070.12,0,enviado,aplicativo
2047,2026-04-10 18:07:00,1478,SP,Casa,luminária,5,696.51,10,enviado,site
2048,2026-04-03 11:59:00,1861,MG,Eletrônicos,teclado,1,949.93,15,entregue,site
2049,2026-04-11 16:54:00,1378,SC,Papelaria,caderno,2,1347.2,0,cancelado,site
2050,2026-04-29 11:42:00,1601,PE,Papelaria,agenda,5,55.5,0,cancelado,aplicativo
2051,2026-04-07 06:59:00,1164,RJ,Livros,biografia,4,1420.74,0,enviado,marketplace
2052,2026-04-18 00:17:00,1448,SP,Esportes,mochila,5,267.14,0,entregue,marketplace
2053,2026-04-22 14:04:00,1327,SC,Eletrônicos,teclado,1,1244.93,0,enviado,aplicativo
2054,2026-04-14 15:11:00,1609,GO,Papelaria,caderno,1,1149.27,15,pago,site
2055,2026-04-27 20:54:00,1276,MG,Papelaria,caneta,5,1008.91,10,enviado,aplicativo
2056,2026-04-22 17:09:00,1680,SP,Esportes,mochila,3,74.27,0,enviado,marketplace
2057,2026-04-05 00:35:00,1809,GO,Eletrônicos,teclado,1,538.37,0,cancelado,marketplace
2058,2026-04-23 04:29:00,1290,PR,Casa,luminária,3,1087.07,0,pago,aplicativo
2059,2026-04-30 04:20:00,1407,MG,Papelaria,agenda,3,963.6,10,cancelado,marketplace
2060,2026-04-18 03:02:00,1392,PR,Livros,biografia,3,1403.98,5,pago,aplicativo
2061,2026-04-15 05:13:00,1155,RJ,Esportes,mochila,4,27.31,10,entregue,site
2062,2026-04-08 06:33:00,1955,BA,Esportes,garrafa,5,1142.47,15,cancelado,aplicativo
2063,2026-04-06 16:35:00,1000,PR,Papelaria,agenda,3,806.59,10,enviado,marketplace
2064,2026-04-07 06:08:00,1264,GO,Eletrônicos,teclado,4,235.49,10,cancelado,marketplace
2065,2026-04-20 08:07:00,1022,RJ,Papelaria,caderno,1,456.85,0,pago,marketplace
2066,2026-04-28 07:01:00,1655,MG,Casa,organizador,2,1074.95,0,enviado,site
2067,2026-04-19 13:14:00,1915,SP,Esportes,mochila,3,288.0,0,pago,aplicativo
2068,2026-04-24 06:11:00,1096,GO,Livros,biografia,3,1171.84,15,pago,site
2069,2026-04-14 17:57:00,1507,MG,Livros,romance,3,195.61,0,cancelado,aplicativo
2070,2026-04-14 03:49:00,1280,SP,Eletrônicos,fone,5,630.42,0,cancelado,marketplace
2071,2026-04-03 23:21:00,1790,MG,Esportes,mochila,3,895.88,10,pago,marketplace
2072,2026-04-01 03:06:00,1887,GO,Papelaria,agenda,4,1251.66,0,pago,aplicativo
2073,2026-04-13 07:51:00,1423,RJ,Eletrônicos,teclado,2,1261.2,10,enviado,aplicativo
2074,2026-04-25 20:17:00,1432,PR,Esportes,tapete,5,599.78,10,cancelado,aplicativo
2075,2026-04-26 19:33:00,1319,RJ,Papelaria,caneta,3,517.02,0,entregue,marketplace
2076,2026-04-06 15:34:00,1628,MG,Eletrônicos,fone,5,1022.49,0,cancelado,aplicativo
2077,2026-04-18 08:41:00,1910,SP,Casa,cafeteira,3,178.95,5,pago,aplicativo
2078,2026-04-28 02:59:00,1550,GO,Eletrônicos,fone,2,637.66,0,cancelado,marketplace
2079,2026-04-24 10:09:00,1593,PE,Casa,luminária,3,564.86,0,cancelado,aplicativo
2080,2026-04-02 03:03:00,1608,PE,Eletrônicos,fone,2,455.08,10,entregue,site
2081,2026-04-18 03:03:00,1384,PE,Eletrônicos,teclado,5,923.95,5,cancelado,aplicativo
2082,2026-04-20 20:00:00,1268,MG,Eletrônicos,teclado,1,1232.09,0,entregue,aplicativo
2083,2026-04-21 03:58:00,1348,SP,Livros,romance,5,681.43,0,entregue,site
2084,2026-04-28 16:45:00,1029,GO,Casa,cafeteira,2,371.35,0,entregue,aplicativo
2085,2026-04-29 19:59:00,1188,GO,Esportes,garrafa,3,1053.89,0,pago,aplicativo
2086,2026-04-28 16:21:00,1355,PR,Livros,biografia,1,23.64,15,cancelado,site
2087,2026-04-08 23:02:00,1155,PE,Casa,luminária,2,1445.29,5,cancelado,aplicativo
2088,2026-04-19 06:15:00,1137,BA,Esportes,tapete,5,110.33,0,pago,site
2089,2026-04-05 13:08:00,1094,BA,Casa,organizador,5,1224.78,0,cancelado,site
2090,2026-04-01 16:23:00,1110,SC,Eletrônicos,mouse,5,779.24,5,cancelado,marketplace
2091,2026-04-06 19:38:00,1200,RJ,Esportes,mochila,2,870.98,0,cancelado,site
2092,2026-04-07 03:21:00,1735,GO,Livros,romance,3,1280.59,15,cancelado,site
2093,2026-04-06 01:08:00,1941,MG,Casa,cafeteira,1,313.8,0,enviado,marketplace
2094,2026-04-11 09:00:00,1440,BA,Esportes,tapete,5,1096.95,10,pago,aplicativo
2095,2026-04-29 22:11:00,1172,BA,Papelaria,caneta,3,1422.5,0,entregue,site
2096,2026-04-26 08:55:00,1711,PR,Eletrônicos,mouse,5,493.21,0,entregue,aplicativo
2097,2026-04-20 12:50:00,1260,PE,Eletrônicos,fone,3,434.96,5,entregue,marketplace
2098,2026-04-04 11:46:00,1114,MG,Casa,luminária,2,239.7,15,cancelado,aplicativo
2099,2026-04-23 08:34:00,1698,RJ,Papelaria,agenda,4,663.2,5,enviado,site
2100,2026-04-30 04:42:00,1694,MG,Livros,biografia,4,262.88,0,cancelado,marketplace
2101,2026-04-22 14:32:00,1362,SP,Casa,luminária,5,100.56,0,cancelado,site
2102,2026-04-15 23:18:00,1731,PR,Eletrônicos,teclado,1,586.05,0,entregue,marketplace
2103,2026-04-07 14:11:00,1273,PR,Papelaria,agenda,3,1273.18,0,pago,site
2104,2026-04-04 03:30:00,1732,GO,Eletrônicos,mouse,4,716.51,0,pago,aplicativo
2105,2026-04-13 16:34:00,1260,PE,Livros,livro técnico,3,399.86,5,pago,marketplace
2106,2026-04-17 10:59:00,1704,RJ,Casa,cafeteira,4,908.12,0,cancelado,marketplace
2107,2026-04-01 17:00:00,1657,BA,Papelaria,caderno,2,969.04,0,enviado,marketplace
2108,2026-04-24 07:46:00,1676,PE,Esportes,mochila,5,1105.66,10,cancelado,marketplace
2109,2026-04-08 01:18:00,1906,SP,Papelaria,agenda,3,1489.88,0,cancelado,marketplace
2110,2026-04-05 18:18:00,1280,SC,Casa,organizador,2,388.15,0,pago,site
2111,2026-04-18 08:31:00,1727,PE,Papelaria,agenda,2,409.02,0,enviado,marketplace
2112,2026-04-24 17:34:00,1241,PR,Esportes,garrafa,5,1190.6,0,pago,marketplace
2113,2026-04-02 08:51:00,1401,MG,Papelaria,caneta,5,323.03,0,pago,marketplace
2114,2026-04-10 15:39:00,1171,MG,Papelaria,agenda,1,76.73,0,pago,site
2115,2026-04-01 02:18:00,1016,RJ,Casa,luminária,5,585.05,5,cancelado,site
2116,2026-04-24 02:47:00,1861,SC,Eletrônicos,fone,4,191.34,10,pago,aplicativo
2117,2026-04-18 11:07:00,1815,RJ,Casa,organizador,3,101.95,15,enviado,marketplace
2118,2026-04-30 13:50:00,1249,RJ,Livros,romance,5,770.4,0,cancelado,aplicativo
2119,2026-04-30 04:42:00,1141,PR,Esportes,mochila,3,470.9,10,entregue,marketplace
2120,2026-04-01 03:59:00,1203,SP,Eletrônicos,fone,4,1254.6,5,enviado,site
2121,2026-04-15 23:49:00,1975,GO,Livros,romance,4,1252.8,0,pago,marketplace
2122,2026-04-20 16:47:00,1995,GO,Eletrônicos,teclado,4,410.32,0,pago,marketplace
2123,2026-04-14 14:41:00,1888,RJ,Esportes,tapete,1,1059.08,0,entregue,site
2124,2026-04-15 17:49:00,1102,GO,Esportes,mochila,5,1228.74,10,entregue,marketplace
2125,2026-04-24 19:01:00,1629,SP,Esportes,garrafa,3,1161.78,0,cancelado,aplicativo
2126,2026-04-14 09:20:00,1567,MG,Papelaria,caderno,4,806.1,10,cancelado,site
2127,2026-04-21 21:28:00,1803,SP,Esportes,mochila,5,358.78,5,pago,aplicativo
2128,2026-04-30 03:58:00,1496,RJ,Papelaria,agenda,3,55.65,10,cancelado,site
2129,2026-04-04 12:41:00,1583,SC,Livros,romance,4,44.83,10,enviado,site
2130,2026-04-07 00:56:00,1441,BA,Eletrônicos,fone,4,1275.41,15,enviado,aplicativo
2131,2026-04-04 13:55:00,1566,SP,Eletrônicos,teclado,5,559.13,0,pago,aplicativo
2132,2026-04-24 05:35:00,1321,RJ,Livros,romance,4,735.12,0,pago,marketplace
2133,2026-04-14 12:10:00,1394,MG,Casa,organizador,1,153.89,15,enviado,aplicativo
2134,2026-04-27 22:51:00,1412,MG,Eletrônicos,mouse,4,406.74,0,enviado,marketplace
2135,2026-04-24 07:29:00,1601,RJ,Esportes,tapete,4,89.56,15,entregue,marketplace
2136,2026-04-07 00:03:00,1107,BA,Livros,romance,3,565.54,0,entregue,aplicativo
2137,2026-04-01 03:09:00,1865,MG,Papelaria,caderno,2,1268.4,0,cancelado,site
2138,2026-04-03 06:22:00,1064,GO,Papelaria,caderno,2,1388.76,0,cancelado,aplicativo
2139,2026-04-08 19:31:00,1216,MG,Eletrônicos,teclado,3,1272.95,5,enviado,marketplace
2140,2026-04-28 19:24:00,1335,PE,Casa,cafeteira,1,97.03,5,enviado,site
2141,2026-04-21 14:23:00,1246,RJ,Livros,biografia,2,1490.59,0,cancelado,marketplace
2142,2026-04-22 21:53:00,1067,SP,Livros,livro técnico,3,1415.03,15,pago,site
2143,2026-04-17 22:06:00,1998,SP,Eletrônicos,mouse,5,275.22,5,pago,marketplace
2144,2026-04-09 11:05:00,1437,RJ,Eletrônicos,teclado,1,1118.36,0,cancelado,site
2145,2026-04-10 02:01:00,1044,SP,Papelaria,caderno,4,115.61,5,entregue,marketplace
2146,2026-04-23 00:30:00,1262,RJ,Eletrônicos,fone,5,865.26,0,entregue,marketplace
2147,2026-04-30 09:27:00,1144,SC,Livros,livro técnico,4,893.72,10,enviado,aplicativo
2148,2026-04-28 02:05:00,1263,PE,Livros,livro técnico,4,1151.33,5,pago,marketplace
2149,2026-04-22 13:52:00,1207,PE,Papelaria,caderno,5,133.14,15,pago,site
2150,2026-04-03 01:35:00,1157,BA,Livros,romance,5,999.34,5,enviado,marketplace
2151,2026-04-22 07:28:00,1913,PE,Casa,luminária,2,1456.52,15,entregue,aplicativo
2152,2026-04-12 00:16:00,1345,MG,Livros,biografia,4,799.61,5,entregue,marketplace
2153,2026-04-20 12:52:00,1458,PR,Esportes,garrafa,5,826.45,15,entregue,aplicativo
2154,2026-04-09 21:14:00,1560,PE,Papelaria,agenda,2,483.7,0,cancelado,marketplace
2155,2026-04-07 06:37:00,1553,SP,Livros,romance,3,507.65,5,cancelado,aplicativo
2156,2026-04-17 09:19:00,1459,BA,Eletrônicos,teclado,3,129.29,5,enviado,site
2157,2026-04-01 10:37:00,1608,SP,Papelaria,caderno,5,1406.01,0,pago,site
2158,2026-04-15 02:01:00,1748,SP,Esportes,mochila,5,161.56,0,pago,site
2159,2026-04-24 02:20:00,1963,GO,Eletrônicos,teclado,1,905.53,15,pago,site
2160,2026-04-21 06:15:00,1698,GO,Livros,romance,1,1033.24,0,enviado,marketplace
2161,2026-04-29 06:16:00,1379,PR,Eletrônicos,teclado,3,1228.18,0,pago,marketplace
2162,2026-04-04 18:19:00,1682,MG,Casa,luminária,2,662.23,0,entregue,site
2163,2026-04-20 00:13:00,1777,SP,Eletrônicos,fone,1,486.07,0,enviado,marketplace
2164,2026-04-30 19:04:00,1702,PE,Casa,organizador,4,954.24,10,entregue,site
2165,2026-04-02 23:52:00,1978,SC,Esportes,tapete,1,1149.83,15,enviado,site
2166,2026-04-26 01:33:00,1050,BA,Esportes,mochila,5,1014.37,15,pago,site
2167,2026-04-01 10:37:00,1402,PE,Eletrônicos,fone,5,332.19,0,pago,site
2168,2026-04-01 03:16:00,1284,BA,Papelaria,caderno,2,1407.15,0,cancelado,site
2169,2026-04-13 22:26:00,1065,RJ,Papelaria,agenda,5,456.84,10,pago,site
2170,2026-04-29 01:29:00,1913,MG,Livros,biografia,5,545.17,0,entregue,marketplace
2171,2026-04-07 16:01:00,1046,BA,Papelaria,caneta,4,115.29,0,cancelado,aplicativo
2172,2026-04-01 14:15:00,1659,SP,Papelaria,agenda,4,861.08,10,pago,site
2173,2026-04-20 23:45:00,1488,PE,Papelaria,caneta,1,1169.66,0,cancelado,marketplace
2174,2026-04-06 16:52:00,1733,PR,Livros,biografia,2,859.71,0,entregue,marketplace
2175,2026-04-01 22:24:00,1002,GO,Livros,livro técnico,4,693.13,0,entregue,aplicativo
2176,2026-04-08 07:30:00,1648,BA,Eletrônicos,fone,1,118.59,0,cancelado,aplicativo
2177,2026-04-18 19:15:00,1188,PE,Livros,livro técnico,1,694.47,0,enviado,marketplace
2178,2026-04-09 12:00:00,1677,MG,Eletrônicos,mouse,2,1186.02,0,entregue,site
2179,2026-04-02 10:53:00,1585,SP,Eletrônicos,fone,4,1260.01,0,entregue,site
2180,2026-04-25 14:55:00,1569,GO,Eletrônicos,mouse,5,387.38,0,enviado,site
2181,2026-04-18 20:48:00,1454,PR,Eletrônicos,teclado,2,928.24,0,entregue,marketplace
2182,2026-04-16 04:54:00,1772,SC,Livros,romance,3,1287.24,0,pago,site
2183,2026-04-28 00:21:00,1789,GO,Papelaria,agenda,3,259.56,0,enviado,site
2184,2026-04-09 03:42:00,1816,SP,Esportes,mochila,2,691.78,0,enviado,site
2185,2026-04-22 02:07:00,1911,SP,Livros,romance,5,197.86,5,pago,site
2186,2026-04-11 06:28:00,1730,SP,Livros,livro técnico,2,291.68,15,enviado,site
2187,2026-04-08 18:41:00,1069,BA,Papelaria,agenda,5,1180.66,10,cancelado,marketplace
2188,2026-04-17 15:48:00,1579,RJ,Eletrônicos,mouse,4,168.56,0,cancelado,site
2189,2026-04-16 02:58:00,1563,RJ,Papelaria,caneta,5,1322.28,10,cancelado,marketplace
2190,2026-04-05 06:53:00,1390,SP,Esportes,garrafa,1,1128.11,0,enviado,aplicativo
2191,2026-04-28 11:35:00,1878,PR,Papelaria,agenda,1,825.76,5,enviado,marketplace
2192,2026-04-08 20:16:00,1822,PE,Papelaria,caneta,3,1442.55,0,pago,marketplace
2193,2026-04-07 06:50:00,1172,SC,Eletrônicos,mouse,2,11.82,0,enviado,marketplace
2194,2026-04-06 19:13:00,1640,PR,Livros,biografia,2,997.1,0,pago,aplicativo
2195,2026-04-13 16:27:00,1498,PE,Eletrônicos,teclado,2,1099.4,15,pago,site
2196,2026-04-27 06:32:00,1616,PR,Esportes,tapete,1,1012.96,15,pago,site
2197,2026-04-10 11:02:00,1051,PE,Eletrônicos,mouse,2,336.34,0,enviado,marketplace
2198,2026-04-17 08:18:00,1870,MG,Esportes,tapete,1,373.11,15,enviado,site
2199,2026-04-05 06:10:00,1427,BA,Casa,cafeteira,1,616.67,5,enviado,site
2200,2026-04-28 01:45:00,1236,SC,Eletrônicos,teclado,4,694.8,5,pago,marketplace
2201,2026-04-07 00:12:00,1786,RJ,Papelaria,caderno,1,981.12,10,pago,aplicativo
2202,2026-04-14 14:04:00,1387,SP,Eletrônicos,teclado,2,877.24,10,enviado,site
2203,2026-04-12 06:49:00,1862,PE,Eletrônicos,teclado,1,933.93,5,enviado,site
2204,2026-04-10 05:45:00,1961,RJ,Papelaria,caderno,4,735.4,10,pago,aplicativo
2205,2026-04-17 18:34:00,1992,GO,Esportes,mochila,4,696.15,0,cancelado,site
2206,2026-04-04 19:52:00,1584,GO,Esportes,garrafa,3,548.89,0,entregue,aplicativo
2207,2026-04-02 15:30:00,1451,GO,Livros,biografia,4,1469.75,15,entregue,marketplace
2208,2026-04-11 05:27:00,1581,GO,Casa,cafeteira,3,22.72,15,cancelado,site
2209,2026-04-06 21:25:00,1866,MG,Esportes,garrafa,4,210.69,0,pago,aplicativo
2210,2026-04-10 20:24:00,1804,GO,Casa,organizador,2,1380.26,15,entregue,marketplace
2211,2026-04-15 14:08:00,1272,MG,Papelaria,agenda,1,1021.97,10,pago,marketplace
2212,2026-04-29 02:41:00,1100,GO,Esportes,mochila,2,962.81,15,entregue,marketplace
2213,2026-04-28 08:13:00,1584,GO,Eletrônicos,mouse,3,338.7,10,entregue,site
2214,2026-04-13 19:43:00,1969,SC,Casa,cafeteira,2,1334.56,15,pago,aplicativo
2215,2026-04-11 05:39:00,1251,PE,Papelaria,caderno,2,1424.55,0,enviado,site
2216,2026-04-17 15:35:00,1868,SC,Eletrônicos,mouse,4,51.7,15,entregue,aplicativo
2217,2026-04-18 18:25:00,1938,PE,Esportes,mochila,4,502.93,5,cancelado,marketplace
2218,2026-04-29 22:23:00,1343,PR,Livros,biografia,3,1450.91,5,entregue,marketplace
2219,2026-04-18 21:17:00,1395,GO,Esportes,tapete,1,652.05,0,enviado,site
2220,2026-04-13 23:53:00,1378,SP,Casa,organizador,5,1049.63,0,entregue,marketplace
2221,2026-04-04 23:36:00,1834,BA,Livros,biografia,2,1143.02,10,enviado,aplicativo
2222,2026-04-18 08:28:00,1406,PE,Livros,biografia,4,280.77,0,pago,aplicativo
2223,2026-04-11 21:42:00,1376,RJ,Livros,livro técnico,3,280.57,0,entregue,site
2224,2026-04-25 18:41:00,1597,PR,Livros,biografia,2,1191.03,0,cancelado,site
2225,2026-04-15 01:27:00,1218,SP,Livros,romance,4,854.19,0,cancelado,site
2226,2026-04-01 19:44:00,1030,RJ,Eletrônicos,mouse,4,1410.82,0,enviado,site
2227,2026-04-17 18:20:00,1747,SC,Eletrônicos,fone,1,1375.06,10,entregue,aplicativo
2228,2026-04-17 12:13:00,1835,PE,Casa,luminária,2,655.09,10,cancelado,aplicativo
2229,2026-04-30 14:30:00,1911,SC,Livros,biografia,1,177.52,0,enviado,marketplace
2230,2026-04-25 01:50:00,1420,BA,Eletrônicos,mouse,2,341.62,5,cancelado,aplicativo
2231,2026-04-20 13:38:00,1409,BA,Casa,cafeteira,4,290.57,5,pago,site
2232,2026-04-30 09:16:00,1847,SP,Livros,livro técnico,3,1224.78,5,pago,site
2233,2026-04-30 12:57:00,1531,SP,Livros,romance,1,47.72,0,cancelado,marketplace
2234,2026-04-06 19:50:00,1067,PE,Casa,cafeteira,2,486.49,15,enviado,site
2235,2026-04-28 11:57:00,1308,PR,Esportes,garrafa,5,1041.53,0,enviado,aplicativo
2236,2026-04-04 22:51:00,1506,MG,Papelaria,agenda,1,305.7,0,cancelado,marketplace
2237,2026-04-08 00:23:00,1530,GO,Livros,romance,2,1360.66,0,enviado,marketplace
2238,2026-04-16 15:42:00,1130,BA,Esportes,garrafa,5,534.85,15,enviado,site
2239,2026-04-07 20:41:00,1655,SC,Casa,luminária,2,1051.97,0,enviado,site
2240,2026-04-22 13:23:00,1707,PR,Livros,romance,3,346.0,0,cancelado,aplicativo
2241,2026-04-16 22:18:00,1995,SP,Eletrônicos,mouse,4,601.67,0,cancelado,site
2242,2026-04-18 16:59:00,1621,SC,Papelaria,caderno,1,1149.09,0,enviado,aplicativo
2243,2026-04-01 15:27:00,1503,RJ,Eletrônicos,fone,2,600.67,0,enviado,marketplace
2244,2026-04-09 07:45:00,1723,RJ,Papelaria,agenda,4,1002.67,15,cancelado,marketplace
2245,2026-04-12 18:06:00,1798,GO,Livros,biografia,4,308.45,5,entregue,site
2246,2026-04-10 20:41:00,1707,MG,Casa,luminária,2,1428.9,15,pago,marketplace
2247,2026-04-14 06:58:00,1259,MG,Eletrônicos,mouse,3,844.72,15,enviado,marketplace
2248,2026-04-17 02:22:00,1414,SP,Casa,luminária,4,282.73,10,entregue,site
2249,2026-04-03 05:51:00,1921,GO,Livros,biografia,2,1251.34,15,cancelado,site
2250,2026-04-06 05:19:00,1544,SP,Eletrônicos,mouse,3,601.26,5,entregue,site
2251,2026-04-23 02:22:00,1685,BA,Casa,luminária,2,1286.59,0,pago,marketplace
2252,2026-04-07 18:11:00,1013,RJ,Papelaria,caneta,2,1164.4,0,cancelado,marketplace
2253,2026-04-14 01:17:00,1679,GO,Eletrônicos,mouse,2,860.66,15,cancelado,marketplace
2254,2026-04-03 21:05:00,1321,PE,Livros,romance,4,77.1,0,entregue,marketplace
2255,2026-04-29 11:59:00,1675,RJ,Eletrônicos,fone,3,138.85,15,entregue,site
2256,2026-04-16 13:47:00,1337,GO,Eletrônicos,mouse,3,35.19,15,pago,marketplace
2257,2026-04-10 15:02:00,1605,BA,Esportes,mochila,4,825.21,0,enviado,site
2258,2026-04-07 05:44:00,1018,PE,Esportes,garrafa,2,657.55,0,pago,site
2259,2026-04-23 13:54:00,1098,MG,Papelaria,agenda,1,233.01,0,enviado,marketplace
2260,2026-04-20 13:40:00,1927,GO,Casa,cafeteira,4,802.65,15,cancelado,aplicativo
2261,2026-04-24 19:29:00,1485,PR,Eletrônicos,mouse,1,255.81,5,cancelado,site
2262,2026-04-09 10:28:00,1135,SC,Eletrônicos,mouse,4,1015.68,0,cancelado,aplicativo
2263,2026-04-25 08:06:00,1636,SC,Papelaria,agenda,5,636.33,0,enviado,marketplace
2264,2026-04-15 01:15:00,1207,RJ,Papelaria,agenda,5,146.63,5,entregue,aplicativo
2265,2026-04-24 07:46:00,1688,BA,Casa,luminária,2,357.43,0,pago,site
2266,2026-04-04 03:38:00,1360,SP,Eletrônicos,mouse,3,734.57,5,entregue,aplicativo
2267,2026-04-21 18:10:00,1818,PE,Papelaria,agenda,4,20.26,0,pago,site
2268,2026-04-22 03:06:00,1405,PE,Esportes,mochila,3,821.69,5,cancelado,aplicativo
2269,2026-04-21 09:08:00,1607,SC,Livros,biografia,3,1328.37,0,cancelado,site
2270,2026-04-20 09:59:00,1707,SP,Esportes,tapete,3,1288.27,0,pago,aplicativo
2271,2026-04-15 07:46:00,1715,PR,Casa,organizador,4,306.78,10,cancelado,aplicativo
2272,2026-04-29 01:20:00,1190,SC,Papelaria,caneta,4,127.83,15,entregue,site
2273,2026-04-18 07:13:00,1228,BA,Papelaria,agenda,2,83.82,0,cancelado,marketplace
2274,2026-04-17 17:57:00,1358,RJ,Eletrônicos,fone,2,798.23,5,cancelado,marketplace
2275,2026-04-14 15:21:00,1240,RJ,Casa,organizador,3,924.98,10,entregue,marketplace
2276,2026-04-13 19:41:00,1423,GO,Esportes,tapete,2,454.82,0,entregue,aplicativo
2277,2026-04-12 17:08:00,1804,RJ,Casa,organizador,3,921.86,5,enviado,marketplace
2278,2026-04-12 18:19:00,1282,SC,Casa,cafeteira,3,347.36,0,cancelado,aplicativo
2279,2026-04-30 22:02:00,1716,MG,Eletrônicos,mouse,2,344.55,10,entregue,marketplace
2280,2026-04-28 13:18:00,1740,SC,Esportes,garrafa,2,1482.61,15,entregue,site
2281,2026-04-05 17:10:00,1990,SP,Casa,luminária,5,673.86,0,enviado,site
2282,2026-04-22 19:07:00,1334,PE,Esportes,garrafa,5,528.14,0,cancelado,aplicativo
2283,2026-04-27 15:38:00,1135,MG,Livros,romance,1,374.21,0,entregue,aplicativo
2284,2026-04-14 20:28:00,1390,RJ,Papelaria,caneta,2,1088.07,0,pago,site
2285,2026-04-17 04:35:00,1109,MG,Casa,cafeteira,1,314.02,5,entregue,aplicativo
2286,2026-04-28 01:47:00,1401,PR,Livros,biografia,3,877.7,15,cancelado,site
2287,2026-04-04 14:09:00,1944,PR,Papelaria,caneta,1,399.03,0,entregue,site
2288,2026-04-15 21:27:00,1406,GO,Livros,biografia,2,136.12,0,entregue,site
2289,2026-04-09 08:30:00,1195,GO,Casa,organizador,2,1399.85,15,enviado,site
2290,2026-04-15 02:37:00,1468,PE,Casa,luminária,2,405.03,0,pago,site
2291,2026-04-21 12:21:00,1731,GO,Livros,livro técnico,5,1114.76,15,cancelado,marketplace
2292,2026-04-26 03:06:00,1810,BA,Eletrônicos,fone,2,857.93,0,cancelado,marketplace
2293,2026-04-30 18:08:00,1091,SC,Eletrônicos,fone,4,1335.01,0,cancelado,aplicativo
2294,2026-04-14 17:58:00,1212,BA,Casa,luminária,1,241.2,10,entregue,site
2295,2026-04-26 10:40:00,1624,PE,Casa,luminária,4,592.36,0,cancelado,aplicativo
2296,2026-04-10 03:35:00,1136,MG,Casa,luminária,5,1191.88,0,enviado,site
2297,2026-04-19 06:17:00,1587,RJ,Casa,organizador,2,314.57,0,enviado,site
2298,2026-04-12 13:02:00,1418,SC,Casa,luminária,4,110.9,15,pago,marketplace
2299,2026-04-17 14:53:00,1955,SP,Esportes,tapete,4,1285.3,0,cancelado,marketplace
2300,2026-04-15 08:16:00,1255,SP,Papelaria,caneta,2,424.21,0,enviado,site
2301,2026-04-11 12:07:00,1752,PE,Eletrônicos,fone,4,264.23,0,enviado,aplicativo
2302,2026-04-06 18:46:00,1553,PE,Casa,luminária,4,111.47,10,pago,site
2303,2026-04-08 10:05:00,1980,MG,Esportes,mochila,2,446.08,0,pago,aplicativo
2304,2026-04-25 20:53:00,1473,RJ,Esportes,tapete,4,966.87,15,cancelado,aplicativo
2305,2026-04-05 19:38:00,1637,MG,Livros,romance,3,84.57,0,enviado,marketplace
2306,2026-04-22 08:26:00,1644,MG,Esportes,garrafa,3,763.63,0,enviado,site
2307,2026-04-02 19:48:00,1821,BA,Livros,biografia,4,597.36,10,entregue,marketplace
2308,2026-04-07 17:02:00,1969,PR,Livros,biografia,4,381.16,0,cancelado,marketplace
2309,2026-04-05 12:55:00,1133,RJ,Eletrônicos,fone,1,1469.2,0,cancelado,marketplace
2310,2026-04-16 18:38:00,1704,GO,Eletrônicos,fone,5,84.49,0,cancelado,site
2311,2026-04-02 15:22:00,1817,PR,Esportes,tapete,5,235.07,0,entregue,marketplace
2312,2026-04-28 05:22:00,1325,RJ,Livros,livro técnico,4,162.02,0,enviado,aplicativo
2313,2026-04-12 14:00:00,1255,PR,Esportes,mochila,5,687.06,0,pago,aplicativo
2314,2026-04-07 13:39:00,1115,GO,Livros,livro técnico,2,571.56,0,entregue,marketplace
2315,2026-04-09 21:19:00,1757,SP,Esportes,garrafa,5,1226.52,0,entregue,aplicativo
2316,2026-04-01 20:13:00,1312,SC,Livros,romance,5,902.84,0,pago,aplicativo
2317,2026-04-08 13:32:00,1010,BA,Esportes,garrafa,5,1027.84,10,entregue,site
2318,2026-04-09 14:56:00,1806,SC,Papelaria,caneta,4,393.49,15,enviado,aplicativo
2319,2026-04-30 22:38:00,1214,MG,Esportes,mochila,5,1114.21,5,enviado,aplicativo
2320,2026-04-23 15:57:00,1485,BA,Casa,organizador,2,248.43,0,enviado,site
2321,2026-04-19 04:12:00,1357,RJ,Esportes,garrafa,2,1216.19,0,pago,marketplace
2322,2026-04-08 04:12:00,1154,PE,Livros,biografia,1,116.29,5,enviado,site
2323,2026-04-15 11:03:00,1323,GO,Casa,cafeteira,2,659.48,5,enviado,marketplace
2324,2026-04-29 07:51:00,1740,PE,Esportes,garrafa,2,73.69,5,pago,aplicativo
2325,2026-04-24 09:49:00,1027,BA,Livros,biografia,1,299.85,15,pago,site
2326,2026-04-02 23:37:00,1279,PR,Papelaria,caderno,2,105.71,15,pago,site
2327,2026-04-08 20:50:00,1800,RJ,Casa,luminária,3,1126.28,10,pago,marketplace
2328,2026-04-07 23:49:00,1890,GO,Livros,biografia,5,631.56,5,cancelado,aplicativo
2329,2026-04-27 12:37:00,1112,BA,Eletrônicos,fone,3,838.85,0,cancelado,aplicativo
2330,2026-04-01 01:02:00,1043,GO,Livros,livro técnico,2,859.33,10,cancelado,aplicativo
2331,2026-04-12 03:06:00,1851,BA,Papelaria,caneta,5,497.67,15,cancelado,marketplace
2332,2026-04-19 04:08:00,1766,PE,Esportes,tapete,1,897.73,15,enviado,site
2333,2026-04-09 04:55:00,1114,MG,Livros,biografia,4,1214.91,0,pago,site
2334,2026-04-14 21:50:00,1706,RJ,Casa,luminária,1,433.64,10,entregue,marketplace
2335,2026-04-13 19:22:00,1750,SC,Casa,luminária,5,1376.38,10,pago,site
2336,2026-04-21 07:42:00,1157,GO,Esportes,mochila,5,918.02,10,entregue,marketplace
2337,2026-04-30 15:49:00,1164,PR,Papelaria,caderno,1,1105.68,0,pago,site
2338,2026-04-19 15:38:00,1021,MG,Esportes,tapete,1,102.96,0,enviado,marketplace
2339,2026-04-16 07:43:00,1198,GO,Casa,cafeteira,2,1310.72,0,entregue,marketplace
2340,2026-04-09 04:01:00,1276,PR,Eletrônicos,teclado,5,1349.73,10,pago,aplicativo
2341,2026-04-08 08:46:00,1947,GO,Papelaria,agenda,5,264.66,10,pago,site
2342,2026-04-25 07:15:00,1714,GO,Esportes,tapete,2,1235.73,5,enviado,site
2343,2026-04-10 09:53:00,1903,GO,Casa,cafeteira,2,329.59,5,cancelado,marketplace
2344,2026-04-16 07:14:00,1650,RJ,Eletrônicos,mouse,5,1370.45,5,enviado,aplicativo
2345,2026-04-12 06:41:00,1444,PE,Esportes,garrafa,1,11.22,0,enviado,site
2346,2026-04-10 03:40:00,1921,PR,Papelaria,caderno,5,237.01,15,enviado,aplicativo
2347,2026-04-28 07:27:00,1745,RJ,Casa,organizador,5,720.54,15,pago,aplicativo
2348,2026-04-18 13:13:00,1097,SP,Esportes,tapete,4,1135.72,15,entregue,marketplace
2349,2026-04-29 21:22:00,1920,RJ,Casa,luminária,3,378.57,0,enviado,aplicativo
2350,2026-04-19 15:33:00,1119,SC,Papelaria,caneta,5,1045.24,0,cancelado,marketplace
2351,2026-04-12 05:44:00,1554,PE,Papelaria,agenda,3,994.5,0,pago,marketplace
2352,2026-04-18 18:50:00,1385,BA,Casa,cafeteira,4,805.46,0,entregue,marketplace
2353,2026-04-15 17:32:00,1458,PR,Eletrônicos,fone,3,928.95,10,enviado,aplicativo
2354,2026-04-28 09:55:00,1279,GO,Livros,livro técnico,1,1148.35,15,entregue,site
2355,2026-04-02 00:32:00,1455,PE,Papelaria,agenda,4,222.65,10,cancelado,aplicativo
2356,2026-04-03 20:44:00,1782,SC,Papelaria,caneta,5,931.92,5,pago,marketplace
2357,2026-04-28 02:12:00,1468,PE,Eletrônicos,mouse,4,389.82,0,entregue,aplicativo
2358,2026-04-24 04:01:00,1198,PE,Livros,livro técnico,1,622.32,0,entregue,aplicativo
2359,2026-04-16 15:02:00,1211,GO,Papelaria,agenda,5,809.29,10,pago,aplicativo
2360,2026-04-25 06:56:00,1028,PE,Livros,biografia,3,480.9,10,enviado,marketplace
2361,2026-04-01 10:49:00,1334,MG,Papelaria,caneta,1,1255.18,0,enviado,aplicativo
2362,2026-04-02 18:41:00,1406,GO,Casa,organizador,3,833.79,0,pago,marketplace
2363,2026-04-25 07:58:00,1853,PE,Casa,organizador,3,784.92,0,pago,marketplace
2364,2026-04-26 06:48:00,1194,SP,Papelaria,agenda,3,728.88,15,enviado,marketplace
2365,2026-04-22 13:26:00,1268,RJ,Papelaria,agenda,5,527.97,0,pago,site
2366,2026-04-01 13:53:00,1048,SP,Esportes,tapete,2,78.43,0,cancelado,marketplace
2367,2026-04-27 22:48:00,1909,BA,Esportes,garrafa,2,35.76,0,cancelado,aplicativo
2368,2026-04-12 21:08:00,1785,PR,Eletrônicos,mouse,4,1468.33,15,entregue,aplicativo
2369,2026-04-03 08:33:00,1514,SC,Esportes,mochila,1,983.91,10,cancelado,site
2370,2026-04-02 14:08:00,1031,RJ,Esportes,mochila,2,647.31,15,pago,site
2371,2026-04-14 10:54:00,1310,PE,Casa,organizador,2,906.16,0,cancelado,aplicativo
2372,2026-04-16 14:35:00,1977,GO,Livros,biografia,5,1354.56,5,entregue,site
2373,2026-04-18 04:41:00,1145,MG,Livros,livro técnico,1,492.17,0,cancelado,aplicativo
2374,2026-04-20 08:43:00,1786,MG,Casa,organizador,2,1409.02,0,pago,marketplace
2375,2026-04-11 17:40:00,1220,PE,Eletrônicos,teclado,4,1191.76,0,cancelado,aplicativo
2376,2026-04-14 19:35:00,1554,PE,Esportes,tapete,3,564.82,0,cancelado,aplicativo
2377,2026-04-11 13:08:00,1547,PR,Casa,luminária,3,19.1,0,enviado,aplicativo
2378,2026-04-16 19:46:00,1223,RJ,Livros,biografia,2,1055.26,10,pago,site
2379,2026-04-06 19:30:00,1674,MG,Casa,organizador,1,1396.47,0,cancelado,site
2380,2026-04-22 02:03:00,1506,MG,Casa,cafeteira,4,1160.88,10,enviado,marketplace
2381,2026-04-15 14:36:00,1729,BA,Livros,biografia,5,493.84,0,entregue,site
2382,2026-04-15 05:28:00,1103,GO,Livros,livro técnico,1,1466.47,0,cancelado,aplicativo
2383,2026-04-21 10:01:00,1068,SP,Papelaria,caderno,3,1375.19,10,pago,aplicativo
2384,2026-04-05 05:18:00,1264,SC,Livros,biografia,4,467.81,5,enviado,aplicativo
2385,2026-04-07 10:10:00,1304,SC,Casa,organizador,5,1100.38,15,entregue,site
2386,2026-04-17 05:17:00,1594,PE,Esportes,garrafa,5,694.6,0,entregue,marketplace
2387,2026-04-16 04:07:00,1236,SC,Casa,luminária,5,806.13,0,enviado,site
2388,2026-04-20 04:09:00,1085,RJ,Papelaria,caderno,2,367.07,15,enviado,aplicativo
2389,2026-04-22 14:12:00,1518,MG,Eletrônicos,mouse,5,111.79,0,cancelado,marketplace
2390,2026-04-01 10:31:00,1292,GO,Esportes,garrafa,2,480.79,0,entregue,site
2391,2026-04-14 21:56:00,1418,BA,Eletrônicos,teclado,2,1390.61,15,enviado,aplicativo
2392,2026-04-05 14:53:00,1524,RJ,Papelaria,caderno,3,643.04,5,enviado,aplicativo
2393,2026-04-23 14:22:00,1089,SC,Livros,romance,4,1116.04,0,cancelado,marketplace
2394,2026-04-11 05:11:00,1214,GO,Eletrônicos,teclado,2,885.61,10,entregue,aplicativo
2395,2026-04-16 12:57:00,1053,SP,Esportes,tapete,1,177.13,10,entregue,aplicativo
2396,2026-04-01 18:31:00,1544,PR,Casa,cafeteira,3,253.95,15,pago,marketplace
2397,2026-04-24 18:14:00,1297,PE,Papelaria,caneta,2,979.32,5,entregue,marketplace
2398,2026-04-14 12:59:00,1634,SC,Papelaria,agenda,5,562.36,0,entregue,aplicativo
2399,2026-04-26 23:42:00,1356,MG,Livros,biografia,5,1115.43,10,pago,site
2400,2026-04-21 01:48:00,1763,SC,Casa,luminária,5,917.71,15,pago,site
2401,2026-04-25 14:18:00,1192,SC,Livros,biografia,1,698.56,0,entregue,aplicativo
2402,2026-04-13 02:24:00,1813,PR,Livros,livro técnico,4,749.55,0,cancelado,marketplace
2403,2026-04-09 07:02:00,1743,PR,Eletrônicos,fone,1,322.78,10,entregue,aplicativo
2404,2026-04-04 17:28:00,1591,PR,Papelaria,caderno,5,1479.25,5,pago,aplicativo
2405,2026-04-01 12:24:00,1908,SP,Livros,biografia,5,988.47,15,enviado,site
2406,2026-04-27 06:20:00,1048,BA,Esportes,tapete,3,230.23,5,cancelado,marketplace
2407,2026-04-18 00:08:00,1091,BA,Casa,luminária,5,812.31,0,cancelado,marketplace
2408,2026-04-15 11:47:00,1199,MG,Eletrônicos,mouse,4,39.76,15,pago,site
2409,2026-04-27 14:25:00,1081,SP,Papelaria,caderno,2,1438.2,10,enviado,marketplace
2410,2026-04-07 02:48:00,1661,BA,Esportes,tapete,3,190.68,15,cancelado,site
2411,2026-04-25 04:07:00,1335,RJ,Papelaria,caderno,5,1078.6,0,entregue,aplicativo
2412,2026-04-14 14:57:00,1217,SC,Eletrônicos,fone,2,606.69,0,cancelado,site
2413,2026-04-07 08:45:00,1936,SC,Esportes,tapete,1,333.38,0,cancelado,marketplace
2414,2026-04-17 01:49:00,1247,SP,Casa,luminária,1,943.68,10,entregue,aplicativo
2415,2026-04-29 19:15:00,1978,PE,Eletrônicos,teclado,4,1001.83,0,entregue,aplicativo
2416,2026-04-27 14:44:00,1499,MG,Esportes,garrafa,3,526.61,0,pago,aplicativo
2417,2026-04-18 21:08:00,1979,SP,Livros,livro técnico,2,1259.1,0,cancelado,aplicativo
2418,2026-04-02 06:46:00,1875,MG,Casa,organizador,5,895.81,15,cancelado,aplicativo
2419,2026-04-12 08:22:00,1302,MG,Eletrônicos,teclado,5,132.49,0,entregue,site
2420,2026-04-02 14:11:00,1914,RJ,Esportes,garrafa,5,1498.77,5,entregue,marketplace
2421,2026-04-25 08:48:00,1893,PE,Casa,organizador,4,1244.07,0,entregue,site
2422,2026-04-26 11:54:00,1559,SP,Eletrônicos,fone,2,740.72,0,pago,aplicativo
2423,2026-04-20 02:25:00,1213,GO,Casa,organizador,2,1401.1,10,pago,aplicativo
2424,2026-04-13 07:33:00,1464,RJ,Livros,biografia,5,1134.92,0,entregue,site
2425,2026-04-19 17:45:00,1588,SP,Eletrônicos,mouse,4,747.99,0,pago,marketplace
2426,2026-04-24 00:18:00,1549,PE,Casa,luminária,5,768.63,0,entregue,aplicativo
2427,2026-04-11 19:00:00,1851,BA,Eletrônicos,mouse,5,1125.44,5,enviado,aplicativo
2428,2026-04-13 02:24:00,1909,PR,Eletrônicos,teclado,1,966.29,5,pago,site
2429,2026-04-02 14:21:00,1207,PE,Esportes,tapete,2,890.06,10,pago,marketplace
2430,2026-04-25 22:58:00,1481,SC,Esportes,garrafa,3,1443.08,0,enviado,site
2431,2026-04-22 14:42:00,1460,SP,Esportes,tapete,3,150.5,15,pago,marketplace
2432,2026-04-06 03:07:00,1964,BA,Eletrônicos,mouse,2,773.85,15,cancelado,site
2433,2026-04-06 19:30:00,1405,MG,Casa,cafeteira,3,404.12,0,pago,aplicativo
2434,2026-04-08 18:06:00,1883,PR,Eletrônicos,mouse,1,920.71,15,entregue,aplicativo
2435,2026-04-01 07:59:00,1274,PE,Esportes,garrafa,1,39.32,15,cancelado,marketplace
2436,2026-04-13 09:13:00,1102,PR,Papelaria,agenda,2,413.38,0,pago,site
2437,2026-04-29 00:58:00,1316,RJ,Papelaria,caneta,2,224.86,0,cancelado,site
2438,2026-04-26 09:30:00,1486,MG,Papelaria,agenda,4,1474.62,10,cancelado,site
2439,2026-04-17 23:37:00,1080,SC,Casa,luminária,3,1192.24,0,entregue,site
2440,2026-04-30 09:15:00,1689,PR,Livros,biografia,2,634.63,0,pago,site
2441,2026-04-18 09:52:00,1538,GO,Casa,organizador,1,1034.44,0,pago,aplicativo
2442,2026-04-25 20:32:00,1408,SC,Eletrônicos,fone,2,93.57,0,pago,site
2443,2026-04-11 18:15:00,1400,GO,Papelaria,caneta,2,114.42,0,enviado,aplicativo
2444,2026-04-02 10:03:00,1010,BA,Papelaria,agenda,4,718.94,0,pago,site
2445,2026-04-12 01:51:00,1139,BA,Eletrônicos,teclado,5,1448.89,0,cancelado,site
2446,2026-04-05 01:43:00,1194,SP,Papelaria,caneta,4,265.78,0,pago,site
2447,2026-04-26 18:37:00,1042,SC,Papelaria,caneta,1,986.08,5,enviado,site
2448,2026-04-12 13:18:00,1323,PE,Eletrônicos,fone,4,1190.6,5,pago,marketplace
2449,2026-04-04 02:42:00,1485,SP,Casa,cafeteira,4,392.68,0,cancelado,site
2450,2026-04-14 17:21:00,1300,MG,Casa,luminária,2,547.21,0,cancelado,site
2451,2026-04-09 05:47:00,1219,PE,Casa,organizador,1,221.45,15,pago,marketplace
2452,2026-04-21 07:14:00,1816,SC,Livros,romance,2,569.98,0,enviado,marketplace
2453,2026-04-30 04:44:00,1640,BA,Casa,organizador,3,150.62,0,cancelado,aplicativo
2454,2026-04-22 04:34:00,1617,PE,Eletrônicos,mouse,5,45.92,15,enviado,aplicativo
2455,2026-04-17 08:13:00,1598,BA,Livros,biografia,1,579.57,0,pago,site
2456,2026-04-06 00:37:00,1327,RJ,Papelaria,agenda,2,1210.08,10,cancelado,marketplace
2457,2026-04-28 14:37:00,1821,GO,Livros,biografia,3,723.66,5,cancelado,site
2458,2026-04-18 06:22:00,1060,SP,Casa,organizador,5,793.02,0,cancelado,aplicativo
2459,2026-04-11 12:00:00,1448,RJ,Eletrônicos,mouse,5,173.21,0,cancelado,aplicativo
2460,2026-04-06 22:40:00,1087,GO,Papelaria,agenda,3,74.98,5,enviado,aplicativo
2461,2026-04-29 11:01:00,1130,PR,Papelaria,agenda,3,1469.67,0,entregue,marketplace
2462,2026-04-21 10:28:00,1967,SP,Esportes,tapete,5,245.0,0,cancelado,aplicativo
2463,2026-04-09 12:47:00,1151,SP,Livros,romance,2,108.22,0,enviado,marketplace
2464,2026-04-07 18:04:00,1887,SP,Esportes,mochila,3,1354.97,0,enviado,site
2465,2026-04-01 22:31:00,1018,GO,Eletrônicos,fone,2,1191.99,15,cancelado,aplicativo
2466,2026-04-06 01:29:00,1626,SP,Casa,cafeteira,1,779.08,10,pago,site
2467,2026-04-19 11:40:00,1817,SP,Livros,livro técnico,1,873.67,0,cancelado,marketplace
2468,2026-04-07 07:40:00,1701,SC,Casa,luminária,2,1401.39,15,cancelado,marketplace
2469,2026-04-18 16:01:00,1009,BA,Papelaria,caderno,3,819.56,0,cancelado,aplicativo
2470,2026-04-12 03:32:00,1041,SP,Livros,romance,1,1382.83,10,entregue,marketplace
2471,2026-04-20 18:39:00,1121,RJ,Casa,luminária,2,1430.11,0,pago,marketplace
2472,2026-04-05 04:59:00,1678,BA,Eletrônicos,teclado,3,501.29,0,entregue,site
2473,2026-04-29 22:35:00,1266,SP,Eletrônicos,fone,1,550.9,0,enviado,aplicativo
2474,2026-04-02 08:44:00,1457,BA,Esportes,tapete,4,1415.74,10,entregue,aplicativo
2475,2026-04-13 10:33:00,1883,GO,Papelaria,agenda,4,668.01,15,pago,site
2476,2026-04-07 06:40:00,1273,SP,Eletrônicos,mouse,2,1062.45,10,pago,marketplace
2477,2026-04-07 06:29:00,1668,PR,Papelaria,caderno,5,675.64,0,pago,site
2478,2026-04-02 12:47:00,1543,BA,Esportes,garrafa,5,1331.99,5,entregue,marketplace
2479,2026-04-22 06:42:00,1232,BA,Livros,livro técnico,2,623.26,0,enviado,aplicativo
2480,2026-04-01 09:11:00,1301,RJ,Esportes,garrafa,2,933.43,10,enviado,marketplace
2481,2026-04-25 23:36:00,1118,GO,Livros,livro técnico,1,946.23,15,entregue,aplicativo
2482,2026-04-14 01:19:00,1681,GO,Papelaria,caderno,1,1326.22,0,cancelado,marketplace
2483,2026-04-03 12:29:00,1270,GO,Casa,luminária,4,45.06,0,enviado,marketplace
2484,2026-04-07 12:32:00,1469,RJ,Casa,cafeteira,1,143.7,15,enviado,site
2485,2026-04-29 13:00:00,1437,RJ,Casa,cafeteira,3,143.46,0,entregue,marketplace
2486,2026-04-23 15:41:00,1753,GO,Livros,livro técnico,4,1129.63,0,entregue,aplicativo
2487,2026-04-03 02:14:00,1993,PE,Esportes,mochila,2,1341.81,5,cancelado,site
2488,2026-04-02 03:28:00,1109,RJ,Livros,romance,3,362.53,0,cancelado,marketplace
2489,2026-04-15 01:38:00,1503,MG,Casa,cafeteira,3,359.97,10,cancelado,site
2490,2026-04-25 08:05:00,1173,MG,Esportes,tapete,3,1137.72,15,enviado,aplicativo
2491,2026-04-21 14:51:00,1003,GO,Casa,organizador,4,1058.35,5,entregue,marketplace
2492,2026-04-06 22:01:00,1282,RJ,Esportes,garrafa,5,1320.19,5,cancelado,marketplace
2493,2026-04-14 08:31:00,1484,SC,Livros,biografia,1,996.96,10,pago,marketplace
2494,2026-04-01 16:25:00,1037,GO,Casa,organizador,1,1211.35,0,cancelado,aplicativo
2495,2026-04-11 17:00:00,1320,PE,Casa,luminária,2,468.32,0,cancelado,marketplace
2496,2026-04-07 22:25:00,1970,RJ,Esportes,mochila,2,139.45,15,cancelado,aplicativo
2497,2026-04-17 05:09:00,1167,BA,Papelaria,agenda,3,866.5,0,pago,aplicativo
2498,2026-04-30 06:07:00,1838,RJ,Livros,romance,1,160.6,15,cancelado,site
2499,2026-04-04 15:43:00,1543,MG,Papelaria,agenda,4,381.13,15,cancelado,site
2500,2026-04-16 08:29:00,1693,PE,Livros,livro técnico,5,1312.9,10,enviado,marketplace
2501,2026-04-24 12:30:00,1283,GO,Eletrônicos,mouse,5,44.57,5,cancelado,aplicativo
2502,2026-04-05 11:24:00,1836,RJ,Eletrônicos,teclado,1,280.8,0,entregue,aplicativo
2503,2026-04-13 16:42:00,1084,MG,Casa,cafeteira,2,1296.15,0,cancelado,site
2504,2026-04-25 00:35:00,1434,SP,Livros,biografia,2,750.04,0,cancelado,site
2505,2026-04-08 10:12:00,1063,PR,Eletrônicos,fone,1,896.07,10,pago,site
2506,2026-04-02 11:25:00,1960,SP,Eletrônicos,teclado,2,453.74,5,pago,site
2507,2026-04-23 14:10:00,1765,RJ,Eletrônicos,mouse,5,1235.73,15,cancelado,site
2508,2026-04-18 15:44:00,1905,MG,Eletrônicos,mouse,3,1028.78,10,pago,marketplace
2509,2026-04-05 11:36:00,1595,PE,Papelaria,caneta,4,1234.0,0,entregue,site
2510,2026-04-10 09:02:00,1981,SC,Eletrônicos,fone,3,342.95,10,enviado,marketplace
2511,2026-04-22 12:08:00,1944,MG,Eletrônicos,fone,5,797.44,5,pago,aplicativo
2512,2026-04-28 05:59:00,1778,SP,Casa,organizador,2,707.24,5,pago,aplicativo
2513,2026-04-24 07:13:00,1113,SC,Eletrônicos,mouse,2,203.37,0,cancelado,aplicativo
2514,2026-04-06 11:44:00,1548,PR,Esportes,tapete,4,514.88,0,pago,aplicativo
2515,2026-04-05 19:49:00,1921,SP,Esportes,mochila,2,1199.42,10,pago,marketplace
2516,2026-04-17 00:21:00,1476,SP,Papelaria,caneta,1,262.88,0,entregue,site
2517,2026-04-18 23:43:00,1987,MG,Casa,luminária,2,1455.71,0,cancelado,marketplace
2518,2026-04-28 10:03:00,1684,GO,Eletrônicos,teclado,5,535.09,5,entregue,aplicativo
2519,2026-04-18 16:49:00,1820,SC,Esportes,garrafa,3,108.78,10,pago,site
2520,2026-04-07 11:08:00,1091,BA,Papelaria,caneta,1,1106.34,5,entregue,site
2521,2026-04-01 04:49:00,1491,SP,Esportes,garrafa,2,304.46,0,entregue,site
2522,2026-04-06 02:53:00,1634,PR,Livros,livro técnico,5,214.06,10,entregue,marketplace
2523,2026-04-02 01:45:00,1010,PE,Eletrônicos,fone,1,1110.5,10,pago,site
2524,2026-04-03 03:10:00,1150,RJ,Livros,livro técnico,3,1368.27,5,cancelado,marketplace
2525,2026-04-26 00:48:00,1397,PE,Livros,biografia,4,1072.24,0,enviado,marketplace
2526,2026-04-11 14:08:00,1317,RJ,Papelaria,caneta,1,14.68,0,pago,aplicativo
2527,2026-04-12 19:31:00,1787,MG,Esportes,tapete,4,763.29,10,cancelado,site
2528,2026-04-12 05:33:00,1565,BA,Livros,romance,3,1119.25,0,enviado,marketplace
2529,2026-04-23 10:08:00,1337,RJ,Eletrônicos,teclado,2,358.97,0,cancelado,marketplace
2530,2026-04-17 11:42:00,1265,MG,Eletrônicos,teclado,4,1282.58,15,pago,marketplace
2531,2026-04-08 07:36:00,1232,GO,Papelaria,caneta,1,238.73,0,cancelado,marketplace
2532,2026-04-20 05:51:00,1791,SC,Livros,romance,4,220.61,0,pago,aplicativo
2533,2026-04-21 23:11:00,1208,SP,Eletrônicos,fone,5,701.13,0,cancelado,aplicativo
2534,2026-04-30 04:22:00,1770,PR,Esportes,mochila,4,1000.22,0,enviado,site
2535,2026-04-14 23:12:00,1233,SP,Esportes,tapete,2,1334.11,0,pago,aplicativo
2536,2026-04-21 21:22:00,1687,MG,Papelaria,caneta,4,84.22,10,enviado,aplicativo
2537,2026-04-25 00:48:00,1412,MG,Livros,romance,4,287.05,10,entregue,site
2538,2026-04-20 12:09:00,1256,MG,Esportes,tapete,1,673.53,5,enviado,site
2539,2026-04-10 09:34:00,1965,BA,Esportes,garrafa,2,1092.68,5,cancelado,aplicativo
2540,2026-04-28 11:26:00,1128,PR,Casa,organizador,5,652.54,10,cancelado,marketplace
2541,2026-04-02 08:59:00,1816,PE,Eletrônicos,teclado,5,1378.6,10,cancelado,marketplace
2542,2026-04-03 14:50:00,1710,BA,Casa,luminária,3,1168.36,0,pago,aplicativo
2543,2026-04-24 21:15:00,1966,MG,Eletrônicos,mouse,4,308.02,5,pago,aplicativo
2544,2026-04-20 12:39:00,1974,PE,Papelaria,caneta,1,478.26,15,entregue,aplicativo
2545,2026-04-22 13:23:00,1512,SC,Esportes,garrafa,4,1068.91,0,entregue,site
2546,2026-04-27 16:49:00,1721,SP,Esportes,garrafa,2,1248.45,10,entregue,site
2547,2026-04-10 13:26:00,1880,GO,Casa,organizador,2,688.61,0,enviado,site
2548,2026-04-30 06:50:00,1150,SC,Casa,luminária,1,168.56,0,cancelado,aplicativo
2549,2026-04-28 14:43:00,1123,SC,Esportes,tapete,1,640.17,0,entregue,site
2550,2026-04-17 22:16:00,1116,PE,Papelaria,agenda,3,1257.35,5,enviado,site
2551,2026-04-05 17:07:00,1855,GO,Livros,livro técnico,5,21.72,10,enviado,site
2552,2026-04-19 19:20:00,1984,SP,Eletrônicos,fone,1,1495.36,0,enviado,marketplace
2553,2026-04-23 13:10:00,1848,RJ,Esportes,tapete,1,639.23,0,pago,aplicativo
2554,2026-04-10 19:58:00,1825,RJ,Esportes,garrafa,4,1386.54,5,pago,aplicativo
2555,2026-04-14 06:04:00,1597,PR,Eletrônicos,fone,2,285.28,5,enviado,aplicativo
2556,2026-04-27 06:51:00,1229,RJ,Livros,romance,4,248.27,0,cancelado,aplicativo
2557,2026-04-01 05:49:00,1552,PR,Casa,cafeteira,5,58.44,5,entregue,aplicativo
2558,2026-04-16 22:04:00,1630,BA,Eletrônicos,fone,1,1051.33,0,enviado,site
2559,2026-04-08 04:34:00,1776,SC,Esportes,mochila,2,815.97,0,enviado,marketplace
2560,2026-04-11 02:42:00,1356,SP,Eletrônicos,teclado,3,1462.66,10,cancelado,site
2561,2026-04-20 02:30:00,1463,GO,Casa,organizador,3,1237.85,5,enviado,marketplace
2562,2026-04-10 08:21:00,1602,SC,Livros,romance,3,938.91,15,entregue,site
2563,2026-04-01 00:37:00,1517,GO,Esportes,mochila,3,1225.94,5,cancelado,aplicativo
2564,2026-04-08 17:17:00,1045,SP,Esportes,garrafa,1,851.92,0,pago,site
2565,2026-04-17 21:40:00,1795,PE,Casa,luminária,2,933.35,0,entregue,marketplace
2566,2026-04-27 14:44:00,1230,MG,Papelaria,caderno,2,529.26,0,enviado,site
2567,2026-04-08 15:15:00,1250,BA,Casa,luminária,1,70.7,0,entregue,aplicativo
2568,2026-04-29 03:13:00,1905,PR,Eletrônicos,fone,3,432.68,15,pago,site
2569,2026-04-23 22:49:00,1832,PE,Esportes,mochila,2,939.43,0,enviado,site
2570,2026-04-18 22:28:00,1941,MG,Livros,livro técnico,5,645.86,0,pago,aplicativo
2571,2026-04-25 12:02:00,1660,PR,Papelaria,agenda,1,198.23,0,entregue,site
2572,2026-04-03 14:50:00,1454,BA,Casa,cafeteira,5,595.3,10,enviado,site
2573,2026-04-12 01:07:00,1990,SC,Eletrônicos,fone,4,305.15,5,cancelado,aplicativo
2574,2026-04-13 15:29:00,1163,RJ,Papelaria,caneta,1,582.06,10,entregue,marketplace
2575,2026-04-10 05:53:00,1923,SC,Eletrônicos,mouse,3,936.98,0,enviado,site
2576,2026-04-04 11:01:00,1719,PR,Esportes,tapete,1,727.61,0,cancelado,site
2577,2026-04-22 13:08:00,1326,MG,Esportes,tapete,5,948.04,5,entregue,aplicativo
2578,2026-04-02 03:44:00,1911,GO,Eletrônicos,fone,1,678.37,0,pago,site
2579,2026-04-08 04:56:00,1675,PE,Papelaria,agenda,3,1313.09,0,pago,site
2580,2026-04-05 19:39:00,1064,BA,Casa,cafeteira,2,1291.49,0,pago,aplicativo
2581,2026-04-10 13:14:00,1737,MG,Eletrônicos,teclado,1,877.01,0,entregue,site
2582,2026-04-21 02:21:00,1496,SC,Eletrônicos,mouse,2,398.78,10,enviado,aplicativo
2583,2026-04-07 23:28:00,1994,RJ,Livros,livro técnico,5,822.43,15,entregue,marketplace
2584,2026-04-25 13:29:00,1810,RJ,Livros,biografia,5,278.7,0,entregue,marketplace
2585,2026-04-02 21:16:00,1441,SC,Esportes,tapete,4,1245.98,0,enviado,site
2586,2026-04-27 19:57:00,1571,GO,Casa,cafeteira,3,151.96,10,pago,site
2587,2026-04-25 16:59:00,1681,PE,Livros,romance,4,419.66,10,entregue,marketplace
2588,2026-04-24 23:56:00,1543,PR,Papelaria,caneta,5,265.98,0,cancelado,marketplace
2589,2026-04-19 09:51:00,1807,MG,Esportes,garrafa,1,1112.09,0,cancelado,aplicativo
2590,2026-04-27 14:25:00,1797,MG,Casa,cafeteira,3,464.66,0,entregue,marketplace
2591,2026-04-27 15:38:00,1401,MG,Livros,livro técnico,5,246.95,0,entregue,site
2592,2026-04-09 08:16:00,1361,GO,Eletrônicos,mouse,2,1137.83,0,cancelado,site
2593,2026-04-09 14:06:00,1603,PE,Papelaria,caneta,2,972.72,0,enviado,site
2594,2026-04-04 23:14:00,1294,MG,Casa,organizador,5,27.05,0,cancelado,aplicativo
2595,2026-04-21 04:17:00,1040,MG,Casa,cafeteira,4,603.77,0,entregue,site
2596,2026-04-20 14:00:00,1198,MG,Papelaria,caneta,1,721.05,0,pago,site
2597,2026-04-04 09:46:00,1051,RJ,Casa,cafeteira,5,337.21,0,enviado,marketplace
2598,2026-04-07 02:52:00,1164,PE,Papelaria,caderno,4,149.53,10,enviado,aplicativo
2599,2026-04-03 03:05:00,1429,SP,Eletrônicos,mouse,5,223.91,5,pago,aplicativo
2600,2026-04-19 05:09:00,1113,GO,Esportes,tapete,1,716.26,5,enviado,aplicativo
2601,2026-04-24 22:13:00,1730,BA,Livros,livro técnico,1,31.94,0,enviado,aplicativo
2602,2026-04-13 08:24:00,1433,RJ,Casa,luminária,4,1240.98,15,enviado,site
2603,2026-04-10 00:31:00,1805,GO,Eletrônicos,fone,1,28.52,10,entregue,aplicativo
2604,2026-04-14 15:19:00,1140,PR,Eletrônicos,teclado,1,589.74,0,entregue,site
2605,2026-04-09 03:09:00,1475,SC,Casa,organizador,4,789.8,5,cancelado,site
2606,2026-04-10 11:39:00,1809,PE,Esportes,mochila,5,445.55,10,pago,aplicativo
2607,2026-04-22 13:03:00,1335,BA,Esportes,garrafa,1,772.28,5,pago,site
2608,2026-04-29 00:17:00,1578,PR,Esportes,mochila,2,456.67,0,pago,site
2609,2026-04-10 23:25:00,1455,PE,Livros,biografia,3,1159.53,0,cancelado,site
2610,2026-04-16 17:12:00,1438,BA,Casa,organizador,2,756.46,5,entregue,aplicativo
2611,2026-04-08 12:46:00,1367,PE,Papelaria,caderno,5,560.89,0,cancelado,site
2612,2026-04-26 20:12:00,1042,PE,Esportes,mochila,4,267.71,10,cancelado,marketplace
2613,2026-04-30 17:04:00,1012,SP,Livros,livro técnico,5,514.97,10,entregue,marketplace
2614,2026-04-13 04:38:00,1178,RJ,Livros,romance,4,1091.91,0,entregue,marketplace
2615,2026-04-02 11:30:00,1595,PR,Papelaria,caderno,4,805.11,0,cancelado,site
2616,2026-04-30 11:17:00,1650,GO,Livros,romance,1,447.46,5,entregue,aplicativo
2617,2026-04-03 07:57:00,1405,GO,Casa,organizador,1,817.93,5,entregue,aplicativo
2618,2026-04-22 06:28:00,1134,GO,Livros,romance,2,612.16,0,entregue,marketplace
2619,2026-04-04 23:10:00,1531,BA,Livros,biografia,5,1122.35,10,pago,site
2620,2026-04-22 15:14:00,1946,MG,Casa,organizador,5,1266.25,0,entregue,aplicativo
2621,2026-04-21 16:21:00,1665,GO,Eletrônicos,mouse,1,442.18,0,entregue,aplicativo
2622,2026-04-16 08:35:00,1921,SP,Esportes,garrafa,2,1061.77,5,entregue,aplicativo
2623,2026-04-12 04:18:00,1216,SP,Papelaria,agenda,4,729.74,5,enviado,site
2624,2026-04-06 11:20:00,1561,MG,Esportes,tapete,2,1104.99,5,cancelado,aplicativo
2625,2026-04-13 19:09:00,1794,RJ,Papelaria,agenda,5,34.06,10,cancelado,marketplace
2626,2026-04-15 23:27:00,1223,BA,Papelaria,caneta,5,1214.42,0,cancelado,aplicativo
2627,2026-04-19 20:58:00,1209,PE,Casa,cafeteira,2,1047.6,15,cancelado,aplicativo
2628,2026-04-15 07:58:00,1817,BA,Eletrônicos,mouse,1,1267.33,15,entregue,marketplace
2629,2026-04-06 08:49:00,1711,SC,Casa,luminária,1,400.92,10,cancelado,marketplace
2630,2026-04-19 06:30:00,1699,SC,Eletrônicos,mouse,1,616.63,0,enviado,site
2631,2026-04-08 09:53:00,1591,SP,Eletrônicos,teclado,4,295.57,10,enviado,marketplace
2632,2026-04-26 18:55:00,1835,MG,Papelaria,caderno,4,188.8,0,cancelado,marketplace
2633,2026-04-11 14:54:00,1474,RJ,Livros,livro técnico,4,1108.93,0,cancelado,aplicativo
2634,2026-04-08 19:27:00,1414,PE,Papelaria,caneta,2,55.01,15,enviado,site
2635,2026-04-14 18:23:00,1703,SP,Casa,organizador,1,430.59,10,cancelado,aplicativo
2636,2026-04-28 06:03:00,1183,RJ,Eletrônicos,teclado,5,516.57,10,cancelado,site
2637,2026-04-12 18:18:00,1621,MG,Eletrônicos,teclado,3,355.68,10,entregue,marketplace
2638,2026-04-07 16:14:00,1801,RJ,Casa,luminária,4,1089.77,0,cancelado,aplicativo
2639,2026-04-18 14:00:00,1649,GO,Papelaria,caderno,3,998.35,15,pago,aplicativo
2640,2026-04-03 08:35:00,1105,GO,Papelaria,agenda,3,1324.9,10,enviado,marketplace
2641,2026-04-15 22:53:00,1001,PR,Papelaria,caderno,4,1164.32,0,cancelado,site
2642,2026-04-19 18:18:00,1645,PE,Papelaria,caderno,1,674.94,0,enviado,site
2643,2026-04-25 13:11:00,1032,RJ,Papelaria,agenda,4,247.41,0,enviado,marketplace
2644,2026-04-08 21:53:00,1666,PE,Esportes,mochila,3,1265.25,0,pago,marketplace
2645,2026-04-07 16:53:00,1528,BA,Eletrônicos,teclado,5,283.94,15,cancelado,marketplace
2646,2026-04-04 10:12:00,1429,SP,Livros,livro técnico,4,1406.22,15,pago,marketplace
2647,2026-04-06 00:20:00,1175,SC,Papelaria,caneta,4,593.95,0,pago,marketplace
2648,2026-04-11 22:15:00,1639,RJ,Casa,luminária,4,94.66,0,cancelado,site
2649,2026-04-13 06:10:00,1223,BA,Livros,romance,5,578.41,15,enviado,marketplace
2650,2026-04-24 18:04:00,1696,SC,Livros,romance,1,131.02,0,entregue,marketplace
2651,2026-04-08 09:16:00,1673,BA,Casa,organizador,2,617.65,0,pago,site
2652,2026-04-17 13:50:00,1254,SP,Casa,organizador,2,831.47,0,cancelado,aplicativo
2653,2026-04-28 18:19:00,1385,SC,Eletrônicos,fone,1,206.47,0,enviado,aplicativo
2654,2026-04-15 00:47:00,1043,BA,Livros,livro técnico,3,341.24,5,entregue,marketplace
2655,2026-04-25 05:56:00,1834,SC,Eletrônicos,mouse,3,1170.54,0,pago,site
2656,2026-04-13 09:04:00,1860,MG,Esportes,mochila,1,534.89,15,cancelado,aplicativo
2657,2026-04-17 19:31:00,1283,GO,Casa,cafeteira,4,236.88,0,enviado,site
2658,2026-04-18 08:19:00,1412,SC,Esportes,garrafa,5,1165.44,10,cancelado,aplicativo
2659,2026-04-06 21:16:00,1381,PE,Papelaria,caderno,5,1226.73,15,enviado,site
2660,2026-04-09 11:09:00,1619,GO,Eletrônicos,teclado,2,257.02,5,enviado,site
2661,2026-04-19 02:53:00,1074,SC,Esportes,tapete,5,879.28,0,enviado,aplicativo
2662,2026-04-27 20:26:00,1930,MG,Esportes,mochila,5,1373.07,10,enviado,site
2663,2026-04-22 17:30:00,1885,GO,Livros,biografia,5,777.0,15,cancelado,aplicativo
2664,2026-04-17 22:30:00,1938,GO,Papelaria,caderno,1,458.65,0,entregue,marketplace
2665,2026-04-24 19:32:00,1970,PE,Casa,luminária,5,1221.52,0,entregue,site
2666,2026-04-09 15:05:00,1999,RJ,Papelaria,agenda,2,1486.65,5,pago,site
2667,2026-04-14 04:18:00,1304,SP,Eletrônicos,fone,4,1395.62,0,pago,aplicativo
2668,2026-04-13 22:28:00,1748,RJ,Casa,luminária,2,457.77,0,enviado,marketplace
2669,2026-04-15 15:03:00,1155,SC,Papelaria,caneta,2,59.43,10,cancelado,marketplace
2670,2026-04-18 11:09:00,1304,MG,Livros,biografia,2,452.31,0,entregue,marketplace
2671,2026-04-24 14:26:00,1187,PR,Casa,luminária,3,1249.16,0,cancelado,aplicativo
2672,2026-04-05 15:44:00,1637,PE,Esportes,mochila,5,1359.56,5,enviado,marketplace
2673,2026-04-30 12:55:00,1877,BA,Papelaria,caderno,4,805.58,0,pago,aplicativo
2674,2026-04-29 13:53:00,1957,SP,Livros,livro técnico,4,927.37,5,pago,marketplace
2675,2026-04-16 03:56:00,1491,MG,Esportes,mochila,3,1275.87,0,entregue,site
2676,2026-04-12 17:23:00,1123,MG,Livros,romance,3,346.05,0,enviado,aplicativo
2677,2026-04-19 10:02:00,1099,SP,Papelaria,caneta,1,749.34,5,enviado,marketplace
2678,2026-04-23 14:07:00,1993,BA,Casa,luminária,1,346.38,0,enviado,site
2679,2026-04-16 04:17:00,1853,RJ,Casa,cafeteira,5,305.43,5,enviado,site
2680,2026-04-09 15:23:00,1305,MG,Esportes,garrafa,3,1279.16,0,entregue,aplicativo
2681,2026-04-28 17:07:00,1000,PE,Livros,biografia,4,652.57,5,cancelado,site
2682,2026-04-03 23:44:00,1945,SP,Casa,organizador,4,626.17,0,pago,aplicativo
2683,2026-04-26 08:47:00,1873,BA,Eletrônicos,mouse,1,730.15,0,enviado,marketplace
2684,2026-04-04 13:41:00,1274,BA,Papelaria,caneta,4,296.95,0,pago,marketplace
2685,2026-04-17 02:40:00,1521,SP,Eletrônicos,mouse,3,526.01,15,pago,marketplace
2686,2026-04-21 13:35:00,1266,PE,Eletrônicos,teclado,5,594.68,0,enviado,marketplace
2687,2026-04-03 03:13:00,1662,SC,Eletrônicos,teclado,4,14.01,0,pago,marketplace
2688,2026-04-15 04:13:00,1326,PE,Casa,luminária,1,813.97,0,enviado,marketplace
2689,2026-04-09 02:39:00,1083,SP,Papelaria,caderno,2,886.96,5,enviado,marketplace
2690,2026-04-24 09:08:00,1380,GO,Eletrônicos,fone,3,946.23,15,pago,marketplace
2691,2026-04-25 14:21:00,1012,MG,Esportes,mochila,4,489.33,10,entregue,site
2692,2026-04-20 21:40:00,1726,PR,Esportes,tapete,2,1086.34,0,cancelado,site
2693,2026-04-09 15:23:00,1619,SC,Casa,luminária,3,402.83,0,pago,aplicativo
2694,2026-04-24 00:14:00,1737,SC,Esportes,garrafa,1,898.91,0,pago,marketplace
2695,2026-04-25 14:45:00,1859,PE,Papelaria,caderno,2,127.5,0,enviado,aplicativo
2696,2026-04-05 09:07:00,1343,PE,Esportes,garrafa,5,514.37,0,entregue,site
2697,2026-04-09 11:40:00,1673,RJ,Esportes,garrafa,1,895.06,5,pago,aplicativo
2698,2026-04-08 05:35:00,1150,SP,Esportes,mochila,3,346.58,5,pago,aplicativo
2699,2026-04-17 12:53:00,1728,PE,Esportes,tapete,3,725.57,15,pago,marketplace
2700,2026-04-09 22:50:00,1081,SC,Casa,cafeteira,1,441.02,15,pago,marketplace
2701,2026-04-12 02:22:00,1590,PE,Papelaria,caneta,4,1315.83,5,cancelado,aplicativo
2702,2026-04-09 04:23:00,1254,BA,Casa,organizador,5,570.13,0,entregue,site
2703,2026-04-18 11:49:00,1075,PE,Eletrônicos,fone,1,203.31,5,cancelado,site
2704,2026-04-24 12:37:00,1410,SP,Casa,organizador,3,1392.91,0,cancelado,site
2705,2026-04-19 00:19:00,1244,GO,Eletrônicos,teclado,1,562.74,0,pago,marketplace
2706,2026-04-01 08:45:00,1638,RJ,Esportes,tapete,1,1290.78,10,pago,marketplace
2707,2026-04-03 16:07:00,1824,PR,Eletrônicos,fone,1,223.31,0,pago,marketplace
2708,2026-04-08 04:39:00,1705,PR,Livros,romance,4,1137.89,10,cancelado,marketplace
2709,2026-04-11 12:36:00,1878,RJ,Papelaria,caneta,5,977.41,0,cancelado,site
2710,2026-04-25 06:39:00,1440,SP,Eletrônicos,mouse,2,1295.93,5,entregue,aplicativo
2711,2026-04-15 15:21:00,1263,PE,Livros,biografia,5,1428.21,0,entregue,aplicativo
2712,2026-04-13 19:29:00,1710,PE,Papelaria,agenda,3,345.44,0,pago,marketplace
2713,2026-04-26 12:49:00,1123,GO,Eletrônicos,mouse,3,947.58,10,enviado,aplicativo
2714,2026-04-19 02:52:00,1415,MG,Livros,romance,2,899.71,15,entregue,site
2715,2026-04-29 01:24:00,1506,SP,Eletrônicos,teclado,3,1052.12,5,pago,site
2716,2026-04-20 02:45:00,1860,MG,Esportes,garrafa,3,817.22,0,cancelado,site
2717,2026-04-30 03:25:00,1157,GO,Livros,romance,4,33.89,0,entregue,site
2718,2026-04-17 14:51:00,1027,RJ,Livros,biografia,3,1432.79,15,pago,site
2719,2026-04-29 21:22:00,1973,RJ,Esportes,garrafa,4,750.61,0,entregue,aplicativo
2720,2026-04-24 23:08:00,1450,SP,Eletrônicos,teclado,3,202.13,0,entregue,site
2721,2026-04-27 21:14:00,1334,PE,Casa,luminária,4,855.08,0,cancelado,aplicativo
2722,2026-04-05 10:01:00,1696,BA,Livros,livro técnico,4,879.45,0,cancelado,site
2723,2026-04-04 15:19:00,1776,GO,Papelaria,agenda,4,1446.99,0,cancelado,marketplace
2724,2026-04-16 00:33:00,1397,RJ,Casa,organizador,5,360.23,0,cancelado,aplicativo
2725,2026-04-19 00:31:00,1560,SP,Papelaria,caneta,3,1033.13,0,enviado,site
2726,2026-04-05 00:53:00,1555,PE,Esportes,tapete,2,1284.75,15,pago,marketplace
2727,2026-04-02 03:53:00,1617,BA,Casa,luminária,4,738.41,0,enviado,site
2728,2026-04-22 19:15:00,1217,MG,Papelaria,agenda,2,852.63,5,entregue,aplicativo
2729,2026-04-26 12:24:00,1943,MG,Eletrônicos,fone,3,367.71,0,cancelado,aplicativo
2730,2026-04-28 00:31:00,1668,MG,Esportes,mochila,3,256.35,5,enviado,marketplace
2731,2026-04-25 08:16:00,1888,BA,Casa,luminária,2,79.63,0,enviado,site
2732,2026-04-12 10:33:00,1705,SP,Papelaria,caderno,1,640.69,0,enviado,site
2733,2026-04-14 08:24:00,1141,PR,Papelaria,caneta,3,747.02,0,enviado,marketplace
2734,2026-04-22 23:51:00,1339,BA,Eletrônicos,mouse,1,499.1,0,entregue,site
2735,2026-04-21 03:23:00,1331,GO,Esportes,garrafa,5,1037.69,10,pago,site
2736,2026-04-06 15:47:00,1030,SP,Papelaria,caderno,4,1185.02,0,enviado,marketplace
2737,2026-04-20 16:24:00,1640,MG,Casa,luminária,2,744.22,5,cancelado,site
2738,2026-04-19 20:22:00,1907,SP,Casa,luminária,4,608.7,0,cancelado,site
2739,2026-04-10 10:27:00,1571,BA,Esportes,garrafa,1,364.68,0,entregue,marketplace
2740,2026-04-29 09:28:00,1515,PE,Livros,livro técnico,2,948.96,0,pago,marketplace
2741,2026-04-14 12:57:00,1745,SP,Esportes,mochila,2,1347.73,0,pago,marketplace
2742,2026-04-17 16:40:00,1518,MG,Esportes,tapete,4,685.63,0,entregue,marketplace
2743,2026-04-08 06:39:00,1014,SP,Eletrônicos,teclado,2,1062.82,0,entregue,marketplace
2744,2026-04-19 17:36:00,1746,RJ,Esportes,tapete,3,864.78,0,entregue,marketplace
2745,2026-04-27 16:17:00,1213,RJ,Esportes,mochila,5,1388.71,10,cancelado,marketplace
2746,2026-04-13 15:25:00,1862,RJ,Papelaria,agenda,3,902.13,15,cancelado,site
2747,2026-04-29 05:26:00,1910,BA,Papelaria,agenda,3,31.17,0,enviado,site
2748,2026-04-14 11:57:00,1221,MG,Esportes,tapete,2,1120.5,10,entregue,aplicativo
2749,2026-04-05 14:08:00,1160,RJ,Eletrônicos,fone,1,501.02,0,entregue,site
2750,2026-04-01 04:27:00,1716,RJ,Livros,livro técnico,2,1030.73,5,enviado,site
2751,2026-04-25 04:03:00,1720,PE,Casa,cafeteira,4,457.26,15,enviado,aplicativo
2752,2026-04-21 23:38:00,1764,SC,Esportes,mochila,1,1272.39,10,enviado,site
2753,2026-04-24 22:22:00,1658,SC,Casa,organizador,1,501.44,10,entregue,site
2754,2026-04-03 06:02:00,1393,RJ,Esportes,mochila,2,1049.88,0,entregue,aplicativo
2755,2026-04-27 04:00:00,1613,PE,Livros,romance,4,46.51,15,entregue,marketplace
2756,2026-04-21 04:46:00,1638,PE,Esportes,mochila,5,1164.82,5,enviado,marketplace
2757,2026-04-01 04:02:00,1876,SC,Papelaria,caderno,2,309.98,0,pago,marketplace
2758,2026-04-07 09:41:00,1427,RJ,Eletrônicos,mouse,4,607.16,0,pago,aplicativo
2759,2026-04-15 12:03:00,1750,SC,Livros,romance,5,615.46,0,entregue,aplicativo
2760,2026-04-15 16:13:00,1335,BA,Papelaria,caneta,4,534.58,0,entregue,aplicativo
2761,2026-04-01 06:14:00,1007,SP,Esportes,tapete,4,790.42,0,cancelado,marketplace
2762,2026-04-03 14:47:00,1365,RJ,Casa,organizador,4,580.1,0,entregue,site
2763,2026-04-12 16:22:00,1882,PE,Casa,luminária,3,112.38,10,cancelado,aplicativo
2764,2026-04-10 04:19:00,1206,GO,Eletrônicos,fone,5,1497.19,0,enviado,aplicativo
2765,2026-04-03 21:23:00,1463,SP,Esportes,garrafa,2,618.23,0,entregue,aplicativo
2766,2026-04-24 07:59:00,1658,GO,Casa,luminária,1,268.3,15,entregue,marketplace
2767,2026-04-28 19:52:00,1753,PR,Eletrônicos,mouse,1,1474.85,0,pago,site
2768,2026-04-27 07:45:00,1012,GO,Livros,biografia,1,1237.27,5,cancelado,marketplace
2769,2026-04-13 09:54:00,1344,MG,Esportes,garrafa,5,410.4,0,entregue,aplicativo
2770,2026-04-24 23:13:00,1013,PE,Papelaria,caneta,3,1372.42,5,enviado,aplicativo
2771,2026-04-23 09:33:00,1306,SP,Esportes,mochila,5,489.58,15,enviado,marketplace
2772,2026-04-01 20:34:00,1909,BA,Livros,biografia,5,1244.3,10,pago,site
2773,2026-04-08 16:08:00,1734,PE,Esportes,garrafa,3,229.24,0,enviado,site
2774,2026-04-28 07:52:00,1998,MG,Livros,biografia,3,785.67,10,pago,aplicativo
2775,2026-04-07 23:44:00,1041,PR,Casa,organizador,1,849.65,5,cancelado,aplicativo
2776,2026-04-20 21:05:00,1471,BA,Livros,biografia,5,554.3,0,entregue,site
2777,2026-04-13 03:58:00,1930,MG,Papelaria,caneta,2,15.5,10,enviado,marketplace
2778,2026-04-24 15:58:00,1894,GO,Livros,biografia,5,1210.91,0,pago,marketplace
2779,2026-04-12 03:16:00,1662,PR,Esportes,garrafa,2,1456.9,5,pago,marketplace
2780,2026-04-25 23:15:00,1385,PE,Livros,biografia,2,694.28,5,entregue,marketplace
2781,2026-04-21 04:22:00,1197,SP,Casa,luminária,4,610.25,10,enviado,marketplace
2782,2026-04-05 04:47:00,1831,RJ,Eletrônicos,teclado,4,815.91,0,entregue,site
2783,2026-04-16 11:14:00,1576,PE,Esportes,tapete,4,938.06,10,pago,aplicativo
2784,2026-04-07 01:50:00,1471,MG,Casa,luminária,2,984.11,0,cancelado,marketplace
2785,2026-04-02 05:27:00,1155,MG,Papelaria,agenda,2,712.57,10,pago,site
2786,2026-04-13 09:53:00,1893,SC,Esportes,tapete,1,1009.94,10,entregue,aplicativo
2787,2026-04-15 16:45:00,1720,PE,Esportes,mochila,1,944.41,5,cancelado,aplicativo
2788,2026-04-10 05:12:00,1607,RJ,Livros,romance,5,815.77,15,pago,aplicativo
2789,2026-04-24 09:37:00,1067,BA,Casa,organizador,5,106.55,5,pago,marketplace
2790,2026-04-17 19:41:00,1522,GO,Papelaria,caneta,2,613.43,10,enviado,marketplace
2791,2026-04-24 06:56:00,1453,GO,Livros,biografia,2,792.43,0,pago,marketplace
2792,2026-04-04 14:35:00,1154,PR,Esportes,tapete,5,604.73,0,enviado,site
2793,2026-04-29 18:21:00,1870,BA,Papelaria,caderno,1,825.3,10,pago,site
2794,2026-04-25 13:50:00,1535,GO,Papelaria,agenda,1,771.01,0,pago,marketplace
2795,2026-04-19 06:51:00,1397,SP,Esportes,garrafa,1,80.14,10,enviado,site
2796,2026-04-27 19:52:00,1568,MG,Esportes,garrafa,4,834.39,0,enviado,aplicativo
2797,2026-04-20 20:56:00,1677,PE,Papelaria,agenda,5,1354.16,0,enviado,marketplace
2798,2026-04-20 03:32:00,1502,BA,Livros,livro técnico,4,771.44,5,enviado,site
2799,2026-04-21 07:15:00,1013,SC,Livros,romance,4,361.83,0,enviado,marketplace
2800,2026-04-15 16:41:00,1337,BA,Casa,luminária,1,1025.2,0,cancelado,marketplace
2801,2026-04-06 18:41:00,1659,RJ,Eletrônicos,teclado,5,722.88,10,enviado,marketplace
2802,2026-04-13 18:00:00,1269,SP,Livros,biografia,3,557.79,10,enviado,site
2803,2026-04-03 21:47:00,1315,SC,Eletrônicos,teclado,1,980.59,15,pago,site
2804,2026-04-15 16:28:00,1871,SP,Casa,cafeteira,2,606.89,5,pago,aplicativo
2805,2026-04-28 09:15:00,1076,SP,Esportes,mochila,5,961.92,5,cancelado,marketplace
2806,2026-04-11 13:32:00,1654,PE,Eletrônicos,fone,3,542.17,10,entregue,aplicativo
2807,2026-04-27 03:30:00,1829,PE,Esportes,tapete,1,1373.32,0,cancelado,marketplace
2808,2026-04-01 23:38:00,1067,GO,Esportes,tapete,2,1407.07,10,entregue,aplicativo
2809,2026-04-24 00:43:00,1677,PR,Casa,organizador,1,539.05,5,entregue,aplicativo
2810,2026-04-07 16:53:00,1678,SC,Casa,cafeteira,2,165.65,5,enviado,marketplace
2811,2026-04-26 17:03:00,1849,RJ,Eletrônicos,fone,3,843.22,15,entregue,marketplace
2812,2026-04-11 07:33:00,1179,PE,Casa,luminária,1,570.11,15,entregue,site
2813,2026-04-29 12:39:00,1756,PE,Papelaria,caneta,5,378.68,5,cancelado,site
2814,2026-04-14 15:33:00,1298,GO,Esportes,garrafa,4,1066.44,5,enviado,marketplace
2815,2026-04-29 18:31:00,1586,BA,Eletrônicos,teclado,5,432.32,0,cancelado,aplicativo
2816,2026-04-20 07:52:00,1065,SC,Papelaria,caderno,1,511.64,0,enviado,site
2817,2026-04-05 06:43:00,1414,RJ,Papelaria,agenda,3,1337.95,0,enviado,aplicativo
2818,2026-04-22 19:45:00,1395,SP,Livros,biografia,5,390.17,10,enviado,marketplace
2819,2026-04-14 02:21:00,1026,MG,Esportes,tapete,5,1217.44,0,cancelado,aplicativo
2820,2026-04-02 07:19:00,1831,MG,Casa,luminária,4,1443.0,15,entregue,marketplace
2821,2026-04-30 09:23:00,1599,GO,Eletrônicos,mouse,2,183.7,0,cancelado,aplicativo
2822,2026-04-06 14:28:00,1614,GO,Esportes,tapete,4,626.66,0,pago,site
2823,2026-04-18 22:31:00,1937,PR,Livros,biografia,3,269.11,0,enviado,site
2824,2026-04-11 00:29:00,1275,SP,Casa,cafeteira,1,1350.47,0,cancelado,aplicativo
2825,2026-04-20 03:49:00,1499,BA,Papelaria,caderno,5,1113.15,0,cancelado,aplicativo
2826,2026-04-15 21:36:00,1153,PE,Papelaria,caderno,3,1223.24,0,entregue,aplicativo
2827,2026-04-08 11:21:00,1216,PR,Eletrônicos,mouse,3,103.37,0,cancelado,aplicativo
2828,2026-04-07 09:02:00,1889,GO,Esportes,tapete,1,173.97,5,enviado,aplicativo
2829,2026-04-10 22:18:00,1068,BA,Casa,organizador,4,1341.51,15,entregue,aplicativo
2830,2026-04-30 02:21:00,1187,SC,Papelaria,caderno,4,569.69,0,pago,aplicativo
2831,2026-04-02 04:45:00,1221,BA,Papelaria,caderno,1,1459.48,15,entregue,aplicativo
2832,2026-04-10 11:30:00,1851,PE,Eletrônicos,mouse,3,1388.79,0,cancelado,aplicativo
2833,2026-04-25 06:39:00,1932,PR,Casa,luminária,5,11.18,5,enviado,site
2834,2026-04-17 10:31:00,1282,GO,Eletrônicos,teclado,1,566.95,5,entregue,marketplace
2835,2026-04-17 06:35:00,1095,RJ,Casa,luminária,3,1048.06,10,cancelado,marketplace
2836,2026-04-27 20:03:00,1843,BA,Papelaria,caneta,2,104.66,15,pago,aplicativo
2837,2026-04-15 15:57:00,1292,PR,Eletrônicos,mouse,4,748.37,5,cancelado,site
2838,2026-04-03 08:32:00,1715,BA,Papelaria,caderno,5,86.88,0,cancelado,site
2839,2026-04-10 09:08:00,1596,RJ,Eletrônicos,teclado,3,147.23,0,entregue,site
2840,2026-04-25 08:12:00,1422,MG,Esportes,tapete,1,1418.48,0,cancelado,marketplace
2841,2026-04-21 18:11:00,1099,SP,Eletrônicos,mouse,5,1010.37,15,entregue,aplicativo
2842,2026-04-16 01:10:00,1779,SC,Livros,livro técnico,1,615.75,10,pago,site
2843,2026-04-30 21:07:00,1202,PR,Esportes,mochila,1,564.71,0,enviado,marketplace
2844,2026-04-19 09:32:00,1034,SP,Casa,luminária,2,300.9,0,cancelado,aplicativo
2845,2026-04-01 20:36:00,1691,BA,Livros,biografia,2,260.62,15,pago,site
2846,2026-04-02 05:49:00,1413,GO,Livros,livro técnico,4,64.64,0,pago,aplicativo
2847,2026-04-27 19:09:00,1579,MG,Livros,biografia,1,152.22,5,cancelado,site
2848,2026-04-24 15:13:00,1144,MG,Casa,cafeteira,2,1280.79,0,pago,site
2849,2026-04-27 17:16:00,1133,MG,Livros,livro técnico,2,80.32,5,enviado,marketplace
2850,2026-04-28 22:35:00,1775,SP,Eletrônicos,fone,1,179.67,0,entregue,marketplace
2851,2026-04-11 04:15:00,1589,RJ,Livros,livro técnico,2,349.46,0,entregue,site
2852,2026-04-06 07:30:00,1815,PR,Papelaria,caneta,2,372.45,10,entregue,aplicativo
2853,2026-04-13 21:26:00,1341,MG,Esportes,mochila,2,463.38,10,cancelado,aplicativo
2854,2026-04-21 03:33:00,1438,SP,Livros,biografia,2,402.93,10,cancelado,aplicativo
2855,2026-04-08 21:54:00,1763,SP,Casa,organizador,5,1426.63,0,cancelado,aplicativo
2856,2026-04-12 00:52:00,1283,BA,Esportes,mochila,2,936.53,0,entregue,aplicativo
2857,2026-04-09 01:56:00,1392,GO,Eletrônicos,teclado,3,1222.97,10,pago,aplicativo
2858,2026-04-08 04:15:00,1378,PR,Esportes,tapete,5,100.26,5,cancelado,aplicativo
2859,2026-04-22 12:20:00,1801,BA,Eletrônicos,teclado,2,381.33,10,entregue,site
2860,2026-04-13 07:46:00,1945,GO,Livros,romance,4,1082.32,15,enviado,aplicativo
2861,2026-04-27 10:07:00,1715,GO,Casa,cafeteira,2,1145.22,10,entregue,marketplace
2862,2026-04-14 04:21:00,1207,GO,Casa,luminária,4,1386.43,0,entregue,site
2863,2026-04-04 17:20:00,1160,SC,Livros,romance,4,1426.84,15,enviado,aplicativo
2864,2026-04-14 01:03:00,1420,BA,Livros,livro técnico,5,1126.13,0,pago,aplicativo
2865,2026-04-25 12:04:00,1150,PE,Eletrônicos,teclado,5,710.88,15,enviado,marketplace
2866,2026-04-30 21:55:00,1079,GO,Papelaria,agenda,1,538.18,0,pago,site
2867,2026-04-30 20:17:00,1201,SC,Esportes,mochila,1,53.55,0,cancelado,site
2868,2026-04-18 06:33:00,1060,SC,Esportes,garrafa,2,1164.77,0,pago,aplicativo
2869,2026-04-20 06:41:00,1834,SC,Papelaria,agenda,5,1356.72,0,enviado,aplicativo
2870,2026-04-10 11:11:00,1120,MG,Livros,biografia,1,1468.78,5,enviado,marketplace
2871,2026-04-19 01:28:00,1188,BA,Livros,romance,3,1259.11,15,enviado,aplicativo
2872,2026-04-19 10:52:00,1210,PR,Livros,romance,5,172.24,0,entregue,site
2873,2026-04-27 01:29:00,1268,RJ,Casa,organizador,1,280.47,5,cancelado,marketplace
2874,2026-04-21 22:37:00,1090,GO,Livros,biografia,4,1484.47,0,cancelado,marketplace
2875,2026-04-10 22:36:00,1336,PR,Papelaria,caderno,5,175.3,0,cancelado,site
2876,2026-04-26 23:55:00,1028,RJ,Casa,organizador,4,1166.35,0,entregue,marketplace
2877,2026-04-04 16:48:00,1199,PR,Papelaria,caderno,2,415.54,0,enviado,aplicativo
2878,2026-04-30 21:23:00,1819,PR,Esportes,tapete,3,804.88,0,entregue,site
2879,2026-04-13 01:46:00,1090,SP,Papelaria,agenda,1,1298.81,5,enviado,site
2880,2026-04-25 18:38:00,1093,RJ,Eletrônicos,teclado,4,25.53,0,pago,site
2881,2026-04-30 20:41:00,1920,MG,Eletrônicos,teclado,1,234.28,10,cancelado,aplicativo
2882,2026-04-25 18:30:00,1033,RJ,Eletrônicos,teclado,5,907.31,0,entregue,site
2883,2026-04-12 17:36:00,1513,BA,Eletrônicos,fone,3,834.74,0,pago,site
2884,2026-04-04 09:34:00,1435,SP,Livros,livro técnico,4,852.56,15,pago,aplicativo
2885,2026-04-10 08:21:00,1942,GO,Papelaria,caderno,1,128.96,5,pago,marketplace
2886,2026-04-06 06:42:00,1208,MG,Eletrônicos,teclado,1,878.62,0,pago,site
2887,2026-04-01 04:42:00,1165,RJ,Livros,romance,3,147.1,0,cancelado,marketplace
2888,2026-04-07 05:19:00,1930,SC,Livros,romance,1,1161.18,10,enviado,aplicativo
2889,2026-04-17 18:30:00,1502,GO,Esportes,mochila,3,1291.68,0,pago,site
2890,2026-04-02 16:58:00,1940,SC,Papelaria,caderno,3,925.85,0,cancelado,site
2891,2026-04-08 16:56:00,1255,MG,Papelaria,caneta,1,529.04,0,pago,marketplace
2892,2026-04-16 06:28:00,1223,BA,Casa,luminária,1,622.34,15,cancelado,marketplace
2893,2026-04-04 00:33:00,1416,PE,Casa,organizador,3,512.33,0,enviado,marketplace
2894,2026-04-15 04:39:00,1914,RJ,Esportes,mochila,1,217.01,0,entregue,aplicativo
2895,2026-04-22 05:35:00,1597,PE,Eletrônicos,mouse,5,793.31,0,cancelado,aplicativo
2896,2026-04-24 01:26:00,1583,PR,Papelaria,caneta,1,55.63,0,entregue,aplicativo
2897,2026-04-19 06:58:00,1213,BA,Esportes,tapete,3,1169.66,0,enviado,site
2898,2026-04-04 22:23:00,1466,MG,Esportes,mochila,4,612.27,15,entregue,aplicativo
2899,2026-04-12 18:53:00,1391,SP,Livros,livro técnico,4,43.61,0,pago,aplicativo
2900,2026-04-11 03:00:00,1005,GO,Livros,livro técnico,5,975.94,5,enviado,aplicativo
2901,2026-04-24 07:11:00,1455,RJ,Eletrônicos,mouse,1,15.11,15,cancelado,aplicativo
2902,2026-04-03 16:26:00,1688,PE,Papelaria,agenda,1,733.93,10,enviado,site
2903,2026-04-08 16:02:00,1196,RJ,Esportes,tapete,1,533.25,15,enviado,site
2904,2026-04-26 03:09:00,1151,MG,Casa,luminária,2,838.54,0,pago,marketplace
2905,2026-04-15 20:53:00,1887,MG,Livros,romance,5,296.98,10,entregue,site
2906,2026-04-05 04:46:00,1039,PE,Eletrônicos,teclado,4,911.96,0,enviado,aplicativo
2907,2026-04-06 06:06:00,1958,PR,Eletrônicos,mouse,3,1003.85,0,enviado,aplicativo
2908,2026-04-08 11:55:00,1784,MG,Esportes,garrafa,1,1189.4,5,entregue,site
2909,2026-04-26 07:52:00,1041,SC,Livros,romance,5,367.99,0,pago,site
2910,2026-04-05 15:46:00,1636,PE,Eletrônicos,teclado,3,371.45,0,entregue,site
2911,2026-04-30 20:17:00,1268,PE,Papelaria,caderno,4,837.95,5,entregue,marketplace
2912,2026-04-02 15:46:00,1179,RJ,Casa,cafeteira,5,1014.46,10,enviado,site
2913,2026-04-16 16:07:00,1509,SP,Esportes,garrafa,2,702.34,10,pago,marketplace
2914,2026-04-11 02:23:00,1843,SC,Casa,luminária,3,1397.43,0,cancelado,marketplace
2915,2026-04-15 12:21:00,1833,BA,Papelaria,caderno,5,491.51,0,cancelado,aplicativo
2916,2026-04-14 22:18:00,1714,SP,Papelaria,agenda,5,1141.75,0,pago,aplicativo
2917,2026-04-26 18:42:00,1652,SP,Papelaria,caneta,3,545.34,0,cancelado,site
2918,2026-04-03 04:56:00,1397,BA,Esportes,garrafa,4,694.95,0,cancelado,aplicativo
2919,2026-04-02 23:13:00,1084,GO,Livros,romance,3,224.41,5,pago,site
2920,2026-04-26 11:49:00,1070,PE,Esportes,mochila,5,1349.39,0,enviado,aplicativo
2921,2026-04-01 22:23:00,1524,PE,Casa,cafeteira,2,723.58,5,enviado,marketplace
2922,2026-04-14 11:02:00,1275,PE,Papelaria,caneta,4,1163.07,5,enviado,aplicativo
2923,2026-04-13 20:00:00,1691,MG,Eletrônicos,mouse,2,1118.48,0,enviado,site
2924,2026-04-01 05:12:00,1785,SP,Livros,biografia,3,129.22,15,enviado,aplicativo
2925,2026-04-16 01:32:00,1350,PR,Eletrônicos,mouse,4,904.53,0,entregue,aplicativo
2926,2026-04-27 14:55:00,1950,SP,Esportes,tapete,4,269.43,5,cancelado,site
2927,2026-04-08 11:43:00,1377,SC,Casa,organizador,1,366.35,0,enviado,marketplace
2928,2026-04-16 09:07:00,1691,PE,Casa,cafeteira,3,280.11,0,pago,aplicativo
2929,2026-04-24 21:50:00,1396,PR,Papelaria,caderno,1,426.51,0,cancelado,aplicativo
2930,2026-04-29 02:11:00,1614,RJ,Casa,cafeteira,4,245.32,5,entregue,site
2931,2026-04-06 23:06:00,1027,PE,Papelaria,caderno,1,616.83,10,enviado,site
2932,2026-04-11 22:57:00,1604,MG,Livros,biografia,4,579.85,0,cancelado,site
2933,2026-04-06 17:50:00,1839,BA,Esportes,garrafa,1,1457.05,0,enviado,marketplace
2934,2026-04-03 01:19:00,1309,BA,Casa,cafeteira,1,285.57,0,cancelado,site
2935,2026-04-05 20:02:00,1590,PR,Papelaria,caderno,2,325.35,10,enviado,aplicativo
2936,2026-04-04 20:34:00,1618,SP,Papelaria,caneta,1,96.62,0,enviado,marketplace
2937,2026-04-16 13:06:00,1440,RJ,Papelaria,agenda,4,227.88,0,cancelado,marketplace
2938,2026-04-23 09:38:00,1065,BA,Livros,biografia,3,1455.04,0,pago,marketplace
2939,2026-04-29 07:00:00,1831,MG,Esportes,mochila,2,10.7,0,enviado,site
2940,2026-04-18 12:35:00,1666,SC,Casa,luminária,4,1374.91,10,pago,aplicativo
2941,2026-04-14 04:20:00,1451,PE,Livros,romance,2,671.47,15,pago,marketplace
2942,2026-04-09 21:52:00,1693,RJ,Livros,romance,1,1008.42,5,cancelado,aplicativo
2943,2026-04-03 15:48:00,1352,MG,Esportes,tapete,4,975.67,5,pago,site
2944,2026-04-08 06:53:00,1567,RJ,Eletrônicos,mouse,3,720.42,0,cancelado,marketplace
2945,2026-04-29 10:36:00,1061,MG,Eletrônicos,mouse,2,376.4,15,pago,aplicativo
2946,2026-04-25 21:34:00,1696,SC,Esportes,mochila,1,585.71,5,cancelado,site
2947,2026-04-07 03:59:00,1154,PR,Livros,livro técnico,4,193.43,0,enviado,site
2948,2026-04-29 22:25:00,1529,PE,Casa,organizador,5,557.78,0,cancelado,site
2949,2026-04-07 22:16:00,1620,PE,Eletrônicos,teclado,2,42.14,0,enviado,aplicativo
2950,2026-04-26 22:22:00,1770,MG,Livros,livro técnico,2,1057.53,0,enviado,site
2951,2026-04-16 16:22:00,1613,GO,Livros,romance,4,922.78,0,cancelado,marketplace
2952,2026-04-23 08:10:00,1674,PR,Livros,livro técnico,4,624.97,10,pago,aplicativo
2953,2026-04-07 08:19:00,1042,RJ,Casa,cafeteira,1,1170.63,15,pago,aplicativo
2954,2026-04-20 11:27:00,1402,PE,Livros,livro técnico,2,652.31,0,entregue,site
2955,2026-04-09 07:58:00,1286,BA,Casa,organizador,3,338.7,0,cancelado,aplicativo
2956,2026-04-18 13:30:00,1628,SC,Esportes,tapete,4,397.66,5,entregue,marketplace
2957,2026-04-08 11:52:00,1285,PE,Esportes,garrafa,3,1247.39,0,entregue,aplicativo
2958,2026-04-01 06:20:00,1981,GO,Casa,organizador,5,203.12,10,cancelado,aplicativo
2959,2026-04-16 04:36:00,1879,RJ,Esportes,mochila,2,1229.45,0,cancelado,site
2960,2026-04-23 09:36:00,1183,PR,Esportes,tapete,3,1056.21,10,cancelado,marketplace
2961,2026-04-13 06:08:00,1887,MG,Casa,organizador,1,205.18,0,entregue,aplicativo
2962,2026-04-09 11:12:00,1150,PR,Livros,livro técnico,3,1340.54,5,pago,aplicativo
2963,2026-04-26 19:34:00,1474,MG,Livros,romance,3,183.16,10,entregue,marketplace
2964,2026-04-02 02:27:00,1208,PR,Eletrônicos,teclado,5,799.25,0,entregue,aplicativo
2965,2026-04-07 13:18:00,1792,PR,Papelaria,agenda,2,672.61,15,enviado,marketplace
2966,2026-04-13 06:36:00,1324,RJ,Eletrônicos,mouse,4,737.47,15,cancelado,site
2967,2026-04-19 12:32:00,1645,PR,Esportes,garrafa,2,1274.57,10,cancelado,site
2968,2026-04-04 01:34:00,1141,MG,Eletrônicos,fone,1,1234.34,0,entregue,marketplace
2969,2026-04-18 15:28:00,1836,PE,Livros,livro técnico,5,313.27,0,cancelado,aplicativo
2970,2026-04-02 01:03:00,1969,MG,Papelaria,caneta,5,911.83,5,pago,marketplace
2971,2026-04-01 09:31:00,1872,BA,Casa,organizador,3,913.82,0,cancelado,marketplace
2972,2026-04-26 14:10:00,1379,GO,Casa,luminária,3,856.71,0,pago,site
2973,2026-04-29 06:59:00,1378,RJ,Casa,organizador,5,1396.49,0,pago,marketplace
2974,2026-04-05 22:16:00,1920,BA,Eletrônicos,fone,3,593.34,5,entregue,marketplace
2975,2026-04-03 05:17:00,1221,SP,Eletrônicos,mouse,3,390.37,0,pago,aplicativo
2976,2026-04-12 00:19:00,1065,BA,Eletrônicos,teclado,4,583.59,10,entregue,site
2977,2026-04-09 16:32:00,1534,RJ,Casa,organizador,3,777.43,0,cancelado,aplicativo
2978,2026-04-17 00:45:00,1517,SP,Esportes,tapete,2,72.67,15,pago,site
2979,2026-04-15 11:04:00,1390,PE,Esportes,mochila,4,173.88,5,entregue,site
2980,2026-04-02 16:38:00,1158,SC,Eletrônicos,mouse,1,613.15,10,enviado,aplicativo
2981,2026-04-05 06:01:00,1109,BA,Eletrônicos,teclado,5,1392.49,5,cancelado,site
2982,2026-04-26 23:59:00,1481,GO,Eletrônicos,mouse,4,540.81,15,enviado,marketplace
2983,2026-04-19 20:00:00,1067,SC,Casa,luminária,1,1081.93,0,entregue,marketplace
2984,2026-04-09 15:05:00,1261,BA,Casa,organizador,5,109.79,0,cancelado,aplicativo
2985,2026-04-07 19:47:00,1558,BA,Esportes,mochila,2,553.47,0,enviado,marketplace
2986,2026-04-08 10:08:00,1289,MG,Papelaria,agenda,4,606.27,0,pago,aplicativo
2987,2026-04-26 11:11:00,1044,RJ,Esportes,tapete,3,813.74,0,cancelado,aplicativo
2988,2026-04-28 12:33:00,1889,PR,Papelaria,caneta,1,1224.03,0,pago,site
2989,2026-04-10 07:22:00,1161,SC,Papelaria,caneta,2,723.69,5,cancelado,marketplace
2990,2026-04-11 02:27:00,1261,BA,Papelaria,agenda,1,960.58,15,pago,site
2991,2026-04-24 13:38:00,1379,PE,Livros,livro técnico,4,168.68,0,pago,marketplace
2992,2026-04-01 08:21:00,1548,SC,Esportes,garrafa,2,1330.14,0,cancelado,site
2993,2026-04-08 14:19:00,1972,SC,Papelaria,agenda,4,709.02,15,pago,site
2994,2026-04-07 09:08:00,1326,MG,Papelaria,caneta,4,982.19,5,enviado,site
2995,2026-04-01 09:24:00,1453,RJ,Papelaria,caderno,2,119.04,0,entregue,site
2996,2026-04-14 05:02:00,1500,PR,Casa,organizador,1,529.71,15,cancelado,marketplace
2997,2026-04-05 06:36:00,1775,GO,Esportes,tapete,1,1020.01,10,cancelado,site
2998,2026-04-28 18:11:00,1444,BA,Esportes,tapete,4,609.93,5,cancelado,aplicativo
2999,2026-04-28 17:37:00,1740,GO,Eletrônicos,mouse,5,1283.49,0,entregue,aplicativo
3000,2026-04-28 23:44:00,1730,BA,Eletrônicos,fone,2,250.6,0,enviado,marketplace
3001,2026-04-17 14:09:00,1200,SC,Esportes,mochila,5,308.43,15,enviado,site
3002,2026-04-04 10:56:00,1778,PE,Eletrônicos,mouse,2,1476.27,15,pago,aplicativo
3003,2026-04-13 22:45:00,1489,PR,Eletrônicos,teclado,4,84.6,0,entregue,aplicativo
3004,2026-04-04 18:14:00,1929,BA,Papelaria,caderno,1,1120.38,0,pago,site
3005,2026-04-07 21:21:00,1429,SP,Esportes,mochila,1,760.84,0,cancelado,aplicativo
3006,2026-04-10 12:12:00,1685,PE,Papelaria,agenda,4,1365.51,10,cancelado,marketplace
3007,2026-04-15 12:02:00,1295,PR,Casa,luminária,3,743.07,0,enviado,site
3008,2026-04-19 08:05:00,1483,RJ,Livros,biografia,3,582.76,15,cancelado,marketplace
3009,2026-04-11 22:12:00,1831,MG,Esportes,tapete,1,1316.13,0,cancelado,marketplace
3010,2026-04-19 13:16:00,1433,BA,Casa,cafeteira,2,1170.23,0,entregue,aplicativo
3011,2026-04-13 00:12:00,1878,MG,Papelaria,caneta,4,1008.02,0,pago,site
3012,2026-04-30 22:31:00,1144,SP,Eletrônicos,mouse,5,592.77,0,pago,aplicativo
3013,2026-04-15 13:07:00,1088,SP,Esportes,garrafa,5,1150.88,0,enviado,site
3014,2026-04-19 05:36:00,1977,PR,Esportes,garrafa,1,1319.87,15,enviado,site
3015,2026-04-30 19:55:00,1931,PR,Livros,romance,4,901.43,0,pago,site
3016,2026-04-02 17:11:00,1603,SP,Eletrônicos,fone,5,1232.93,10,enviado,site
3017,2026-04-24 17:06:00,1116,SP,Papelaria,caneta,3,1281.88,10,pago,site
3018,2026-04-11 11:55:00,1343,PE,Papelaria,agenda,1,509.3,10,enviado,marketplace
3019,2026-04-11 11:20:00,1050,PE,Eletrônicos,mouse,2,953.7,5,cancelado,site
3020,2026-04-18 22:15:00,1174,SP,Casa,organizador,5,1185.42,0,enviado,site
3021,2026-04-04 00:56:00,1357,PE,Esportes,mochila,4,1342.25,0,cancelado,site
3022,2026-04-11 00:36:00,1075,RJ,Livros,biografia,1,1469.42,15,enviado,marketplace
3023,2026-04-28 21:25:00,1443,SC,Casa,luminária,2,910.94,10,entregue,site
3024,2026-04-27 14:27:00,1127,PE,Eletrônicos,mouse,2,1004.23,10,enviado,aplicativo
3025,2026-04-17 04:49:00,1663,SP,Esportes,mochila,1,614.25,5,cancelado,aplicativo
3026,2026-04-23 12:56:00,1490,GO,Eletrônicos,mouse,2,990.72,10,enviado,aplicativo
3027,2026-04-25 19:00:00,1538,BA,Casa,organizador,1,140.79,15,cancelado,marketplace
3028,2026-04-19 06:33:00,1176,MG,Casa,organizador,2,643.42,5,cancelado,marketplace
3029,2026-04-26 22:27:00,1716,PR,Papelaria,caderno,4,968.94,0,cancelado,aplicativo
3030,2026-04-26 01:04:00,1938,SP,Casa,luminária,4,444.24,10,enviado,aplicativo
3031,2026-04-05 19:58:00,1138,BA,Papelaria,agenda,3,937.51,5,cancelado,site
3032,2026-04-28 10:55:00,1856,SC,Esportes,tapete,4,451.61,10,enviado,marketplace
3033,2026-04-25 05:18:00,1025,BA,Livros,biografia,1,1387.17,15,entregue,site
3034,2026-04-18 15:17:00,1337,SC,Esportes,garrafa,5,878.24,10,pago,site
3035,2026-04-19 01:03:00,1359,RJ,Papelaria,caneta,5,803.99,0,pago,aplicativo
3036,2026-04-02 19:00:00,1057,BA,Papelaria,caneta,1,16.5,10,enviado,aplicativo
3037,2026-04-30 01:31:00,1185,SC,Livros,biografia,5,1254.55,5,entregue,marketplace
3038,2026-04-29 12:15:00,1238,SP,Esportes,garrafa,2,888.58,0,pago,site
3039,2026-04-29 20:04:00,1013,RJ,Casa,organizador,5,593.22,15,pago,aplicativo
3040,2026-04-27 00:21:00,1772,SP,Livros,livro técnico,4,995.74,10,entregue,site
3041,2026-04-11 08:00:00,1871,PR,Casa,luminária,4,911.04,0,pago,aplicativo
3042,2026-04-01 14:53:00,1801,SC,Casa,luminária,2,39.52,0,entregue,site
3043,2026-04-20 06:32:00,1142,PE,Esportes,mochila,5,682.34,0,cancelado,marketplace
3044,2026-04-15 20:46:00,1506,RJ,Livros,livro técnico,3,464.56,15,entregue,aplicativo
3045,2026-04-03 06:17:00,1737,GO,Esportes,tapete,5,1355.79,0,entregue,marketplace
3046,2026-04-17 23:03:00,1224,PE,Livros,romance,3,1089.58,0,cancelado,marketplace
3047,2026-04-25 09:57:00,1678,GO,Esportes,mochila,3,1391.94,10,enviado,marketplace
3048,2026-04-10 00:35:00,1805,PE,Livros,biografia,5,1114.7,0,entregue,marketplace
3049,2026-04-29 16:06:00,1163,GO,Papelaria,caneta,4,331.59,5,entregue,marketplace
3050,2026-04-08 00:29:00,1030,SC,Livros,livro técnico,4,553.73,5,pago,marketplace
3051,2026-04-12 02:11:00,1162,GO,Papelaria,caneta,5,845.67,15,entregue,aplicativo
3052,2026-04-20 14:21:00,1611,BA,Casa,cafeteira,5,57.19,0,entregue,aplicativo
3053,2026-04-02 10:49:00,1610,MG,Eletrônicos,teclado,5,411.02,5,enviado,marketplace
3054,2026-04-21 20:07:00,1201,PE,Eletrônicos,fone,2,1377.47,10,enviado,marketplace
3055,2026-04-22 06:34:00,1457,PR,Eletrônicos,mouse,4,1361.41,10,entregue,aplicativo
3056,2026-04-29 14:54:00,1992,SP,Livros,biografia,2,847.72,0,pago,aplicativo
3057,2026-04-26 10:40:00,1359,RJ,Casa,organizador,3,67.29,0,pago,aplicativo
3058,2026-04-30 22:38:00,1189,RJ,Livros,livro técnico,3,322.48,0,pago,site
3059,2026-04-13 01:15:00,1790,PR,Esportes,mochila,2,1128.39,10,entregue,site
3060,2026-04-05 13:50:00,1114,MG,Eletrônicos,mouse,2,988.66,10,pago,aplicativo
3061,2026-04-17 06:59:00,1189,SC,Casa,organizador,3,231.99,5,cancelado,site
3062,2026-04-03 07:49:00,1536,BA,Livros,livro técnico,4,342.93,0,entregue,aplicativo
3063,2026-04-04 15:39:00,1265,GO,Livros,romance,1,1199.3,15,pago,marketplace
3064,2026-04-05 06:25:00,1080,SC,Casa,organizador,3,522.59,0,entregue,marketplace
3065,2026-04-21 15:37:00,1715,SP,Casa,cafeteira,4,212.21,0,pago,aplicativo
3066,2026-04-12 06:16:00,1452,PE,Esportes,garrafa,4,152.25,0,pago,marketplace
3067,2026-04-18 01:06:00,1986,GO,Livros,romance,2,1143.97,0,pago,site
3068,2026-04-24 09:05:00,1263,RJ,Esportes,garrafa,5,1463.8,15,cancelado,aplicativo
3069,2026-04-27 19:30:00,1636,SP,Casa,luminária,4,860.82,0,cancelado,site
3070,2026-04-29 03:31:00,1612,BA,Eletrônicos,fone,1,659.38,5,pago,aplicativo
3071,2026-04-16 00:22:00,1738,MG,Livros,livro técnico,2,1372.43,15,cancelado,aplicativo
3072,2026-04-05 13:10:00,1970,MG,Casa,cafeteira,2,427.79,0,pago,aplicativo
3073,2026-04-05 02:47:00,1673,PE,Papelaria,caneta,2,95.2,0,enviado,aplicativo
3074,2026-04-03 02:27:00,1879,MG,Livros,romance,5,271.8,15,enviado,site
3075,2026-04-07 00:44:00,1482,BA,Casa,organizador,3,667.93,5,enviado,marketplace
3076,2026-04-06 00:22:00,1735,BA,Papelaria,caderno,3,889.8,15,entregue,marketplace
3077,2026-04-04 20:55:00,1533,PR,Livros,livro técnico,3,380.61,10,entregue,site
3078,2026-04-30 17:26:00,1876,MG,Eletrônicos,fone,5,730.88,0,pago,aplicativo
3079,2026-04-07 16:38:00,1699,RJ,Eletrônicos,teclado,4,911.39,5,entregue,site
3080,2026-04-08 08:38:00,1521,RJ,Esportes,garrafa,4,220.47,10,pago,marketplace
3081,2026-04-23 21:52:00,1500,PR,Eletrônicos,mouse,5,241.87,0,enviado,aplicativo
3082,2026-04-15 15:59:00,1453,PR,Papelaria,caderno,4,658.37,5,pago,site
3083,2026-04-26 16:59:00,1526,SC,Livros,livro técnico,4,11.46,15,entregue,aplicativo
3084,2026-04-29 03:50:00,1860,RJ,Papelaria,agenda,3,1296.45,0,entregue,aplicativo
3085,2026-04-01 11:18:00,1828,MG,Livros,livro técnico,1,205.09,15,cancelado,marketplace
3086,2026-04-26 12:10:00,1506,SP,Papelaria,caderno,2,1119.72,0,entregue,site
3087,2026-04-15 09:23:00,1515,GO,Casa,cafeteira,4,1144.24,0,enviado,marketplace
3088,2026-04-01 09:17:00,1619,PR,Eletrônicos,teclado,3,618.05,15,cancelado,marketplace
3089,2026-04-29 11:08:00,1070,MG,Livros,romance,2,1185.32,10,pago,site
3090,2026-04-26 00:09:00,1680,MG,Eletrônicos,fone,4,267.06,0,entregue,site
3091,2026-04-13 18:43:00,1384,SP,Casa,luminária,1,822.78,0,enviado,site
3092,2026-04-25 08:49:00,1673,MG,Eletrônicos,fone,3,1196.18,0,pago,marketplace
3093,2026-04-04 11:52:00,1902,GO,Casa,cafeteira,5,191.12,15,cancelado,site
3094,2026-04-11 19:28:00,1550,RJ,Esportes,garrafa,4,1485.63,15,cancelado,marketplace
3095,2026-04-24 05:21:00,1606,PE,Eletrônicos,teclado,4,648.33,0,pago,site
3096,2026-04-06 21:20:00,1082,PE,Eletrônicos,teclado,1,1173.01,5,pago,aplicativo
3097,2026-04-11 23:43:00,1275,BA,Eletrônicos,teclado,1,1193.74,15,entregue,site
3098,2026-04-21 21:06:00,1006,BA,Casa,luminária,1,1149.47,10,pago,marketplace
3099,2026-04-14 19:58:00,1370,PE,Livros,biografia,3,636.27,5,enviado,marketplace
3100,2026-04-16 09:39:00,1398,RJ,Esportes,tapete,5,287.24,5,cancelado,site
3101,2026-04-21 07:18:00,1751,RJ,Casa,organizador,5,755.71,0,cancelado,site
3102,2026-04-19 05:46:00,1109,MG,Papelaria,caneta,4,1149.72,5,cancelado,marketplace
3103,2026-04-17 22:36:00,1372,SC,Casa,luminária,2,693.56,0,cancelado,marketplace
3104,2026-04-08 13:10:00,1746,MG,Livros,livro técnico,2,1034.21,15,entregue,marketplace
3105,2026-04-14 17:47:00,1304,GO,Esportes,garrafa,4,272.1,5,enviado,marketplace
3106,2026-04-14 12:14:00,1974,RJ,Casa,luminária,1,1210.25,5,pago,marketplace
3107,2026-04-29 11:59:00,1687,RJ,Livros,livro técnico,3,286.5,10,enviado,site
3108,2026-04-25 04:56:00,1754,GO,Papelaria,caneta,2,1331.89,5,entregue,aplicativo
3109,2026-04-18 16:07:00,1320,GO,Eletrônicos,teclado,5,1465.67,5,cancelado,site
3110,2026-04-26 02:03:00,1572,PR,Casa,organizador,1,52.18,10,enviado,aplicativo
3111,2026-04-11 08:51:00,1411,PR,Papelaria,agenda,1,1150.61,10,enviado,marketplace
3112,2026-04-28 00:39:00,1116,MG,Casa,cafeteira,4,1403.21,5,entregue,marketplace
3113,2026-04-03 22:21:00,1044,PE,Casa,organizador,1,571.91,15,enviado,marketplace
3114,2026-04-25 17:20:00,1462,MG,Eletrônicos,fone,2,775.21,0,cancelado,site
3115,2026-04-01 22:18:00,1089,RJ,Papelaria,caderno,4,1047.82,5,pago,aplicativo
3116,2026-04-21 09:33:00,1538,PE,Livros,biografia,5,720.83,0,cancelado,marketplace
3117,2026-04-15 08:51:00,1165,MG,Papelaria,caderno,1,740.6,0,entregue,marketplace
3118,2026-04-20 00:01:00,1364,RJ,Esportes,tapete,5,933.52,15,pago,site
3119,2026-04-23 09:57:00,1216,BA,Esportes,garrafa,4,1293.74,0,cancelado,site
3120,2026-04-28 03:24:00,1472,BA,Eletrônicos,fone,3,678.46,0,cancelado,site
3121,2026-04-14 21:14:00,1623,GO,Esportes,mochila,2,737.13,10,pago,site
3122,2026-04-24 22:02:00,1873,SP,Papelaria,caderno,4,800.3,0,pago,site
3123,2026-04-01 14:09:00,1511,RJ,Casa,cafeteira,4,1486.75,0,enviado,marketplace
3124,2026-04-18 16:54:00,1227,PR,Casa,luminária,4,1382.18,0,pago,aplicativo
3125,2026-04-15 23:49:00,1274,SP,Papelaria,agenda,1,472.6,10,pago,site
3126,2026-04-08 10:24:00,1615,BA,Esportes,mochila,3,563.64,0,enviado,aplicativo
3127,2026-04-28 04:50:00,1939,RJ,Esportes,garrafa,2,727.93,0,enviado,marketplace
3128,2026-04-15 15:52:00,1795,BA,Casa,luminária,1,662.54,0,pago,marketplace
3129,2026-04-26 09:06:00,1901,RJ,Casa,organizador,3,1249.79,5,enviado,site
3130,2026-04-09 13:12:00,1415,SP,Casa,cafeteira,1,1047.36,5,enviado,marketplace
3131,2026-04-17 07:02:00,1264,RJ,Papelaria,caneta,2,1087.76,10,entregue,aplicativo
3132,2026-04-15 06:55:00,1398,PR,Casa,luminária,1,908.63,0,cancelado,marketplace
3133,2026-04-16 08:49:00,1793,SP,Esportes,mochila,5,648.69,15,entregue,aplicativo
3134,2026-04-22 03:42:00,1138,PE,Papelaria,agenda,1,847.98,15,enviado,marketplace
3135,2026-04-23 00:03:00,1651,PR,Eletrônicos,teclado,3,979.77,0,cancelado,aplicativo
3136,2026-04-04 00:40:00,1898,PR,Papelaria,caderno,2,1444.86,5,enviado,aplicativo
3137,2026-04-22 18:20:00,1709,MG,Esportes,garrafa,1,723.44,0,entregue,site
3138,2026-04-07 00:50:00,1666,MG,Casa,organizador,2,1105.11,0,pago,marketplace
3139,2026-04-11 10:42:00,1830,SP,Papelaria,agenda,4,1013.83,0,enviado,marketplace
3140,2026-04-15 05:31:00,1315,SP,Casa,organizador,1,1338.42,0,entregue,aplicativo
3141,2026-04-14 11:53:00,1779,PE,Livros,livro técnico,2,1007.41,15,pago,site
3142,2026-04-17 17:47:00,1007,PE,Livros,livro técnico,4,622.92,15,pago,site
3143,2026-04-30 22:01:00,1066,BA,Papelaria,caneta,4,1484.64,0,entregue,site
3144,2026-04-16 23:59:00,1197,RJ,Livros,romance,2,706.51,0,entregue,marketplace
3145,2026-04-15 18:45:00,1095,SP,Casa,organizador,5,1364.85,0,cancelado,site
3146,2026-04-30 06:19:00,1204,BA,Eletrônicos,fone,4,486.09,0,enviado,marketplace
3147,2026-04-08 23:36:00,1036,MG,Papelaria,agenda,2,725.62,15,cancelado,aplicativo
3148,2026-04-20 06:29:00,1614,MG,Papelaria,agenda,2,859.07,0,enviado,marketplace
3149,2026-04-26 21:09:00,1256,RJ,Esportes,garrafa,1,941.42,10,enviado,marketplace
3150,2026-04-11 11:45:00,1802,PE,Eletrônicos,mouse,2,427.86,15,enviado,aplicativo
3151,2026-04-20 07:49:00,1689,MG,Eletrônicos,teclado,5,1119.57,0,cancelado,site
3152,2026-04-24 13:07:00,1551,PR,Casa,organizador,2,393.46,5,entregue,site
3153,2026-04-20 20:25:00,1924,PE,Papelaria,caneta,1,766.52,0,entregue,site
3154,2026-04-26 13:52:00,1180,GO,Livros,livro técnico,5,1417.62,10,entregue,aplicativo
3155,2026-04-13 05:48:00,1209,BA,Eletrônicos,teclado,1,870.65,0,enviado,marketplace
3156,2026-04-17 23:39:00,1623,PE,Papelaria,agenda,4,1266.86,0,enviado,marketplace
3157,2026-04-20 04:52:00,1290,BA,Esportes,mochila,2,490.85,0,cancelado,aplicativo
3158,2026-04-12 18:28:00,1468,RJ,Livros,livro técnico,5,789.32,0,pago,marketplace
3159,2026-04-13 11:14:00,1139,SC,Papelaria,caneta,2,1402.5,0,cancelado,marketplace
3160,2026-04-20 17:38:00,1440,SC,Esportes,mochila,5,812.95,10,entregue,aplicativo
3161,2026-04-05 20:19:00,1468,SP,Eletrônicos,teclado,4,880.52,0,entregue,marketplace
3162,2026-04-04 16:14:00,1026,PR,Esportes,garrafa,5,398.46,15,cancelado,site
3163,2026-04-22 20:45:00,1849,BA,Livros,romance,4,653.88,0,pago,marketplace
3164,2026-04-25 16:54:00,1745,GO,Livros,livro técnico,1,1032.48,5,cancelado,marketplace
3165,2026-04-26 14:55:00,1908,MG,Livros,romance,2,433.29,0,entregue,marketplace
3166,2026-04-24 12:50:00,1335,SP,Esportes,mochila,3,493.07,0,entregue,aplicativo
3167,2026-04-27 05:48:00,1809,PR,Esportes,mochila,4,521.3,0,enviado,marketplace
3168,2026-04-26 12:45:00,1445,RJ,Livros,livro técnico,4,1248.84,10,enviado,aplicativo
3169,2026-04-14 16:24:00,1981,SP,Esportes,garrafa,2,502.35,15,enviado,marketplace
3170,2026-04-23 07:45:00,1438,MG,Livros,biografia,4,1313.07,0,pago,marketplace
3171,2026-04-24 13:01:00,1662,PE,Esportes,garrafa,5,374.3,15,cancelado,marketplace
3172,2026-04-18 12:55:00,1200,BA,Eletrônicos,mouse,5,532.68,0,pago,site
3173,2026-04-20 23:48:00,1562,GO,Eletrônicos,fone,5,506.86,10,enviado,site
3174,2026-04-23 22:11:00,1880,BA,Livros,biografia,2,1360.76,15,cancelado,aplicativo
3175,2026-04-18 02:44:00,1777,SC,Livros,biografia,1,1338.39,5,entregue,aplicativo
3176,2026-04-09 20:13:00,1765,GO,Casa,luminária,2,388.06,15,entregue,site
3177,2026-04-19 08:08:00,1520,GO,Papelaria,caneta,2,356.62,10,pago,marketplace
3178,2026-04-11 02:51:00,1379,SC,Casa,luminária,4,142.28,15,pago,aplicativo
3179,2026-04-21 07:41:00,1308,PE,Casa,luminária,3,696.87,5,enviado,marketplace
3180,2026-04-18 15:56:00,1250,GO,Esportes,garrafa,4,811.89,15,pago,marketplace
3181,2026-04-28 13:19:00,1500,SC,Papelaria,agenda,3,1177.5,0,entregue,marketplace
3182,2026-04-11 21:31:00,1963,PE,Livros,biografia,5,1072.16,0,entregue,site
3183,2026-04-21 22:06:00,1806,PE,Esportes,mochila,1,1443.83,0,cancelado,aplicativo
3184,2026-04-26 09:01:00,1486,PE,Esportes,tapete,1,405.06,0,pago,aplicativo
3185,2026-04-17 03:25:00,1082,PE,Esportes,tapete,5,673.28,0,entregue,site
3186,2026-04-22 10:39:00,1784,PR,Eletrônicos,teclado,2,98.5,10,pago,site
3187,2026-04-13 15:23:00,1756,SP,Eletrônicos,mouse,4,565.17,0,enviado,site
3188,2026-04-12 23:41:00,1351,PR,Livros,biografia,5,1474.95,0,cancelado,aplicativo
3189,2026-04-09 04:55:00,1935,PR,Casa,organizador,2,1412.82,5,pago,marketplace
3190,2026-04-12 20:14:00,1477,SP,Eletrônicos,fone,5,1107.93,0,pago,marketplace
3191,2026-04-27 14:52:00,1771,BA,Casa,organizador,4,125.92,10,cancelado,aplicativo
3192,2026-04-25 22:08:00,1104,BA,Eletrônicos,fone,5,330.4,5,entregue,aplicativo
3193,2026-04-15 04:44:00,1747,PE,Esportes,garrafa,4,678.53,0,cancelado,marketplace
3194,2026-04-01 00:03:00,1287,SC,Esportes,mochila,5,623.3,15,cancelado,marketplace
3195,2026-04-28 22:46:00,1016,BA,Casa,cafeteira,2,559.6,0,entregue,site
3196,2026-04-29 03:55:00,1069,PE,Papelaria,agenda,2,1055.06,15,enviado,site
3197,2026-04-09 11:05:00,1508,GO,Casa,cafeteira,3,1284.49,0,entregue,aplicativo
3198,2026-04-25 08:23:00,1432,MG,Casa,cafeteira,2,109.96,0,entregue,site
3199,2026-04-25 05:00:00,1397,GO,Casa,luminária,1,469.41,0,cancelado,site
3200,2026-04-27 21:17:00,1858,RJ,Casa,cafeteira,3,686.14,15,entregue,site
3201,2026-04-14 14:50:00,1885,PE,Livros,romance,2,13.97,0,entregue,aplicativo
3202,2026-04-08 13:50:00,1938,PR,Eletrônicos,fone,5,726.47,0,entregue,site
3203,2026-04-19 11:46:00,1423,PE,Papelaria,agenda,4,723.81,0,enviado,site
3204,2026-04-04 11:23:00,1517,PR,Casa,organizador,1,220.62,10,entregue,site
3205,2026-04-15 11:38:00,1547,RJ,Livros,romance,3,322.96,10,entregue,marketplace
3206,2026-04-06 09:54:00,1500,BA,Casa,cafeteira,3,1316.47,10,pago,marketplace
3207,2026-04-04 10:59:00,1938,MG,Papelaria,caneta,5,1469.02,0,entregue,marketplace
3208,2026-04-21 23:13:00,1353,MG,Eletrônicos,teclado,2,811.68,0,enviado,aplicativo
3209,2026-04-05 04:09:00,1560,SP,Papelaria,agenda,1,1489.2,10,pago,aplicativo
3210,2026-04-12 19:01:00,1130,MG,Esportes,garrafa,3,1372.94,0,entregue,marketplace
3211,2026-04-12 00:30:00,1781,SP,Esportes,mochila,5,1105.9,0,enviado,site
3212,2026-04-08 01:00:00,1483,PR,Papelaria,caneta,3,145.11,0,entregue,marketplace
3213,2026-04-09 22:47:00,1255,RJ,Esportes,garrafa,3,1325.15,0,entregue,site
3214,2026-04-15 14:19:00,1228,SP,Eletrônicos,fone,2,97.74,0,entregue,site
3215,2026-04-25 05:59:00,1090,RJ,Esportes,tapete,1,928.79,15,cancelado,aplicativo
3216,2026-04-14 19:02:00,1679,BA,Papelaria,agenda,3,690.36,15,cancelado,site
3217,2026-04-14 19:35:00,1122,MG,Livros,romance,5,890.61,0,cancelado,marketplace
3218,2026-04-16 12:43:00,1156,SP,Papelaria,caneta,4,467.11,0,pago,site
3219,2026-04-18 09:43:00,1656,GO,Esportes,garrafa,5,148.99,0,enviado,site
3220,2026-04-06 14:53:00,1414,MG,Livros,livro técnico,4,1238.1,0,enviado,marketplace
3221,2026-04-23 17:16:00,1364,GO,Eletrônicos,mouse,2,979.07,5,cancelado,site
3222,2026-04-09 19:24:00,1646,PE,Eletrônicos,mouse,4,863.67,15,pago,marketplace
3223,2026-04-16 17:07:00,1582,PR,Eletrônicos,fone,2,996.45,15,entregue,aplicativo
3224,2026-04-26 02:07:00,1642,SC,Casa,luminária,1,1058.15,0,enviado,site
3225,2026-04-22 02:02:00,1934,PE,Eletrônicos,mouse,5,516.0,5,enviado,aplicativo
3226,2026-04-22 01:48:00,1961,RJ,Casa,cafeteira,2,918.99,0,entregue,aplicativo
3227,2026-04-03 00:49:00,1339,SP,Casa,cafeteira,2,1371.16,10,cancelado,site
3228,2026-04-14 02:36:00,1565,SP,Esportes,garrafa,2,1189.03,0,entregue,site
3229,2026-04-14 16:09:00,1907,SC,Esportes,tapete,3,682.22,5,entregue,site
3230,2026-04-12 16:54:00,1891,RJ,Papelaria,caderno,5,1458.36,10,entregue,aplicativo
3231,2026-04-12 19:32:00,1209,SP,Esportes,mochila,1,1351.86,0,entregue,aplicativo
3232,2026-04-24 10:19:00,1572,SC,Casa,luminária,5,767.9,10,cancelado,marketplace
3233,2026-04-20 08:50:00,1713,PR,Esportes,tapete,1,316.95,15,pago,aplicativo
3234,2026-04-27 22:09:00,1023,RJ,Casa,luminária,1,1201.05,0,cancelado,site
3235,2026-04-27 19:28:00,1283,SC,Livros,romance,1,1132.96,10,pago,site
3236,2026-04-10 10:26:00,1337,RJ,Papelaria,caderno,3,1286.69,10,entregue,marketplace
3237,2026-04-08 16:02:00,1973,PE,Casa,cafeteira,3,119.39,15,pago,aplicativo
3238,2026-04-03 04:11:00,1980,BA,Esportes,mochila,2,468.36,0,enviado,marketplace
3239,2026-04-19 14:33:00,1485,PR,Livros,livro técnico,1,1231.91,0,enviado,site
3240,2026-04-01 08:32:00,1827,PE,Esportes,tapete,5,1141.12,5,cancelado,aplicativo
3241,2026-04-07 19:01:00,1607,MG,Esportes,mochila,3,1163.7,15,enviado,site
3242,2026-04-25 10:01:00,1922,SP,Papelaria,caderno,1,795.14,0,enviado,aplicativo
3243,2026-04-20 21:05:00,1919,BA,Casa,luminária,4,807.41,0,cancelado,aplicativo
3244,2026-04-23 12:54:00,1514,SP,Esportes,mochila,5,1424.14,0,entregue,marketplace
3245,2026-04-13 05:36:00,1751,PE,Casa,organizador,5,494.93,10,cancelado,aplicativo
3246,2026-04-11 12:22:00,1365,PR,Casa,luminária,1,1407.07,0,entregue,marketplace
3247,2026-04-29 14:29:00,1162,SC,Livros,biografia,3,810.8,5,entregue,site
3248,2026-04-29 22:48:00,1298,GO,Eletrônicos,mouse,2,648.53,0,pago,marketplace
3249,2026-04-29 03:54:00,1504,GO,Eletrônicos,mouse,3,508.62,0,cancelado,aplicativo
3250,2026-04-17 07:14:00,1797,GO,Livros,livro técnico,3,1331.21,10,cancelado,aplicativo
3251,2026-04-20 10:08:00,1243,SP,Papelaria,agenda,1,852.93,0,entregue,marketplace
3252,2026-04-03 18:39:00,1855,RJ,Papelaria,caderno,4,1178.58,0,pago,marketplace
3253,2026-04-22 15:15:00,1667,MG,Livros,biografia,2,1383.73,0,enviado,marketplace
3254,2026-04-10 18:48:00,1312,MG,Livros,biografia,4,578.54,10,pago,marketplace
3255,2026-04-20 20:06:00,1670,SP,Papelaria,caneta,1,1208.65,10,pago,aplicativo
3256,2026-04-09 22:40:00,1931,PE,Eletrônicos,fone,5,17.46,0,enviado,aplicativo
3257,2026-04-24 23:36:00,1408,GO,Casa,organizador,4,165.45,0,entregue,aplicativo
3258,2026-04-01 17:13:00,1353,PR,Livros,romance,5,239.82,5,pago,marketplace
3259,2026-04-13 03:59:00,1953,GO,Esportes,tapete,2,748.7,0,entregue,marketplace
3260,2026-04-14 14:29:00,1639,RJ,Casa,organizador,1,902.96,0,entregue,aplicativo
3261,2026-04-29 12:20:00,1947,MG,Esportes,mochila,5,553.0,0,enviado,site
3262,2026-04-30 12:53:00,1858,PR,Livros,romance,5,376.39,0,cancelado,aplicativo
3263,2026-04-25 23:40:00,1142,RJ,Livros,romance,2,585.55,5,entregue,site
3264,2026-04-19 02:21:00,1489,PE,Papelaria,caneta,3,1125.1,0,cancelado,marketplace
3265,2026-04-22 20:49:00,1850,BA,Papelaria,caderno,1,1002.79,10,pago,marketplace
3266,2026-04-21 18:09:00,1494,BA,Papelaria,caderno,3,112.1,10,entregue,aplicativo
3267,2026-04-28 11:44:00,1799,MG,Eletrônicos,teclado,3,316.95,0,cancelado,aplicativo
3268,2026-04-09 02:15:00,1532,PR,Papelaria,agenda,5,1173.13,0,cancelado,aplicativo
3269,2026-04-20 18:27:00,1358,GO,Esportes,tapete,3,877.7,0,cancelado,site
3270,2026-04-14 18:56:00,1742,PE,Livros,romance,2,961.58,0,enviado,aplicativo
3271,2026-04-30 21:53:00,1504,RJ,Papelaria,caneta,3,1291.14,10,enviado,site
3272,2026-04-13 02:08:00,1786,SP,Eletrônicos,mouse,4,613.32,15,enviado,aplicativo
3273,2026-04-10 13:55:00,1368,SC,Eletrônicos,teclado,4,196.23,0,pago,site
3274,2026-04-30 06:49:00,1258,SC,Eletrônicos,teclado,4,1289.62,0,entregue,site
3275,2026-04-12 22:37:00,1710,SC,Eletrônicos,mouse,2,267.69,0,cancelado,marketplace
3276,2026-04-12 14:02:00,1106,PR,Livros,romance,3,412.84,15,cancelado,aplicativo
3277,2026-04-25 07:14:00,1336,BA,Eletrônicos,teclado,4,328.86,15,entregue,site
3278,2026-04-25 09:53:00,1375,BA,Casa,luminária,3,833.5,15,entregue,aplicativo
3279,2026-04-23 04:48:00,1370,RJ,Papelaria,caneta,4,609.65,0,entregue,marketplace
3280,2026-04-19 16:25:00,1171,PR,Eletrônicos,fone,2,1115.08,15,entregue,aplicativo
3281,2026-04-01 19:55:00,1476,RJ,Eletrônicos,teclado,3,606.67,10,cancelado,marketplace
3282,2026-04-23 10:09:00,1685,SC,Eletrônicos,teclado,2,1461.55,0,entregue,marketplace
3283,2026-04-16 11:25:00,1042,PR,Livros,biografia,4,1408.86,0,cancelado,site
3284,2026-04-02 03:44:00,1195,GO,Eletrônicos,teclado,1,38.75,5,entregue,marketplace
3285,2026-04-02 18:56:00,1776,RJ,Eletrônicos,mouse,4,1127.06,5,cancelado,marketplace
3286,2026-04-02 12:31:00,1500,GO,Livros,biografia,5,275.37,10,entregue,aplicativo
3287,2026-04-08 02:29:00,1112,BA,Eletrônicos,teclado,5,1217.53,0,cancelado,aplicativo
3288,2026-04-12 09:03:00,1361,PR,Esportes,mochila,4,735.34,0,entregue,marketplace
3289,2026-04-24 23:49:00,1608,GO,Livros,biografia,1,738.68,5,enviado,site
3290,2026-04-10 18:10:00,1276,RJ,Papelaria,agenda,2,353.42,0,pago,site
3291,2026-04-04 09:16:00,1278,PR,Papelaria,caderno,1,909.37,0,enviado,aplicativo
3292,2026-04-11 07:37:00,1442,GO,Livros,biografia,2,477.34,15,cancelado,aplicativo
3293,2026-04-13 04:45:00,1532,SP,Eletrônicos,mouse,2,1058.35,15,pago,marketplace
3294,2026-04-11 09:23:00,1823,BA,Eletrônicos,teclado,4,1266.79,10,enviado,aplicativo
3295,2026-04-08 22:10:00,1997,BA,Eletrônicos,mouse,2,1423.39,15,cancelado,site
3296,2026-04-13 00:48:00,1724,RJ,Esportes,mochila,2,1330.67,10,cancelado,aplicativo
3297,2026-04-05 00:37:00,1829,MG,Papelaria,caderno,2,1435.8,0,pago,aplicativo
3298,2026-04-08 05:44:00,1824,GO,Casa,organizador,1,1385.68,10,cancelado,marketplace
3299,2026-04-07 16:17:00,1863,BA,Papelaria,agenda,5,1299.07,5,entregue,aplicativo
3300,2026-04-29 15:09:00,1279,GO,Livros,biografia,3,1053.1,0,entregue,marketplace
3301,2026-04-14 00:50:00,1946,RJ,Livros,romance,1,785.95,15,entregue,site
3302,2026-04-21 11:40:00,1192,SP,Casa,organizador,3,225.13,0,pago,marketplace
3303,2026-04-21 05:34:00,1857,GO,Papelaria,caderno,5,458.35,0,entregue,aplicativo
3304,2026-04-18 09:14:00,1686,MG,Eletrônicos,teclado,2,51.57,0,entregue,marketplace
3305,2026-04-10 00:37:00,1248,BA,Papelaria,caderno,3,1462.42,0,pago,site
3306,2026-04-25 15:41:00,1212,GO,Esportes,garrafa,1,301.44,10,cancelado,aplicativo
3307,2026-04-22 23:27:00,1047,SP,Livros,romance,4,995.49,5,cancelado,site
3308,2026-04-22 03:56:00,1386,MG,Papelaria,caderno,5,566.03,5,cancelado,marketplace
3309,2026-04-03 23:44:00,1651,GO,Esportes,mochila,2,1438.11,5,enviado,site
3310,2026-04-24 19:51:00,1865,GO,Livros,biografia,5,83.5,0,pago,marketplace
3311,2026-04-11 02:53:00,1045,PR,Esportes,mochila,2,586.81,0,entregue,aplicativo
3312,2026-04-20 13:01:00,1478,PE,Livros,biografia,1,887.35,0,cancelado,site
3313,2026-04-11 11:58:00,1623,SP,Livros,biografia,4,1179.09,0,pago,marketplace
3314,2026-04-01 16:53:00,1234,PE,Esportes,mochila,2,511.08,15,pago,marketplace
3315,2026-04-03 09:58:00,1126,RJ,Papelaria,caneta,3,842.39,0,enviado,aplicativo
3316,2026-04-27 09:03:00,1400,SC,Papelaria,caderno,1,698.93,0,pago,aplicativo
3317,2026-04-28 05:34:00,1254,GO,Casa,luminária,2,1173.63,0,enviado,aplicativo
3318,2026-04-08 22:18:00,1115,GO,Eletrônicos,fone,5,1105.11,0,cancelado,aplicativo
3319,2026-04-01 11:25:00,1144,PR,Livros,biografia,2,1161.33,0,enviado,marketplace
3320,2026-04-29 06:54:00,1654,RJ,Livros,livro técnico,1,618.3,5,enviado,aplicativo
3321,2026-04-15 04:14:00,1346,PE,Eletrônicos,teclado,4,865.13,15,entregue,site
3322,2026-04-04 17:00:00,1311,SP,Eletrônicos,fone,1,234.31,10,enviado,site
3323,2026-04-16 00:54:00,1376,SC,Eletrônicos,mouse,5,871.5,0,entregue,marketplace
3324,2026-04-23 10:14:00,1951,SC,Esportes,garrafa,1,1286.96,15,pago,site
3325,2026-04-19 16:42:00,1512,SC,Eletrônicos,teclado,1,1340.95,0,pago,site
3326,2026-04-18 09:13:00,1004,BA,Livros,biografia,1,1445.13,0,enviado,marketplace
3327,2026-04-15 14:21:00,1213,PR,Papelaria,agenda,4,583.93,0,pago,marketplace
3328,2026-04-21 19:43:00,1475,GO,Esportes,tapete,1,23.99,0,enviado,aplicativo
3329,2026-04-27 17:17:00,1818,SC,Livros,biografia,2,1265.71,15,cancelado,site
3330,2026-04-11 06:37:00,1181,PE,Eletrônicos,fone,5,1188.96,15,cancelado,aplicativo
3331,2026-04-16 11:40:00,1119,SP,Esportes,tapete,3,818.84,10,pago,marketplace
3332,2026-04-20 23:16:00,1742,PR,Livros,biografia,1,816.69,0,cancelado,site
3333,2026-04-08 09:09:00,1495,SP,Livros,romance,4,895.58,10,entregue,marketplace
3334,2026-04-19 19:42:00,1851,RJ,Livros,romance,1,170.18,5,cancelado,aplicativo
3335,2026-04-17 11:27:00,1296,BA,Livros,romance,4,518.72,0,cancelado,site
3336,2026-04-27 05:49:00,1215,PE,Casa,organizador,5,513.4,15,pago,site
3337,2026-04-28 17:01:00,1519,PE,Papelaria,caderno,4,797.35,0,cancelado,site
3338,2026-04-27 20:34:00,1746,MG,Esportes,tapete,4,110.84,10,enviado,aplicativo
3339,2026-04-02 12:53:00,1639,SC,Papelaria,caneta,4,1336.65,5,entregue,aplicativo
3340,2026-04-10 08:02:00,1583,GO,Eletrônicos,mouse,2,570.61,5,cancelado,marketplace
3341,2026-04-21 05:00:00,1071,RJ,Casa,cafeteira,1,1420.07,0,entregue,site
3342,2026-04-28 04:09:00,1429,MG,Casa,cafeteira,2,994.43,0,cancelado,marketplace
3343,2026-04-10 04:19:00,1167,PR,Casa,organizador,2,1029.77,0,pago,site
3344,2026-04-27 19:46:00,1951,PR,Casa,cafeteira,3,427.09,0,cancelado,marketplace
3345,2026-04-26 18:13:00,1997,PE,Eletrônicos,teclado,2,1023.28,0,cancelado,marketplace
3346,2026-04-06 22:33:00,1195,BA,Livros,biografia,4,811.15,5,entregue,site
3347,2026-04-05 02:40:00,1139,BA,Papelaria,caneta,2,728.77,0,pago,aplicativo
3348,2026-04-25 04:03:00,1907,BA,Livros,romance,3,802.25,0,enviado,site
3349,2026-04-29 18:02:00,1771,SP,Eletrônicos,mouse,3,258.41,0,entregue,site
3350,2026-04-15 17:52:00,1253,SC,Papelaria,caderno,4,1142.6,0,enviado,aplicativo
3351,2026-04-22 19:55:00,1570,GO,Livros,livro técnico,5,799.75,5,cancelado,site
3352,2026-04-11 09:47:00,1739,MG,Casa,luminária,2,192.29,0,cancelado,site
3353,2026-04-15 20:06:00,1573,GO,Eletrônicos,mouse,4,1384.53,10,enviado,marketplace
3354,2026-04-24 20:52:00,1795,SC,Esportes,mochila,2,1380.33,10,cancelado,site
3355,2026-04-08 04:02:00,1824,PE,Eletrônicos,teclado,5,549.82,5,enviado,marketplace
3356,2026-04-27 06:42:00,1401,PE,Eletrônicos,teclado,3,181.13,0,enviado,site
3357,2026-04-26 08:04:00,1518,SP,Casa,cafeteira,4,16.69,0,pago,marketplace
3358,2026-04-24 23:42:00,1499,PE,Eletrônicos,fone,3,1030.31,0,pago,site
3359,2026-04-30 20:37:00,1770,SP,Casa,cafeteira,1,1087.51,5,entregue,aplicativo
3360,2026-04-04 00:59:00,1407,PE,Livros,romance,5,752.45,0,pago,site
3361,2026-04-19 21:20:00,1134,SC,Livros,romance,3,978.85,0,pago,aplicativo
3362,2026-04-26 23:51:00,1458,PE,Casa,organizador,3,264.51,0,enviado,marketplace
3363,2026-04-22 21:41:00,1547,BA,Esportes,garrafa,3,1105.07,0,enviado,site
3364,2026-04-24 02:31:00,1975,SC,Papelaria,caneta,2,1354.11,15,enviado,aplicativo
3365,2026-04-30 07:42:00,1010,GO,Papelaria,agenda,1,1195.48,0,entregue,aplicativo
3366,2026-04-11 10:15:00,1137,GO,Papelaria,caderno,4,122.46,15,entregue,marketplace
3367,2026-04-29 20:47:00,1471,SP,Eletrônicos,mouse,1,553.82,15,pago,marketplace
3368,2026-04-28 17:31:00,1867,SC,Esportes,tapete,2,51.29,0,entregue,site
3369,2026-04-03 02:29:00,1122,MG,Papelaria,caderno,5,1088.5,0,enviado,site
3370,2026-04-07 19:10:00,1992,SC,Casa,cafeteira,1,1248.7,10,enviado,aplicativo
3371,2026-04-24 00:09:00,1165,RJ,Papelaria,caneta,3,807.93,15,entregue,aplicativo
3372,2026-04-20 12:58:00,1862,PR,Eletrônicos,fone,5,972.43,0,entregue,marketplace
3373,2026-04-22 05:42:00,1342,SC,Casa,luminária,3,1047.03,0,entregue,site
3374,2026-04-22 06:54:00,1846,PR,Livros,biografia,5,623.95,5,enviado,aplicativo
3375,2026-04-24 12:50:00,1947,PR,Papelaria,caderno,1,274.95,15,cancelado,marketplace
3376,2026-04-30 09:20:00,1444,SC,Esportes,garrafa,4,266.06,0,entregue,site
3377,2026-04-29 15:45:00,1904,BA,Livros,livro técnico,3,937.73,5,cancelado,site
3378,2026-04-17 11:17:00,1487,RJ,Papelaria,caneta,3,1356.97,15,entregue,site
3379,2026-04-30 11:20:00,1044,MG,Papelaria,agenda,5,1374.53,0,enviado,aplicativo
3380,2026-04-01 20:29:00,1656,PE,Papelaria,agenda,2,446.59,10,cancelado,site
3381,2026-04-03 06:26:00,1581,PE,Eletrônicos,mouse,1,906.1,5,entregue,aplicativo
3382,2026-04-19 21:30:00,1130,PE,Casa,organizador,2,614.22,15,enviado,site
3383,2026-04-28 00:41:00,1157,SP,Livros,romance,2,624.76,10,enviado,site
3384,2026-04-13 05:11:00,1945,SP,Papelaria,caderno,1,1021.37,0,cancelado,site
3385,2026-04-06 04:08:00,1770,SC,Eletrônicos,mouse,2,1231.19,5,entregue,site
3386,2026-04-15 22:32:00,1431,SP,Livros,romance,1,954.86,10,entregue,site
3387,2026-04-10 21:29:00,1337,PE,Papelaria,caderno,4,1203.68,0,enviado,marketplace
3388,2026-04-12 00:43:00,1854,BA,Papelaria,agenda,5,631.71,5,cancelado,aplicativo
3389,2026-04-12 08:11:00,1883,SP,Eletrônicos,teclado,2,257.58,0,entregue,aplicativo
3390,2026-04-15 18:22:00,1010,SP,Casa,organizador,2,223.44,10,pago,marketplace
3391,2026-04-29 22:51:00,1056,GO,Eletrônicos,mouse,3,1265.22,5,pago,marketplace
3392,2026-04-07 15:05:00,1462,SC,Livros,romance,2,1264.63,15,entregue,aplicativo
3393,2026-04-03 09:20:00,1731,PE,Livros,biografia,2,965.53,0,cancelado,marketplace
3394,2026-04-07 12:51:00,1741,SP,Esportes,mochila,4,669.88,0,entregue,marketplace
3395,2026-04-09 22:34:00,1313,PR,Casa,cafeteira,5,606.37,0,entregue,aplicativo
3396,2026-04-27 20:23:00,1885,MG,Casa,cafeteira,3,270.03,5,enviado,aplicativo
3397,2026-04-12 07:00:00,1847,RJ,Esportes,garrafa,2,376.95,5,enviado,aplicativo
3398,2026-04-29 15:06:00,1919,PR,Livros,livro técnico,1,279.37,0,cancelado,aplicativo
3399,2026-04-07 22:36:00,1300,SC,Eletrônicos,fone,3,42.24,10,entregue,site
3400,2026-04-03 12:02:00,1247,PR,Esportes,garrafa,3,76.79,0,cancelado,site
3401,2026-04-07 00:15:00,1334,RJ,Casa,luminária,1,736.34,0,entregue,aplicativo
3402,2026-04-23 16:39:00,1055,PE,Livros,biografia,1,417.34,0,entregue,aplicativo
3403,2026-04-04 05:46:00,1080,MG,Esportes,tapete,3,1221.39,0,enviado,aplicativo
3404,2026-04-02 14:52:00,1963,SC,Casa,cafeteira,5,122.3,0,enviado,marketplace
3405,2026-04-16 21:31:00,1732,PR,Livros,livro técnico,3,920.75,0,pago,marketplace
3406,2026-04-16 03:55:00,1708,SC,Esportes,garrafa,3,543.33,0,cancelado,aplicativo
3407,2026-04-24 10:26:00,1646,MG,Casa,luminária,3,620.27,0,cancelado,site
3408,2026-04-04 09:18:00,1687,BA,Esportes,garrafa,4,363.8,0,pago,site
3409,2026-04-04 07:54:00,1320,SP,Esportes,tapete,3,239.23,0,cancelado,marketplace
3410,2026-04-30 16:18:00,1430,SC,Livros,biografia,4,1317.12,0,enviado,marketplace
3411,2026-04-20 05:26:00,1024,SP,Casa,cafeteira,5,66.53,0,pago,aplicativo
3412,2026-04-05 08:54:00,1869,SP,Esportes,mochila,2,903.84,5,pago,marketplace
3413,2026-04-02 17:47:00,1287,GO,Papelaria,caderno,1,584.95,0,pago,aplicativo
3414,2026-04-25 09:04:00,1751,BA,Papelaria,caneta,1,795.89,15,entregue,aplicativo
3415,2026-04-16 22:51:00,1642,SP,Papelaria,caderno,5,578.9,5,enviado,aplicativo
3416,2026-04-24 20:21:00,1035,SP,Esportes,garrafa,4,1424.38,15,cancelado,site
3417,2026-04-30 01:12:00,1567,RJ,Eletrônicos,mouse,3,676.67,15,enviado,aplicativo
3418,2026-04-20 02:43:00,1289,SP,Casa,organizador,4,778.49,15,pago,marketplace
3419,2026-04-19 05:16:00,1618,SC,Casa,luminária,5,1142.75,10,entregue,site
3420,2026-04-13 22:15:00,1622,PR,Livros,romance,4,697.56,0,entregue,aplicativo
3421,2026-04-26 16:21:00,1036,GO,Esportes,tapete,4,795.01,15,cancelado,aplicativo
3422,2026-04-26 12:57:00,1345,SC,Livros,livro técnico,1,135.16,0,entregue,aplicativo
3423,2026-04-28 15:40:00,1814,BA,Eletrônicos,teclado,4,318.77,0,enviado,site
3424,2026-04-29 11:33:00,1671,SC,Papelaria,caderno,2,886.97,0,pago,marketplace
3425,2026-04-16 21:44:00,1541,BA,Eletrônicos,fone,4,503.6,0,enviado,aplicativo
3426,2026-04-12 00:16:00,1018,PR,Esportes,tapete,1,574.01,15,cancelado,site
3427,2026-04-19 22:02:00,1110,BA,Papelaria,caderno,3,825.78,15,enviado,site
3428,2026-04-12 22:51:00,1680,SP,Eletrônicos,fone,2,1431.37,0,entregue,aplicativo
3429,2026-04-03 15:08:00,1350,PE,Eletrônicos,mouse,5,1488.9,10,pago,marketplace
3430,2026-04-26 01:21:00,1863,PR,Papelaria,agenda,5,1271.49,5,cancelado,site
3431,2026-04-22 18:26:00,1138,PE,Papelaria,agenda,4,155.12,0,pago,site
3432,2026-04-24 22:41:00,1225,SP,Livros,livro técnico,1,54.56,0,entregue,site
3433,2026-04-28 23:50:00,1314,PR,Livros,livro técnico,1,742.66,15,entregue,site
3434,2026-04-26 18:39:00,1984,GO,Esportes,mochila,3,1485.65,5,cancelado,site
3435,2026-04-23 14:20:00,1709,PR,Papelaria,agenda,3,158.67,10,cancelado,site
3436,2026-04-08 01:31:00,1463,BA,Casa,organizador,4,92.97,0,enviado,site
3437,2026-04-11 05:09:00,1918,PE,Eletrônicos,fone,1,564.7,15,cancelado,aplicativo
3438,2026-04-17 08:35:00,1080,BA,Eletrônicos,fone,5,850.15,0,entregue,site
3439,2026-04-08 13:19:00,1790,SP,Papelaria,agenda,3,113.48,5,cancelado,site
3440,2026-04-09 04:16:00,1222,MG,Papelaria,caderno,4,795.53,0,entregue,aplicativo
3441,2026-04-27 13:33:00,1570,GO,Papelaria,caderno,2,630.26,0,enviado,aplicativo
3442,2026-04-15 16:45:00,1849,PE,Esportes,mochila,3,461.37,0,enviado,site
3443,2026-04-26 06:33:00,1152,PE,Livros,biografia,5,820.89,5,enviado,marketplace
3444,2026-04-22 00:04:00,1240,SC,Eletrônicos,fone,1,457.3,0,enviado,site
3445,2026-04-02 10:28:00,1712,MG,Eletrônicos,mouse,4,1021.77,15,pago,aplicativo
3446,2026-04-12 07:28:00,1685,GO,Eletrônicos,mouse,1,581.02,0,entregue,aplicativo
3447,2026-04-26 20:15:00,1853,RJ,Eletrônicos,mouse,1,1223.73,10,enviado,marketplace
3448,2026-04-30 22:28:00,1692,MG,Livros,romance,3,1092.16,5,enviado,aplicativo
3449,2026-04-11 00:47:00,1268,RJ,Eletrônicos,fone,3,148.92,0,pago,site
3450,2026-04-05 17:07:00,1319,SP,Papelaria,agenda,3,1383.23,15,enviado,site
3451,2026-04-06 06:31:00,1455,SP,Livros,biografia,3,474.61,0,entregue,aplicativo
3452,2026-04-13 12:15:00,1811,SP,Eletrônicos,mouse,4,685.32,0,cancelado,marketplace
3453,2026-04-01 23:47:00,1202,RJ,Casa,luminária,3,1215.89,0,cancelado,aplicativo
3454,2026-04-06 16:41:00,1969,MG,Livros,romance,4,498.9,5,entregue,site
3455,2026-04-13 04:25:00,1027,PR,Esportes,mochila,2,1288.2,5,entregue,aplicativo
3456,2026-04-27 10:11:00,1628,SC,Papelaria,agenda,1,910.36,0,enviado,marketplace
3457,2026-04-11 09:51:00,1402,PE,Eletrônicos,mouse,1,286.87,15,cancelado,aplicativo
3458,2026-04-18 12:51:00,1017,PR,Eletrônicos,fone,2,645.67,5,entregue,site
3459,2026-04-30 09:29:00,1569,SP,Eletrônicos,mouse,3,738.48,5,enviado,site
3460,2026-04-02 05:13:00,1546,GO,Eletrônicos,fone,3,450.03,0,enviado,aplicativo
3461,2026-04-02 16:54:00,1397,PE,Casa,organizador,1,101.53,5,entregue,marketplace
3462,2026-04-28 06:45:00,1307,GO,Esportes,tapete,5,1226.3,10,entregue,marketplace
3463,2026-04-04 03:44:00,1478,SP,Livros,biografia,2,613.88,0,pago,site
3464,2026-04-01 04:17:00,1771,RJ,Esportes,tapete,4,734.57,0,cancelado,aplicativo
3465,2026-04-28 02:27:00,1202,PR,Papelaria,caneta,1,671.79,0,pago,site
3466,2026-04-27 02:40:00,1720,GO,Esportes,garrafa,1,1489.12,0,pago,site
3467,2026-04-14 01:03:00,1300,RJ,Eletrônicos,teclado,3,507.94,10,cancelado,aplicativo
3468,2026-04-11 13:48:00,1238,PE,Livros,livro técnico,5,1098.31,15,entregue,aplicativo
3469,2026-04-26 19:54:00,1111,SC,Casa,luminária,1,1229.63,15,enviado,aplicativo
3470,2026-04-03 12:30:00,1318,MG,Casa,luminária,4,943.5,0,enviado,marketplace
3471,2026-04-06 01:58:00,1980,SC,Esportes,mochila,4,360.68,5,enviado,marketplace
3472,2026-04-08 01:03:00,1279,SC,Livros,romance,2,1394.35,0,entregue,marketplace
3473,2026-04-12 02:04:00,1855,MG,Esportes,tapete,4,991.69,5,cancelado,marketplace
3474,2026-04-04 13:27:00,1947,PR,Eletrônicos,teclado,3,869.0,0,cancelado,marketplace
3475,2026-04-02 12:27:00,1440,SP,Esportes,tapete,3,552.12,15,pago,aplicativo
3476,2026-04-22 01:10:00,1622,MG,Casa,organizador,1,1322.45,0,cancelado,site
3477,2026-04-18 21:28:00,1714,PR,Livros,livro técnico,3,1127.67,5,entregue,aplicativo
3478,2026-04-25 08:29:00,1710,SC,Casa,cafeteira,1,161.42,0,entregue,aplicativo
3479,2026-04-11 12:04:00,1613,PR,Esportes,garrafa,3,995.5,5,pago,marketplace
3480,2026-04-19 02:12:00,1976,MG,Papelaria,caneta,3,490.01,10,pago,aplicativo
3481,2026-04-08 21:39:00,1398,SP,Eletrônicos,mouse,1,81.39,0,pago,marketplace
3482,2026-04-15 20:50:00,1434,RJ,Eletrônicos,fone,4,114.92,10,cancelado,site
3483,2026-04-12 11:39:00,1991,RJ,Papelaria,caneta,2,1421.86,0,pago,site
3484,2026-04-07 08:50:00,1670,PR,Papelaria,agenda,5,1282.0,15,cancelado,marketplace
3485,2026-04-26 12:24:00,1873,GO,Papelaria,caderno,4,200.51,15,enviado,site
3486,2026-04-12 22:36:00,1541,RJ,Eletrônicos,teclado,4,1017.64,5,enviado,marketplace
3487,2026-04-15 10:15:00,1742,GO,Esportes,tapete,1,912.8,0,pago,marketplace
3488,2026-04-07 08:35:00,1021,GO,Papelaria,caderno,2,1128.47,10,cancelado,aplicativo
3489,2026-04-18 11:52:00,1064,PR,Eletrônicos,teclado,1,241.76,5,entregue,site
3490,2026-04-11 20:45:00,1433,PR,Esportes,mochila,3,1370.46,10,pago,aplicativo
3491,2026-04-13 11:11:00,1015,PR,Esportes,tapete,2,345.74,10,pago,marketplace
3492,2026-04-11 09:09:00,1674,MG,Papelaria,agenda,3,218.47,10,enviado,marketplace
3493,2026-04-05 15:04:00,1179,GO,Esportes,tapete,5,368.2,10,entregue,marketplace
3494,2026-04-15 14:29:00,1865,MG,Papelaria,agenda,2,476.4,10,cancelado,aplicativo
3495,2026-04-24 16:14:00,1285,PR,Livros,romance,4,1152.45,15,cancelado,marketplace
3496,2026-04-04 09:14:00,1316,PR,Eletrônicos,fone,2,79.03,0,pago,marketplace
3497,2026-04-15 14:02:00,1575,SC,Papelaria,caderno,4,136.91,0,entregue,marketplace
3498,2026-04-03 12:56:00,1789,GO,Livros,biografia,2,1172.2,10,cancelado,marketplace
3499,2026-04-17 05:12:00,1590,RJ,Eletrônicos,fone,2,33.56,15,entregue,aplicativo
3500,2026-04-08 15:49:00,1119,GO,Casa,organizador,2,1330.62,5,cancelado,marketplace
3501,2026-04-07 15:12:00,1194,BA,Eletrônicos,fone,5,452.47,10,pago,site
3502,2026-04-16 16:30:00,1673,SC,Papelaria,caneta,4,1156.65,15,cancelado,marketplace
3503,2026-04-17 08:07:00,1500,BA,Casa,cafeteira,3,110.5,15,enviado,aplicativo
3504,2026-04-04 21:12:00,1075,RJ,Esportes,tapete,4,1016.36,5,cancelado,site
3505,2026-04-25 00:23:00,1435,MG,Casa,cafeteira,3,595.49,15,cancelado,aplicativo
3506,2026-04-08 07:06:00,1373,PE,Eletrônicos,fone,2,315.88,0,pago,marketplace
3507,2026-04-19 02:38:00,1979,PR,Eletrônicos,teclado,1,1117.24,10,enviado,marketplace
3508,2026-04-12 12:03:00,1652,MG,Casa,cafeteira,5,704.84,0,pago,site
3509,2026-04-24 17:50:00,1537,PR,Esportes,mochila,1,265.93,5,enviado,marketplace
3510,2026-04-14 05:25:00,1557,BA,Esportes,tapete,2,284.0,5,enviado,site
3511,2026-04-21 10:38:00,1865,SP,Eletrônicos,mouse,5,449.44,10,cancelado,aplicativo
3512,2026-04-08 06:56:00,1501,GO,Eletrônicos,teclado,2,947.55,0,pago,site
3513,2026-04-15 21:25:00,1361,BA,Papelaria,agenda,1,1029.8,0,pago,aplicativo
3514,2026-04-24 08:37:00,1117,PE,Eletrônicos,fone,5,1155.19,15,enviado,site
3515,2026-04-10 11:10:00,1706,SP,Esportes,garrafa,1,322.61,0,cancelado,site
3516,2026-04-15 15:58:00,1039,MG,Casa,luminária,5,354.06,15,enviado,marketplace
3517,2026-04-07 11:28:00,1898,PE,Livros,biografia,2,1493.69,0,enviado,marketplace
3518,2026-04-27 02:00:00,1144,SP,Eletrônicos,teclado,5,176.67,5,cancelado,site
3519,2026-04-20 09:36:00,1626,GO,Eletrônicos,teclado,5,712.16,15,entregue,site
3520,2026-04-01 01:34:00,1260,BA,Casa,luminária,3,1365.72,0,pago,aplicativo
3521,2026-04-18 19:02:00,1270,SC,Eletrônicos,teclado,1,55.64,10,entregue,aplicativo
3522,2026-04-02 06:00:00,1102,BA,Livros,biografia,1,739.8,0,enviado,marketplace
3523,2026-04-08 17:38:00,1528,SP,Esportes,mochila,5,203.09,0,pago,aplicativo
3524,2026-04-01 19:50:00,1669,GO,Eletrônicos,teclado,5,863.99,15,cancelado,site
3525,2026-04-16 00:20:00,1856,MG,Casa,luminária,3,564.99,15,enviado,marketplace
3526,2026-04-26 03:40:00,1957,SP,Casa,luminária,3,759.79,10,enviado,aplicativo
3527,2026-04-14 20:13:00,1240,BA,Esportes,mochila,3,1112.85,15,entregue,aplicativo
3528,2026-04-16 11:13:00,1764,PR,Esportes,garrafa,5,552.56,0,pago,site
3529,2026-04-15 18:34:00,1327,GO,Livros,livro técnico,2,699.88,15,enviado,aplicativo
3530,2026-04-04 18:03:00,1455,PE,Eletrônicos,fone,5,885.47,0,pago,aplicativo
3531,2026-04-24 02:19:00,1007,SC,Livros,biografia,1,1256.79,5,pago,aplicativo
3532,2026-04-28 17:21:00,1914,PR,Casa,luminária,3,1436.34,0,entregue,marketplace
3533,2026-04-09 05:45:00,1046,BA,Livros,biografia,3,849.66,5,entregue,aplicativo
3534,2026-04-28 15:17:00,1873,RJ,Esportes,mochila,1,1024.12,5,enviado,site
3535,2026-04-22 06:53:00,1421,MG,Livros,romance,4,1312.33,0,pago,site
3536,2026-04-26 00:11:00,1583,BA,Esportes,garrafa,5,859.96,0,pago,aplicativo
3537,2026-04-06 07:00:00,1795,PR,Casa,luminária,2,574.58,10,cancelado,site
3538,2026-04-09 21:49:00,1278,SC,Eletrônicos,mouse,4,1024.33,0,enviado,marketplace
3539,2026-04-27 07:04:00,1909,PR,Papelaria,agenda,1,1033.42,5,entregue,aplicativo
3540,2026-04-06 07:36:00,1765,PR,Eletrônicos,mouse,5,910.4,15,cancelado,marketplace
3541,2026-04-22 05:35:00,1107,BA,Papelaria,caderno,4,1403.21,0,enviado,marketplace
3542,2026-04-25 14:55:00,1903,BA,Esportes,mochila,2,774.91,15,cancelado,marketplace
3543,2026-04-12 18:01:00,1794,PR,Eletrônicos,mouse,5,706.44,15,enviado,site
3544,2026-04-30 08:33:00,1004,SC,Papelaria,caderno,2,749.7,0,entregue,aplicativo
3545,2026-04-30 05:51:00,1675,PE,Livros,romance,3,422.88,0,cancelado,aplicativo
3546,2026-04-20 09:21:00,1138,GO,Papelaria,caderno,3,434.37,0,entregue,aplicativo
3547,2026-04-05 23:11:00,1705,GO,Livros,biografia,1,1405.66,15,entregue,site
3548,2026-04-30 16:26:00,1941,PR,Livros,biografia,5,778.43,15,pago,aplicativo
3549,2026-04-27 01:06:00,1989,GO,Papelaria,agenda,3,764.36,0,cancelado,marketplace
3550,2026-04-23 14:43:00,1337,GO,Casa,cafeteira,5,117.34,5,entregue,site
3551,2026-04-02 18:32:00,1500,PR,Livros,biografia,1,1494.16,15,pago,marketplace
3552,2026-04-18 15:43:00,1096,PR,Esportes,tapete,3,989.81,15,pago,aplicativo
3553,2026-04-10 22:01:00,1397,MG,Papelaria,agenda,2,294.21,15,entregue,aplicativo
3554,2026-04-09 14:32:00,1418,BA,Eletrônicos,fone,2,1431.36,0,pago,marketplace
3555,2026-04-04 23:01:00,1783,MG,Casa,luminária,4,479.44,0,cancelado,site
3556,2026-04-16 01:33:00,1828,RJ,Livros,biografia,3,938.37,0,entregue,marketplace
3557,2026-04-07 08:32:00,1991,MG,Eletrônicos,fone,2,409.08,5,pago,aplicativo
3558,2026-04-16 00:09:00,1907,SP,Esportes,mochila,5,372.11,0,entregue,aplicativo
3559,2026-04-21 13:08:00,1042,MG,Livros,biografia,1,71.02,0,cancelado,aplicativo
3560,2026-04-20 00:40:00,1997,PE,Eletrônicos,fone,3,1406.16,0,entregue,aplicativo
3561,2026-04-08 06:53:00,1110,PR,Esportes,garrafa,5,148.93,15,enviado,aplicativo
3562,2026-04-15 18:54:00,1030,SC,Eletrônicos,teclado,4,164.02,0,enviado,site
3563,2026-04-11 18:42:00,1671,SP,Papelaria,agenda,3,585.44,0,cancelado,marketplace
3564,2026-04-01 04:46:00,1959,PE,Livros,livro técnico,3,560.88,0,entregue,site
3565,2026-04-10 15:49:00,1722,BA,Casa,organizador,4,19.86,5,cancelado,marketplace
3566,2026-04-15 04:21:00,1945,PR,Papelaria,agenda,2,972.79,5,cancelado,site
3567,2026-04-28 08:01:00,1063,PE,Papelaria,agenda,4,62.69,10,enviado,marketplace
3568,2026-04-26 17:44:00,1386,MG,Casa,organizador,4,1335.79,10,pago,site
3569,2026-04-03 19:47:00,1577,SC,Casa,luminária,3,1423.86,15,pago,aplicativo
3570,2026-04-28 13:21:00,1038,GO,Eletrônicos,teclado,4,45.4,15,pago,aplicativo
3571,2026-04-02 18:14:00,1057,PR,Eletrônicos,fone,5,1274.03,0,entregue,marketplace
3572,2026-04-20 20:41:00,1613,SC,Eletrônicos,teclado,2,1369.42,5,enviado,marketplace
3573,2026-04-30 12:56:00,1198,PR,Eletrônicos,mouse,2,886.37,15,pago,marketplace
3574,2026-04-27 07:19:00,1941,GO,Papelaria,caderno,5,228.59,0,entregue,site
3575,2026-04-04 20:53:00,1163,MG,Eletrônicos,teclado,4,72.76,0,enviado,site
3576,2026-04-30 16:33:00,1474,SC,Papelaria,caderno,3,280.93,0,entregue,aplicativo
3577,2026-04-15 18:03:00,1502,SC,Papelaria,agenda,2,1337.09,0,pago,aplicativo
3578,2026-04-08 05:25:00,1709,SP,Casa,luminária,1,1471.47,0,cancelado,marketplace
3579,2026-04-14 05:59:00,1264,GO,Papelaria,caderno,4,554.86,10,entregue,site
3580,2026-04-19 14:01:00,1013,GO,Livros,romance,1,973.63,0,cancelado,site
3581,2026-04-09 01:12:00,1370,SC,Livros,romance,2,685.04,5,entregue,aplicativo
3582,2026-04-25 09:49:00,1267,SP,Esportes,mochila,4,15.37,15,entregue,aplicativo
3583,2026-04-22 07:17:00,1469,SP,Livros,romance,4,138.75,10,cancelado,site
3584,2026-04-08 01:22:00,1408,SP,Papelaria,caneta,5,213.13,0,cancelado,marketplace
3585,2026-04-30 07:18:00,1774,GO,Eletrônicos,mouse,3,188.09,0,pago,aplicativo
3586,2026-04-04 09:24:00,1660,GO,Casa,organizador,1,508.69,15,cancelado,marketplace
3587,2026-04-10 03:50:00,1076,GO,Papelaria,caderno,4,465.37,5,entregue,marketplace
3588,2026-04-22 05:13:00,1596,PR,Eletrônicos,fone,1,1321.37,0,enviado,marketplace
3589,2026-04-17 23:30:00,1688,PE,Livros,livro técnico,1,1259.3,0,pago,marketplace
3590,2026-04-29 01:42:00,1569,PE,Papelaria,caderno,5,39.38,5,pago,marketplace
3591,2026-04-01 01:16:00,1708,GO,Eletrônicos,teclado,4,1309.61,0,entregue,site
3592,2026-04-22 06:27:00,1664,RJ,Eletrônicos,teclado,1,712.23,0,pago,aplicativo
3593,2026-04-20 07:49:00,1998,BA,Casa,luminária,4,899.68,5,enviado,marketplace
3594,2026-04-04 18:55:00,1685,SP,Livros,romance,3,1461.92,0,pago,marketplace
3595,2026-04-22 08:15:00,1052,RJ,Eletrônicos,fone,4,837.35,0,pago,marketplace
3596,2026-04-17 22:34:00,1049,MG,Casa,luminária,3,1001.03,10,cancelado,site
3597,2026-04-29 02:46:00,1179,SP,Casa,cafeteira,1,27.81,15,enviado,marketplace
3598,2026-04-29 09:58:00,1809,SC,Esportes,tapete,3,976.15,15,entregue,marketplace
3599,2026-04-20 05:13:00,1329,SC,Casa,cafeteira,3,389.06,0,entregue,site
3600,2026-04-29 00:19:00,1781,PE,Esportes,mochila,2,93.67,0,cancelado,aplicativo
3601,2026-04-10 14:40:00,1451,PE,Eletrônicos,teclado,1,1412.33,15,entregue,site
3602,2026-04-21 20:53:00,1959,PR,Casa,luminária,4,1186.23,5,cancelado,aplicativo
3603,2026-04-18 03:28:00,1785,SP,Papelaria,caderno,5,487.14,5,pago,aplicativo
3604,2026-04-30 21:56:00,1047,BA,Livros,biografia,5,454.43,15,cancelado,marketplace
3605,2026-04-13 12:24:00,1279,SP,Papelaria,caderno,5,96.88,0,cancelado,site
3606,2026-04-03 01:17:00,1690,BA,Livros,biografia,4,390.68,0,pago,marketplace
3607,2026-04-26 09:18:00,1447,PR,Papelaria,agenda,2,395.07,0,entregue,site
3608,2026-04-27 21:42:00,1111,RJ,Esportes,mochila,1,144.89,0,entregue,marketplace
3609,2026-04-12 09:22:00,1420,GO,Eletrônicos,mouse,5,918.44,15,entregue,marketplace
3610,2026-04-04 11:25:00,1248,BA,Casa,luminária,5,623.95,10,enviado,site
3611,2026-04-10 00:52:00,1666,PE,Esportes,mochila,5,22.39,0,enviado,site
3612,2026-04-08 01:09:00,1354,SC,Esportes,tapete,2,22.89,0,entregue,marketplace
3613,2026-04-24 12:44:00,1890,SC,Casa,cafeteira,5,1298.05,15,enviado,site
3614,2026-04-12 14:56:00,1623,PE,Livros,romance,4,464.52,0,entregue,site
3615,2026-04-21 17:42:00,1981,RJ,Papelaria,caderno,4,1084.38,0,cancelado,site
3616,2026-04-20 13:26:00,1080,SC,Eletrônicos,teclado,2,753.56,10,pago,aplicativo
3617,2026-04-29 06:50:00,1852,MG,Livros,livro técnico,4,674.56,5,cancelado,marketplace
3618,2026-04-21 23:33:00,1963,SC,Papelaria,agenda,3,446.86,0,entregue,aplicativo
3619,2026-04-11 17:20:00,1284,SP,Livros,livro técnico,1,1377.92,0,enviado,aplicativo
3620,2026-04-15 22:35:00,1985,GO,Eletrônicos,mouse,2,1046.12,0,pago,marketplace
3621,2026-04-12 10:20:00,1385,PR,Papelaria,caderno,5,908.19,0,enviado,aplicativo
3622,2026-04-14 09:47:00,1490,PR,Papelaria,caneta,4,1080.96,15,entregue,aplicativo
3623,2026-04-17 09:22:00,1419,GO,Eletrônicos,fone,2,1060.82,15,enviado,site
3624,2026-04-30 21:52:00,1428,BA,Esportes,garrafa,5,385.96,0,entregue,site
3625,2026-04-02 14:21:00,1134,MG,Eletrônicos,teclado,4,957.14,0,enviado,site
3626,2026-04-21 00:35:00,1983,MG,Eletrônicos,fone,4,110.43,5,enviado,aplicativo
3627,2026-04-17 00:38:00,1428,PR,Livros,romance,1,1201.7,0,enviado,marketplace
3628,2026-04-25 17:45:00,1715,SP,Eletrônicos,fone,4,821.35,0,cancelado,marketplace
3629,2026-04-19 22:35:00,1079,BA,Eletrônicos,teclado,3,526.61,10,entregue,marketplace
3630,2026-04-11 13:01:00,1362,GO,Esportes,tapete,3,1065.89,0,pago,marketplace
3631,2026-04-29 14:27:00,1875,MG,Eletrônicos,fone,3,217.87,0,cancelado,aplicativo
3632,2026-04-15 09:15:00,1854,PE,Papelaria,caderno,4,888.1,15,entregue,site
3633,2026-04-08 02:44:00,1709,PE,Papelaria,agenda,4,1326.31,0,enviado,site
3634,2026-04-11 00:32:00,1859,MG,Casa,luminária,5,815.19,5,pago,marketplace
3635,2026-04-08 06:02:00,1939,SP,Casa,luminária,2,1302.52,5,cancelado,aplicativo
3636,2026-04-22 20:52:00,1558,GO,Casa,organizador,2,646.94,10,entregue,site
3637,2026-04-25 02:00:00,1473,GO,Esportes,garrafa,1,1086.34,0,pago,marketplace
3638,2026-04-26 12:48:00,1231,PE,Esportes,tapete,4,1455.22,15,pago,aplicativo
3639,2026-04-25 10:29:00,1233,PR,Casa,cafeteira,3,960.21,0,entregue,aplicativo
3640,2026-04-20 08:31:00,1177,PR,Casa,organizador,2,1289.58,5,cancelado,marketplace
3641,2026-04-12 14:11:00,1338,PR,Eletrônicos,fone,3,800.8,15,cancelado,site
3642,2026-04-22 00:56:00,1225,MG,Eletrônicos,fone,2,830.62,5,pago,aplicativo
3643,2026-04-02 21:36:00,1781,MG,Casa,organizador,3,519.85,0,cancelado,marketplace
3644,2026-04-11 03:30:00,1592,SC,Papelaria,agenda,4,977.37,0,pago,site
3645,2026-04-26 09:23:00,1550,RJ,Esportes,tapete,3,1185.19,5,entregue,aplicativo
3646,2026-04-25 00:19:00,1400,BA,Esportes,garrafa,4,917.0,0,entregue,marketplace
3647,2026-04-20 15:01:00,1511,PR,Livros,biografia,2,289.24,0,pago,marketplace
3648,2026-04-25 18:35:00,1616,BA,Casa,organizador,3,806.64,15,cancelado,site
3649,2026-04-20 06:17:00,1912,MG,Eletrônicos,mouse,2,1019.31,0,entregue,marketplace
3650,2026-04-13 16:47:00,1981,MG,Papelaria,agenda,4,419.13,5,cancelado,site
3651,2026-04-15 16:50:00,1211,SP,Papelaria,agenda,1,201.87,15,pago,site
3652,2026-04-24 06:51:00,1029,RJ,Casa,cafeteira,2,1084.8,10,cancelado,site
3653,2026-04-25 18:31:00,1229,PR,Esportes,garrafa,3,642.2,10,pago,aplicativo
3654,2026-04-02 17:42:00,1553,SP,Papelaria,caderno,1,555.3,0,enviado,aplicativo
3655,2026-04-15 20:09:00,1413,SC,Livros,livro técnico,1,202.66,15,cancelado,aplicativo
3656,2026-04-21 23:19:00,1072,BA,Casa,cafeteira,4,555.06,5,entregue,aplicativo
3657,2026-04-14 11:06:00,1361,SC,Papelaria,agenda,3,856.84,10,entregue,aplicativo
3658,2026-04-15 18:07:00,1918,PR,Eletrônicos,teclado,4,209.67,15,pago,aplicativo
3659,2026-04-24 09:21:00,1373,PE,Eletrônicos,teclado,1,843.13,10,entregue,site
3660,2026-04-17 16:49:00,1146,SP,Livros,livro técnico,4,1342.39,10,enviado,site
3661,2026-04-15 06:14:00,1098,RJ,Esportes,mochila,5,947.44,0,pago,aplicativo
3662,2026-04-14 10:39:00,1727,PE,Livros,romance,3,231.92,0,pago,marketplace
3663,2026-04-29 16:51:00,1394,PE,Casa,organizador,4,311.7,10,enviado,aplicativo
3664,2026-04-17 11:48:00,1699,PR,Eletrônicos,fone,2,1088.01,0,enviado,marketplace
3665,2026-04-01 10:29:00,1754,MG,Livros,romance,5,308.41,5,enviado,aplicativo
3666,2026-04-12 09:37:00,1092,MG,Eletrônicos,mouse,1,1235.88,0,entregue,marketplace
3667,2026-04-22 18:19:00,1585,BA,Casa,organizador,5,856.59,15,pago,aplicativo
3668,2026-04-12 12:12:00,1090,MG,Esportes,mochila,2,1357.31,0,entregue,aplicativo
3669,2026-04-26 04:46:00,1921,RJ,Eletrônicos,fone,1,313.88,0,enviado,aplicativo
3670,2026-04-17 16:44:00,1484,RJ,Papelaria,agenda,2,329.37,15,cancelado,marketplace
3671,2026-04-20 10:57:00,1559,GO,Casa,organizador,1,286.6,0,entregue,site
3672,2026-04-07 20:38:00,1026,MG,Eletrônicos,fone,5,138.61,15,enviado,marketplace
3673,2026-04-02 19:04:00,1094,PE,Eletrônicos,fone,5,1290.35,10,pago,site
3674,2026-04-28 09:55:00,1051,RJ,Papelaria,agenda,5,575.97,5,entregue,aplicativo
3675,2026-04-06 07:48:00,1844,RJ,Casa,luminária,5,1304.6,0,enviado,site
3676,2026-04-15 14:32:00,1401,PR,Casa,luminária,1,668.98,0,enviado,aplicativo
3677,2026-04-03 10:48:00,1307,RJ,Esportes,tapete,4,136.76,15,enviado,marketplace
3678,2026-04-05 04:45:00,1633,RJ,Papelaria,agenda,5,1191.84,5,entregue,site
3679,2026-04-06 02:20:00,1244,PR,Livros,livro técnico,2,44.16,0,entregue,aplicativo
3680,2026-04-20 13:31:00,1028,SC,Papelaria,caneta,1,391.59,10,cancelado,aplicativo
3681,2026-04-23 13:41:00,1464,BA,Livros,livro técnico,2,543.58,15,cancelado,site
3682,2026-04-18 04:08:00,1774,PR,Casa,luminária,1,597.62,0,cancelado,marketplace
3683,2026-04-04 11:55:00,1095,SP,Papelaria,agenda,3,1158.11,15,cancelado,site
3684,2026-04-28 20:31:00,1388,PR,Casa,cafeteira,1,642.54,5,pago,site
3685,2026-04-28 15:35:00,1287,GO,Livros,biografia,5,1295.37,5,cancelado,marketplace
3686,2026-04-07 05:33:00,1784,PR,Papelaria,caderno,2,1038.13,0,pago,aplicativo
3687,2026-04-15 11:38:00,1535,SP,Eletrônicos,mouse,1,874.2,0,entregue,marketplace
3688,2026-04-20 03:41:00,1202,PR,Eletrônicos,mouse,2,332.14,0,pago,aplicativo
3689,2026-04-23 08:12:00,1300,PE,Livros,biografia,5,1043.3,10,enviado,marketplace
3690,2026-04-22 07:18:00,1343,SP,Casa,luminária,5,744.4,0,entregue,marketplace
3691,2026-04-18 00:19:00,1563,BA,Casa,cafeteira,3,540.55,0,enviado,marketplace
3692,2026-04-20 03:39:00,1800,SP,Eletrônicos,mouse,2,1379.81,10,enviado,site
3693,2026-04-25 16:43:00,1574,PR,Esportes,tapete,5,1068.55,0,cancelado,marketplace
3694,2026-04-11 22:42:00,1544,SP,Casa,luminária,1,394.57,0,cancelado,aplicativo
3695,2026-04-24 14:45:00,1318,GO,Esportes,tapete,4,1348.89,0,cancelado,marketplace
3696,2026-04-13 02:16:00,1100,GO,Esportes,mochila,2,741.73,0,enviado,site
3697,2026-04-05 19:23:00,1468,BA,Esportes,garrafa,3,1336.49,10,cancelado,aplicativo
3698,2026-04-06 13:04:00,1266,BA,Esportes,garrafa,5,459.85,10,pago,site
3699,2026-04-04 14:48:00,1378,SC,Livros,romance,2,820.63,15,entregue,marketplace
3700,2026-04-18 06:14:00,1913,RJ,Casa,cafeteira,1,626.97,5,pago,site
3701,2026-04-02 09:54:00,1880,PR,Livros,romance,4,123.43,10,enviado,aplicativo
3702,2026-04-16 13:13:00,1347,PE,Eletrônicos,teclado,4,1457.31,0,enviado,marketplace
3703,2026-04-12 05:34:00,1388,PE,Esportes,mochila,2,754.75,0,entregue,site
3704,2026-04-13 09:51:00,1647,BA,Casa,organizador,3,1487.9,10,entregue,marketplace
3705,2026-04-02 07:18:00,1009,PR,Esportes,tapete,1,1278.33,0,cancelado,marketplace
3706,2026-04-23 14:21:00,1794,MG,Casa,luminária,2,1453.32,5,cancelado,aplicativo
3707,2026-04-05 12:07:00,1667,SC,Casa,cafeteira,2,591.96,10,enviado,marketplace
3708,2026-04-03 12:27:00,1964,BA,Livros,biografia,4,42.0,10,enviado,aplicativo
3709,2026-04-28 12:20:00,1587,RJ,Eletrônicos,mouse,4,1027.62,0,pago,marketplace
3710,2026-04-09 14:24:00,1421,PE,Eletrônicos,fone,1,368.42,10,entregue,marketplace
3711,2026-04-22 13:34:00,1832,SC,Livros,livro técnico,1,33.24,5,enviado,aplicativo
3712,2026-04-27 05:35:00,1343,RJ,Papelaria,caneta,3,1218.84,10,entregue,aplicativo
3713,2026-04-18 14:55:00,1438,BA,Livros,biografia,3,215.9,0,cancelado,marketplace
3714,2026-04-06 22:27:00,1486,BA,Livros,romance,2,755.73,0,pago,aplicativo
3715,2026-04-21 08:03:00,1209,PE,Eletrônicos,mouse,3,696.83,15,entregue,marketplace
3716,2026-04-09 09:06:00,1239,BA,Livros,biografia,1,1226.01,15,enviado,marketplace
3717,2026-04-20 05:33:00,1285,SC,Casa,luminária,1,1033.41,15,pago,site
3718,2026-04-01 13:56:00,1476,RJ,Eletrônicos,teclado,2,1027.8,10,entregue,marketplace
3719,2026-04-19 10:24:00,1974,RJ,Livros,romance,2,71.02,0,entregue,marketplace
3720,2026-04-14 03:01:00,1177,PR,Livros,livro técnico,3,1073.31,0,enviado,marketplace
3721,2026-04-08 16:34:00,1690,SC,Casa,organizador,3,1290.57,15,cancelado,marketplace
3722,2026-04-10 11:19:00,1049,MG,Papelaria,caderno,4,1329.04,5,entregue,marketplace
3723,2026-04-22 11:56:00,1098,RJ,Esportes,mochila,3,781.3,0,pago,marketplace
3724,2026-04-24 17:52:00,1809,PE,Esportes,garrafa,1,1399.22,0,cancelado,marketplace
3725,2026-04-06 06:41:00,1426,RJ,Papelaria,caderno,1,458.04,5,entregue,aplicativo
3726,2026-04-30 13:34:00,1083,RJ,Esportes,mochila,5,1285.83,0,pago,marketplace
3727,2026-04-14 19:25:00,1176,PE,Esportes,tapete,4,327.2,15,entregue,marketplace
3728,2026-04-23 14:54:00,1738,SC,Casa,luminária,3,843.76,15,cancelado,aplicativo
3729,2026-04-22 08:00:00,1573,RJ,Eletrônicos,fone,2,517.55,0,entregue,site
3730,2026-04-30 13:45:00,1744,SP,Casa,luminária,5,1453.68,0,cancelado,aplicativo
3731,2026-04-03 17:58:00,1629,GO,Papelaria,agenda,4,623.78,0,enviado,marketplace
3732,2026-04-10 06:01:00,1562,PR,Esportes,tapete,5,973.41,0,cancelado,site
3733,2026-04-19 07:38:00,1776,MG,Esportes,tapete,1,1155.12,0,pago,site
3734,2026-04-28 00:30:00,1863,SP,Esportes,garrafa,4,79.5,0,cancelado,marketplace
3735,2026-04-29 17:46:00,1524,GO,Eletrônicos,mouse,4,1129.68,10,enviado,site
3736,2026-04-02 14:21:00,1584,PR,Eletrônicos,teclado,3,761.86,10,enviado,marketplace
3737,2026-04-14 20:33:00,1553,SC,Esportes,tapete,4,1401.47,0,cancelado,aplicativo
3738,2026-04-14 00:49:00,1689,PE,Eletrônicos,teclado,3,598.5,5,enviado,aplicativo
3739,2026-04-17 09:42:00,1693,PE,Esportes,tapete,1,1162.39,10,enviado,marketplace
3740,2026-04-27 16:02:00,1277,SC,Eletrônicos,teclado,4,870.32,0,pago,site
3741,2026-04-07 00:35:00,1772,MG,Livros,romance,1,286.99,0,cancelado,marketplace
3742,2026-04-10 20:42:00,1128,GO,Casa,luminária,3,524.52,0,cancelado,site
3743,2026-04-28 20:14:00,1932,SP,Casa,luminária,4,1132.69,0,pago,marketplace
3744,2026-04-16 05:55:00,1088,GO,Esportes,garrafa,5,520.82,15,enviado,aplicativo
3745,2026-04-22 18:47:00,1376,RJ,Esportes,tapete,2,520.47,10,enviado,aplicativo
3746,2026-04-02 03:00:00,1063,BA,Papelaria,agenda,2,605.17,5,enviado,site
3747,2026-04-20 18:33:00,1236,PR,Casa,organizador,3,202.98,10,entregue,marketplace
3748,2026-04-24 15:34:00,1236,SC,Esportes,garrafa,2,1343.86,0,cancelado,marketplace
3749,2026-04-16 08:06:00,1768,PR,Casa,luminária,1,62.66,0,cancelado,marketplace
3750,2026-04-25 17:20:00,1709,PE,Eletrônicos,fone,2,985.92,0,pago,site
3751,2026-04-13 03:44:00,1202,PR,Esportes,garrafa,2,1331.46,0,pago,marketplace
3752,2026-04-10 13:58:00,1546,PE,Papelaria,agenda,3,603.95,0,enviado,aplicativo
3753,2026-04-29 11:41:00,1944,SP,Esportes,mochila,3,702.46,5,pago,marketplace
3754,2026-04-30 04:55:00,1641,BA,Papelaria,agenda,1,721.5,5,cancelado,marketplace
3755,2026-04-29 13:45:00,1395,PE,Eletrônicos,mouse,3,1267.78,0,entregue,aplicativo
3756,2026-04-17 17:34:00,1501,PR,Casa,luminária,4,934.88,0,cancelado,aplicativo
3757,2026-04-10 09:17:00,1730,MG,Eletrônicos,teclado,4,305.35,10,cancelado,marketplace
3758,2026-04-29 01:38:00,1209,PE,Papelaria,caneta,2,794.0,10,enviado,marketplace
3759,2026-04-11 01:20:00,1617,SC,Papelaria,caderno,5,1366.17,5,enviado,marketplace
3760,2026-04-17 22:38:00,1023,PR,Casa,luminária,2,150.96,10,entregue,marketplace
3761,2026-04-17 12:16:00,1798,RJ,Esportes,tapete,1,200.37,0,cancelado,aplicativo
3762,2026-04-30 13:15:00,1536,GO,Esportes,mochila,1,610.88,5,enviado,aplicativo
3763,2026-04-22 10:29:00,1095,PE,Esportes,tapete,5,869.74,10,cancelado,site
3764,2026-04-27 13:25:00,1366,RJ,Casa,cafeteira,1,354.36,0,enviado,aplicativo
3765,2026-04-18 08:17:00,1172,MG,Casa,organizador,1,494.63,10,cancelado,site
3766,2026-04-10 08:53:00,1586,GO,Esportes,tapete,2,898.89,0,entregue,marketplace
3767,2026-04-10 03:36:00,1569,BA,Livros,livro técnico,3,1183.93,0,cancelado,aplicativo
3768,2026-04-30 17:09:00,1376,PR,Esportes,mochila,1,710.2,10,cancelado,site
3769,2026-04-07 19:25:00,1756,RJ,Eletrônicos,fone,1,996.66,15,cancelado,site
3770,2026-04-18 02:44:00,1226,MG,Esportes,mochila,3,1106.39,15,cancelado,site
3771,2026-04-10 07:22:00,1291,SC,Casa,luminária,3,850.78,10,pago,aplicativo
3772,2026-04-05 08:53:00,1594,RJ,Esportes,garrafa,1,908.78,0,cancelado,aplicativo
3773,2026-04-21 03:10:00,1212,MG,Eletrônicos,mouse,4,471.22,5,enviado,marketplace
3774,2026-04-17 06:22:00,1628,BA,Esportes,mochila,3,146.13,5,pago,marketplace
3775,2026-04-10 00:04:00,1507,RJ,Eletrônicos,mouse,4,446.03,15,entregue,marketplace
3776,2026-04-01 15:48:00,1292,BA,Papelaria,caderno,4,1223.77,15,entregue,aplicativo
3777,2026-04-14 15:50:00,1261,SC,Esportes,mochila,2,1036.11,0,cancelado,marketplace
3778,2026-04-15 19:37:00,1133,SP,Eletrônicos,mouse,3,589.6,0,pago,marketplace
3779,2026-04-25 16:21:00,1818,PE,Casa,organizador,4,669.39,10,enviado,aplicativo
3780,2026-04-13 00:23:00,1363,SP,Livros,livro técnico,5,1230.92,10,entregue,marketplace
3781,2026-04-02 20:19:00,1404,MG,Casa,cafeteira,3,96.06,0,pago,marketplace
3782,2026-04-27 22:17:00,1848,GO,Papelaria,agenda,3,595.99,10,enviado,aplicativo
3783,2026-04-11 13:37:00,1366,PE,Casa,organizador,5,614.49,0,enviado,site
3784,2026-04-17 04:29:00,1398,SP,Casa,luminária,2,761.56,0,pago,marketplace
3785,2026-04-10 12:54:00,1338,PE,Papelaria,caderno,4,936.63,5,cancelado,site
3786,2026-04-03 16:00:00,1217,SC,Livros,biografia,4,396.74,0,cancelado,aplicativo
3787,2026-04-30 21:41:00,1759,RJ,Papelaria,caderno,4,130.79,0,pago,aplicativo
3788,2026-04-27 03:33:00,1835,GO,Eletrônicos,fone,3,1468.76,10,cancelado,marketplace
3789,2026-04-04 04:36:00,1653,SP,Papelaria,agenda,1,1183.87,0,pago,aplicativo
3790,2026-04-11 02:03:00,1220,PR,Papelaria,agenda,3,205.22,10,cancelado,marketplace
3791,2026-04-05 13:40:00,1834,PR,Esportes,garrafa,5,477.56,15,pago,site
3792,2026-04-16 09:59:00,1804,SC,Casa,cafeteira,2,1186.83,0,pago,site
3793,2026-04-14 09:27:00,1830,BA,Eletrônicos,fone,4,151.07,10,pago,aplicativo
3794,2026-04-18 12:16:00,1765,RJ,Papelaria,caderno,5,449.85,10,pago,site
3795,2026-04-18 00:09:00,1037,BA,Esportes,mochila,3,190.01,0,enviado,marketplace
3796,2026-04-20 22:26:00,1083,GO,Esportes,mochila,4,124.44,0,pago,marketplace
3797,2026-04-07 17:13:00,1611,PR,Livros,biografia,2,1129.31,10,entregue,site
3798,2026-04-05 14:46:00,1614,GO,Esportes,mochila,1,239.01,10,enviado,site
3799,2026-04-09 20:40:00,1286,BA,Casa,luminária,2,1442.96,0,entregue,site
3800,2026-04-22 18:06:00,1893,RJ,Eletrônicos,fone,4,749.08,10,entregue,aplicativo
3801,2026-04-21 10:23:00,1261,SP,Casa,cafeteira,4,605.15,0,enviado,aplicativo
3802,2026-04-02 11:51:00,1665,PR,Casa,cafeteira,1,1492.07,10,entregue,site
3803,2026-04-23 07:37:00,1689,RJ,Esportes,tapete,2,174.15,10,cancelado,site
3804,2026-04-04 17:25:00,1920,RJ,Eletrônicos,mouse,2,1296.58,15,enviado,marketplace
3805,2026-04-11 02:06:00,1200,SP,Papelaria,agenda,2,493.57,10,cancelado,marketplace
3806,2026-04-20 12:47:00,1806,MG,Casa,luminária,2,181.38,0,entregue,marketplace
3807,2026-04-30 22:49:00,1704,RJ,Esportes,mochila,1,1323.39,15,cancelado,marketplace
3808,2026-04-19 09:53:00,1880,SP,Eletrônicos,mouse,3,545.37,0,enviado,site
3809,2026-04-03 05:28:00,1862,PR,Eletrônicos,fone,4,18.77,0,cancelado,aplicativo
3810,2026-04-26 08:10:00,1787,SP,Eletrônicos,mouse,3,390.11,5,pago,marketplace
3811,2026-04-28 19:34:00,1511,RJ,Eletrônicos,mouse,3,66.83,10,enviado,aplicativo
3812,2026-04-15 19:43:00,1269,PE,Esportes,mochila,5,1314.17,0,cancelado,site
3813,2026-04-16 03:05:00,1848,SP,Papelaria,agenda,4,1243.27,15,cancelado,aplicativo
3814,2026-04-20 16:04:00,1608,PR,Livros,romance,5,960.14,0,pago,aplicativo
3815,2026-04-28 16:31:00,1280,RJ,Livros,livro técnico,3,223.18,10,pago,aplicativo
3816,2026-04-21 16:13:00,1952,SC,Papelaria,caneta,4,276.92,0,entregue,aplicativo
3817,2026-04-28 12:37:00,1087,BA,Esportes,tapete,2,76.9,5,entregue,aplicativo
3818,2026-04-29 16:08:00,1410,RJ,Casa,cafeteira,4,1483.95,15,cancelado,marketplace
3819,2026-04-01 15:38:00,1137,GO,Livros,biografia,2,917.04,5,cancelado,site
3820,2026-04-18 14:38:00,1140,GO,Eletrônicos,teclado,4,21.74,0,entregue,marketplace
3821,2026-04-13 06:59:00,1827,GO,Papelaria,caderno,5,895.8,15,cancelado,aplicativo
3822,2026-04-19 00:21:00,1378,GO,Eletrônicos,fone,2,1260.39,15,cancelado,marketplace
3823,2026-04-08 04:43:00,1064,BA,Livros,livro técnico,4,1428.25,0,pago,marketplace
3824,2026-04-07 17:36:00,1280,MG,Casa,organizador,2,516.9,0,cancelado,site
3825,2026-04-15 14:38:00,1763,PE,Eletrônicos,mouse,5,591.81,0,cancelado,site
3826,2026-04-03 13:47:00,1347,MG,Eletrônicos,teclado,1,942.65,15,enviado,aplicativo
3827,2026-04-09 13:48:00,1736,RJ,Casa,luminária,5,415.57,5,pago,aplicativo
3828,2026-04-11 11:09:00,1295,MG,Papelaria,agenda,2,232.64,15,pago,site
3829,2026-04-07 16:26:00,1943,PE,Papelaria,caderno,3,1334.77,0,pago,aplicativo
3830,2026-04-02 09:49:00,1826,SC,Eletrônicos,teclado,5,341.44,15,enviado,marketplace
3831,2026-04-27 22:20:00,1780,MG,Esportes,tapete,3,77.25,0,pago,site
3832,2026-04-07 16:51:00,1233,RJ,Esportes,mochila,2,743.21,10,pago,marketplace
3833,2026-04-01 16:55:00,1983,SP,Eletrônicos,mouse,5,580.47,0,enviado,aplicativo
3834,2026-04-24 15:14:00,1790,GO,Livros,romance,2,1022.13,0,cancelado,aplicativo
3835,2026-04-06 19:15:00,1427,PR,Livros,romance,3,758.38,10,enviado,site
3836,2026-04-07 18:51:00,1322,PE,Esportes,mochila,3,1124.3,0,entregue,site
3837,2026-04-04 01:50:00,1920,SC,Livros,livro técnico,5,1022.55,0,pago,aplicativo
3838,2026-04-12 10:59:00,1344,BA,Eletrônicos,fone,2,835.49,10,enviado,marketplace
3839,2026-04-01 07:46:00,1268,SC,Esportes,garrafa,4,714.49,5,cancelado,marketplace
3840,2026-04-06 20:21:00,1553,SC,Eletrônicos,mouse,3,488.22,15,cancelado,site
3841,2026-04-29 11:30:00,1483,BA,Casa,luminária,2,117.66,0,cancelado,marketplace
3842,2026-04-09 15:04:00,1105,BA,Livros,biografia,2,600.24,0,pago,aplicativo
3843,2026-04-04 17:47:00,1263,PE,Livros,biografia,2,15.65,0,pago,aplicativo
3844,2026-04-14 00:33:00,1364,MG,Eletrônicos,teclado,5,1184.8,10,cancelado,aplicativo
3845,2026-04-21 23:55:00,1319,PE,Livros,biografia,2,328.16,10,cancelado,site
3846,2026-04-17 11:51:00,1232,PR,Eletrônicos,mouse,2,1331.87,10,cancelado,site
3847,2026-04-29 00:01:00,1478,SP,Papelaria,caneta,1,47.47,0,enviado,marketplace
3848,2026-04-14 09:39:00,1308,SC,Livros,livro técnico,3,1110.95,10,entregue,marketplace
3849,2026-04-04 03:10:00,1751,RJ,Esportes,mochila,4,772.49,0,enviado,site
3850,2026-04-27 21:16:00,1157,SC,Livros,biografia,5,390.14,5,cancelado,site
3851,2026-04-23 08:21:00,1924,PE,Papelaria,caderno,5,1302.55,0,enviado,site
3852,2026-04-09 11:23:00,1234,BA,Casa,luminária,3,839.55,5,pago,aplicativo
3853,2026-04-06 08:30:00,1319,PR,Esportes,garrafa,4,837.81,0,cancelado,aplicativo
3854,2026-04-01 06:57:00,1470,SP,Esportes,tapete,2,610.01,5,entregue,aplicativo
3855,2026-04-21 10:44:00,1386,MG,Eletrônicos,fone,2,1283.66,10,enviado,site
3856,2026-04-30 08:31:00,1551,MG,Casa,cafeteira,1,875.73,0,cancelado,marketplace
3857,2026-04-26 06:51:00,1809,PE,Casa,organizador,4,209.16,0,enviado,marketplace
3858,2026-04-01 12:07:00,1928,PE,Casa,luminária,3,969.33,5,enviado,marketplace
3859,2026-04-19 05:52:00,1675,GO,Eletrônicos,teclado,1,1332.29,10,entregue,site
3860,2026-04-10 05:03:00,1258,PE,Eletrônicos,fone,2,1497.74,10,entregue,marketplace
3861,2026-04-06 02:50:00,1989,PE,Papelaria,caderno,4,533.71,0,entregue,site
3862,2026-04-18 16:40:00,1767,PR,Eletrônicos,fone,4,840.42,0,cancelado,marketplace
3863,2026-04-26 10:41:00,1727,PR,Eletrônicos,teclado,4,386.11,10,pago,site
3864,2026-04-16 09:14:00,1593,BA,Esportes,mochila,3,1109.79,10,entregue,marketplace
3865,2026-04-04 08:00:00,1637,PR,Livros,livro técnico,4,864.97,0,pago,site
3866,2026-04-18 22:13:00,1344,SC,Esportes,garrafa,2,738.4,5,cancelado,marketplace
3867,2026-04-23 05:09:00,1374,PR,Esportes,tapete,3,1184.59,5,pago,site
3868,2026-04-23 02:19:00,1263,RJ,Livros,livro técnico,5,525.61,10,pago,marketplace
3869,2026-04-09 03:41:00,1442,SC,Papelaria,caneta,2,296.06,10,pago,marketplace
3870,2026-04-06 05:35:00,1372,SP,Esportes,tapete,1,150.03,0,enviado,marketplace
3871,2026-04-15 00:21:00,1538,SP,Eletrônicos,teclado,3,431.76,15,enviado,aplicativo
3872,2026-04-29 03:32:00,1160,RJ,Livros,romance,3,1489.31,10,pago,site
3873,2026-04-24 20:58:00,1973,GO,Eletrônicos,mouse,1,1202.34,5,entregue,aplicativo
3874,2026-04-15 04:38:00,1859,RJ,Papelaria,caderno,3,1472.05,5,enviado,marketplace
3875,2026-04-21 16:05:00,1627,GO,Eletrônicos,teclado,4,1002.8,5,cancelado,site
3876,2026-04-18 22:47:00,1121,SP,Eletrônicos,mouse,2,1144.9,5,enviado,aplicativo
3877,2026-04-08 21:27:00,1058,BA,Livros,livro técnico,5,1199.67,10,cancelado,site
3878,2026-04-29 05:41:00,1480,RJ,Livros,romance,3,549.25,15,cancelado,marketplace
3879,2026-04-23 06:00:00,1478,SP,Casa,luminária,1,182.29,0,entregue,marketplace
3880,2026-04-22 05:35:00,1692,SC,Papelaria,caderno,2,941.77,0,cancelado,site
3881,2026-04-24 02:50:00,1348,GO,Papelaria,caneta,5,832.22,10,cancelado,site
3882,2026-04-16 14:40:00,1689,SC,Eletrônicos,mouse,2,1413.23,10,cancelado,aplicativo
3883,2026-04-10 16:08:00,1971,PR,Papelaria,caneta,4,417.97,5,pago,site
3884,2026-04-07 20:15:00,1501,GO,Esportes,garrafa,4,990.2,0,cancelado,aplicativo
3885,2026-04-21 05:27:00,1671,GO,Livros,biografia,4,932.34,10,entregue,aplicativo
3886,2026-04-17 02:12:00,1862,PR,Eletrônicos,teclado,3,1281.97,0,entregue,marketplace
3887,2026-04-30 01:26:00,1132,PE,Eletrônicos,mouse,1,1164.23,0,cancelado,aplicativo
3888,2026-04-30 11:11:00,1005,PE,Casa,cafeteira,5,920.6,0,enviado,marketplace
3889,2026-04-16 03:28:00,1898,SP,Papelaria,caneta,2,666.98,0,entregue,marketplace
3890,2026-04-24 21:24:00,1007,BA,Eletrônicos,teclado,2,802.82,0,entregue,aplicativo
3891,2026-04-09 11:44:00,1738,RJ,Papelaria,caderno,2,616.55,5,entregue,marketplace
3892,2026-04-13 14:13:00,1830,SP,Papelaria,caderno,4,339.9,0,pago,aplicativo
3893,2026-04-01 01:25:00,1739,GO,Eletrônicos,teclado,2,273.25,15,entregue,site
3894,2026-04-03 02:07:00,1821,MG,Livros,livro técnico,4,547.84,0,cancelado,marketplace
3895,2026-04-10 08:58:00,1206,PE,Papelaria,caneta,4,706.25,15,cancelado,aplicativo
3896,2026-04-02 16:47:00,1253,PR,Esportes,tapete,2,1356.11,0,cancelado,aplicativo
3897,2026-04-28 01:30:00,1150,SP,Eletrônicos,teclado,5,432.68,0,pago,site
3898,2026-04-29 14:15:00,1500,GO,Eletrônicos,fone,1,729.58,10,pago,marketplace
3899,2026-04-06 05:35:00,1401,PE,Papelaria,caneta,5,400.93,5,cancelado,marketplace
3900,2026-04-24 14:11:00,1201,PR,Esportes,garrafa,1,646.4,0,entregue,site
3901,2026-04-30 19:45:00,1380,PE,Livros,romance,4,796.88,0,entregue,site
3902,2026-04-30 04:30:00,1702,MG,Livros,biografia,4,57.24,5,pago,marketplace
3903,2026-04-22 09:46:00,1342,GO,Esportes,mochila,4,100.09,0,pago,site
3904,2026-04-11 21:13:00,1904,GO,Papelaria,caderno,1,1295.42,10,pago,site
3905,2026-04-22 00:19:00,1259,BA,Casa,organizador,5,970.47,10,entregue,marketplace
3906,2026-04-10 10:12:00,1931,PR,Eletrônicos,mouse,4,622.73,10,cancelado,site
3907,2026-04-23 23:37:00,1797,SP,Livros,biografia,4,872.38,0,cancelado,marketplace
3908,2026-04-02 08:43:00,1838,GO,Livros,livro técnico,3,70.84,0,cancelado,marketplace
3909,2026-04-30 09:02:00,1308,SC,Casa,cafeteira,5,1098.82,10,enviado,site
3910,2026-04-24 13:17:00,1861,BA,Casa,organizador,4,327.47,0,entregue,marketplace
3911,2026-04-12 22:31:00,1635,MG,Eletrônicos,teclado,4,285.21,0,pago,site
3912,2026-04-26 05:12:00,1889,PR,Eletrônicos,teclado,4,1207.35,0,enviado,marketplace
3913,2026-04-23 09:53:00,1762,BA,Eletrônicos,teclado,5,758.84,0,entregue,aplicativo
3914,2026-04-26 13:49:00,1674,BA,Eletrônicos,mouse,5,331.26,0,enviado,marketplace
3915,2026-04-29 12:07:00,1908,BA,Eletrônicos,teclado,4,17.57,15,entregue,site
3916,2026-04-29 10:39:00,1799,SP,Esportes,mochila,1,1117.39,0,enviado,marketplace
3917,2026-04-28 15:03:00,1970,GO,Eletrônicos,fone,4,301.79,0,enviado,site
3918,2026-04-17 01:09:00,1271,SP,Livros,romance,2,53.73,10,pago,aplicativo
3919,2026-04-09 04:36:00,1699,SC,Livros,livro técnico,2,1387.34,0,pago,site
3920,2026-04-10 18:50:00,1095,BA,Papelaria,caneta,1,42.77,0,enviado,site
3921,2026-04-02 18:34:00,1776,GO,Papelaria,caderno,5,198.21,0,entregue,marketplace
3922,2026-04-02 11:32:00,1580,PR,Eletrônicos,mouse,1,1365.22,0,entregue,marketplace
3923,2026-04-21 09:38:00,1222,BA,Livros,biografia,4,1137.17,5,cancelado,site
3924,2026-04-07 20:14:00,1277,BA,Papelaria,agenda,3,362.69,0,entregue,site
3925,2026-04-23 02:51:00,1148,PR,Papelaria,caderno,5,1306.81,5,entregue,site
3926,2026-04-05 11:33:00,1516,BA,Papelaria,caneta,2,1307.53,0,cancelado,marketplace
3927,2026-04-24 22:28:00,1677,RJ,Esportes,mochila,3,1358.84,10,pago,site
3928,2026-04-06 15:22:00,1588,GO,Eletrônicos,mouse,5,499.23,0,entregue,marketplace
3929,2026-04-18 15:27:00,1105,BA,Papelaria,caneta,1,1238.59,0,entregue,marketplace
3930,2026-04-15 19:21:00,1754,SP,Eletrônicos,mouse,5,862.44,15,entregue,aplicativo
3931,2026-04-14 05:16:00,1042,PR,Esportes,mochila,3,49.88,5,entregue,aplicativo
3932,2026-04-10 13:44:00,1377,BA,Livros,biografia,5,771.06,0,enviado,marketplace
3933,2026-04-20 23:06:00,1794,BA,Casa,organizador,3,676.07,5,cancelado,aplicativo
3934,2026-04-27 03:25:00,1894,MG,Livros,romance,3,432.97,15,pago,site
3935,2026-04-21 08:39:00,1151,PE,Casa,cafeteira,5,1220.23,0,cancelado,marketplace
3936,2026-04-02 18:05:00,1017,SC,Esportes,mochila,1,1068.94,0,entregue,marketplace
3937,2026-04-15 03:11:00,1582,GO,Livros,biografia,4,1345.62,15,pago,aplicativo
3938,2026-04-09 23:41:00,1694,BA,Esportes,garrafa,4,991.9,5,pago,site
3939,2026-04-27 16:12:00,1226,BA,Livros,romance,1,1395.89,5,cancelado,aplicativo
3940,2026-04-01 22:44:00,1384,PE,Livros,biografia,1,1175.54,0,cancelado,site
3941,2026-04-17 09:42:00,1202,RJ,Esportes,tapete,3,1227.38,0,enviado,aplicativo
3942,2026-04-29 23:44:00,1838,SP,Eletrônicos,teclado,1,515.09,0,entregue,marketplace
3943,2026-04-17 01:46:00,1364,BA,Casa,organizador,3,1386.21,0,pago,aplicativo
3944,2026-04-10 18:29:00,1208,BA,Papelaria,agenda,4,1052.04,5,cancelado,marketplace
3945,2026-04-28 21:17:00,1364,SP,Eletrônicos,mouse,3,1482.88,15,pago,site
3946,2026-04-03 07:30:00,1300,PR,Papelaria,caneta,1,715.74,0,entregue,marketplace
3947,2026-04-15 14:40:00,1784,MG,Esportes,mochila,1,942.36,10,cancelado,marketplace
3948,2026-04-18 19:02:00,1569,GO,Casa,luminária,1,1169.87,10,enviado,site
3949,2026-04-24 19:48:00,1589,BA,Esportes,garrafa,1,1469.48,0,entregue,aplicativo
3950,2026-04-28 04:19:00,1080,RJ,Papelaria,caderno,1,560.44,0,enviado,site
3951,2026-04-13 23:20:00,1049,SP,Casa,organizador,5,1065.16,15,enviado,marketplace
3952,2026-04-20 17:25:00,1248,SC,Casa,cafeteira,5,73.42,0,enviado,marketplace
3953,2026-04-21 08:50:00,1531,MG,Papelaria,agenda,1,843.8,10,enviado,marketplace
3954,2026-04-21 11:17:00,1532,RJ,Livros,romance,4,1161.66,5,cancelado,site
3955,2026-04-01 08:37:00,1556,PR,Livros,livro técnico,3,773.63,0,enviado,aplicativo
3956,2026-04-19 10:06:00,1445,PE,Casa,cafeteira,4,424.36,15,cancelado,aplicativo
3957,2026-04-12 17:25:00,1474,PR,Livros,livro técnico,2,1144.82,10,cancelado,aplicativo
3958,2026-04-28 00:40:00,1803,BA,Casa,organizador,5,148.46,15,cancelado,aplicativo
3959,2026-04-28 17:36:00,1580,MG,Livros,romance,3,588.37,5,pago,aplicativo
3960,2026-04-28 18:07:00,1222,BA,Livros,romance,2,146.86,0,entregue,aplicativo
3961,2026-04-30 17:53:00,1147,PR,Esportes,tapete,5,425.93,0,cancelado,marketplace
3962,2026-04-26 17:30:00,1824,GO,Eletrônicos,mouse,3,1150.85,10,cancelado,aplicativo
3963,2026-04-24 15:16:00,1065,RJ,Esportes,mochila,5,281.27,0,enviado,site
3964,2026-04-18 11:06:00,1573,SC,Casa,organizador,2,286.75,0,enviado,aplicativo
3965,2026-04-23 02:48:00,1723,PE,Casa,luminária,1,1472.06,15,pago,site
3966,2026-04-23 09:19:00,1941,PE,Papelaria,caneta,5,1445.86,5,enviado,site
3967,2026-04-15 22:06:00,1598,GO,Livros,romance,3,1016.91,5,cancelado,marketplace
3968,2026-04-23 20:46:00,1394,SP,Livros,romance,1,1331.17,0,pago,marketplace
3969,2026-04-29 23:59:00,1766,SC,Casa,organizador,4,399.1,0,entregue,site
3970,2026-04-08 12:53:00,1478,SP,Esportes,garrafa,3,622.52,0,cancelado,aplicativo
3971,2026-04-12 12:33:00,1181,SP,Casa,organizador,1,444.84,0,cancelado,aplicativo
3972,2026-04-05 12:57:00,1886,BA,Livros,romance,2,85.56,0,pago,marketplace
3973,2026-04-27 00:23:00,1994,BA,Papelaria,caderno,1,1208.66,5,entregue,marketplace
3974,2026-04-11 04:26:00,1324,BA,Eletrônicos,fone,1,819.7,15,entregue,site
3975,2026-04-26 14:34:00,1512,SC,Casa,luminária,4,622.03,0,enviado,aplicativo
3976,2026-04-03 04:00:00,1798,PE,Papelaria,agenda,2,318.74,10,pago,site
3977,2026-04-24 00:02:00,1630,RJ,Esportes,garrafa,4,74.39,0,enviado,site
3978,2026-04-25 01:31:00,1273,BA,Papelaria,caderno,4,1351.27,15,entregue,marketplace
3979,2026-04-29 03:10:00,1612,SP,Esportes,tapete,3,1272.39,5,pago,marketplace
3980,2026-04-29 01:17:00,1635,GO,Casa,organizador,1,1436.64,0,enviado,aplicativo
3981,2026-04-03 00:52:00,1319,SP,Papelaria,caderno,4,723.91,15,entregue,site
3982,2026-04-20 11:36:00,1078,SP,Casa,luminária,5,1129.24,0,pago,aplicativo
3983,2026-04-21 17:49:00,1294,BA,Papelaria,agenda,2,1236.43,0,entregue,aplicativo
3984,2026-04-02 23:45:00,1290,PR,Casa,luminária,1,918.29,5,entregue,site
3985,2026-04-19 19:56:00,1435,GO,Eletrônicos,fone,3,603.23,0,enviado,site
3986,2026-04-04 22:25:00,1926,GO,Casa,organizador,3,516.23,0,cancelado,site
3987,2026-04-15 19:55:00,1339,BA,Livros,romance,2,637.27,0,pago,marketplace
3988,2026-04-29 15:05:00,1913,SC,Casa,organizador,1,224.52,15,entregue,site
3989,2026-04-17 05:06:00,1925,GO,Eletrônicos,fone,5,736.27,5,pago,aplicativo
3990,2026-04-04 05:32:00,1994,MG,Esportes,garrafa,1,1049.76,0,cancelado,aplicativo
3991,2026-04-09 04:51:00,1995,PR,Papelaria,caderno,3,1201.16,0,enviado,marketplace
3992,2026-04-29 15:44:00,1885,BA,Casa,luminária,3,799.29,15,entregue,site
3993,2026-04-22 12:43:00,1837,SP,Esportes,tapete,4,876.71,0,enviado,site
3994,2026-04-02 11:01:00,1151,PE,Papelaria,caderno,2,599.96,0,cancelado,marketplace
3995,2026-04-29 14:01:00,1951,BA,Papelaria,caneta,1,864.57,0,pago,aplicativo
3996,2026-04-03 22:46:00,1330,PE,Eletrônicos,mouse,5,761.59,0,pago,site
3997,2026-04-09 15:55:00,1291,GO,Papelaria,caderno,3,1087.87,0,cancelado,site
3998,2026-04-15 08:50:00,1493,BA,Casa,luminária,3,298.33,15,pago,site
3999,2026-04-13 19:48:00,1122,GO,Papelaria,agenda,3,357.6,5,pago,marketplace
4000,2026-04-22 01:05:00,1010,PE,Casa,luminária,4,101.62,0,entregue,marketplace
4001,2026-04-26 02:42:00,1920,PR,Papelaria,caderno,2,1381.43,15,cancelado,site
4002,2026-04-25 12:48:00,1383,GO,Esportes,mochila,5,171.58,5,cancelado,aplicativo
4003,2026-04-28 12:03:00,1096,SC,Eletrônicos,teclado,2,1452.13,10,enviado,site
4004,2026-04-16 19:11:00,1738,BA,Eletrônicos,fone,5,135.1,5,enviado,site
4005,2026-04-27 19:11:00,1216,GO,Eletrônicos,teclado,3,968.94,0,entregue,marketplace
4006,2026-04-18 13:17:00,1358,PE,Livros,livro técnico,3,1243.77,15,entregue,marketplace
4007,2026-04-22 06:10:00,1021,SC,Casa,organizador,4,1298.86,0,entregue,aplicativo
4008,2026-04-22 08:14:00,1550,BA,Casa,luminária,4,229.34,15,enviado,aplicativo
4009,2026-04-08 06:53:00,1420,SP,Eletrônicos,mouse,2,1467.51,15,cancelado,marketplace
4010,2026-04-26 12:53:00,1446,SP,Eletrônicos,fone,1,49.32,10,enviado,aplicativo
4011,2026-04-30 13:16:00,1069,PE,Eletrônicos,mouse,5,15.2,10,pago,marketplace
4012,2026-04-03 05:30:00,1893,PR,Esportes,garrafa,2,754.4,5,enviado,marketplace
4013,2026-04-24 20:13:00,1472,SC,Eletrônicos,teclado,4,1278.19,0,pago,aplicativo
4014,2026-04-07 02:30:00,1714,GO,Papelaria,caneta,5,202.87,0,pago,marketplace
4015,2026-04-30 11:13:00,1671,GO,Livros,romance,3,656.68,5,cancelado,site
4016,2026-04-17 11:25:00,1399,RJ,Livros,biografia,5,1227.98,0,pago,aplicativo
4017,2026-04-17 18:23:00,1410,PR,Eletrônicos,fone,5,1401.29,15,cancelado,aplicativo
4018,2026-04-28 18:04:00,1178,BA,Papelaria,agenda,1,82.57,0,pago,aplicativo
4019,2026-04-13 02:11:00,1900,GO,Esportes,mochila,4,291.81,10,pago,marketplace
4020,2026-04-06 03:25:00,1501,SC,Casa,cafeteira,3,769.29,0,cancelado,aplicativo
4021,2026-04-18 00:18:00,1884,BA,Papelaria,caderno,5,467.27,10,enviado,aplicativo
4022,2026-04-27 08:04:00,1604,SC,Esportes,mochila,1,274.39,0,pago,site
4023,2026-04-03 19:15:00,1713,GO,Papelaria,caderno,3,644.42,10,pago,site
4024,2026-04-06 02:15:00,1591,RJ,Esportes,tapete,5,636.14,10,enviado,site
4025,2026-04-02 17:02:00,1217,RJ,Livros,livro técnico,2,1149.34,5,enviado,site
4026,2026-04-18 21:36:00,1543,MG,Livros,biografia,5,1198.79,15,cancelado,aplicativo
4027,2026-04-15 23:49:00,1863,BA,Casa,luminária,2,641.05,0,pago,site
4028,2026-04-13 14:18:00,1794,SC,Papelaria,agenda,3,725.28,0,pago,site
4029,2026-04-19 08:26:00,1605,PR,Papelaria,caderno,3,1121.55,0,cancelado,site
4030,2026-04-06 19:18:00,1140,PR,Papelaria,caderno,1,666.34,5,cancelado,aplicativo
4031,2026-04-26 20:02:00,1666,PE,Eletrônicos,fone,4,566.55,15,pago,aplicativo
4032,2026-04-23 12:36:00,1742,SC,Livros,romance,5,127.53,0,enviado,site
4033,2026-04-14 17:03:00,1216,PE,Casa,cafeteira,3,317.53,0,pago,site
4034,2026-04-17 00:10:00,1032,MG,Livros,romance,4,245.3,10,entregue,marketplace
4035,2026-04-09 13:27:00,1389,BA,Eletrônicos,mouse,4,969.04,5,enviado,marketplace
4036,2026-04-10 01:52:00,1590,RJ,Livros,livro técnico,4,808.4,5,pago,marketplace
4037,2026-04-15 18:27:00,1016,GO,Papelaria,caneta,5,1140.94,0,entregue,aplicativo
4038,2026-04-04 01:40:00,1016,PE,Eletrônicos,fone,2,1288.58,15,cancelado,aplicativo
4039,2026-04-16 20:59:00,1285,MG,Papelaria,caderno,1,1382.03,0,pago,marketplace
4040,2026-04-25 20:02:00,1898,GO,Eletrônicos,mouse,5,1341.54,10,pago,site
4041,2026-04-27 16:18:00,1251,BA,Casa,cafeteira,4,1456.98,0,enviado,marketplace
4042,2026-04-29 20:40:00,1079,RJ,Livros,biografia,1,494.18,5,pago,site
4043,2026-04-17 19:31:00,1405,SP,Livros,romance,1,1307.27,5,entregue,marketplace
4044,2026-04-09 12:39:00,1309,BA,Casa,organizador,3,432.91,0,pago,site
4045,2026-04-16 13:12:00,1726,PE,Eletrônicos,fone,4,938.25,15,enviado,site
4046,2026-04-13 22:44:00,1004,SC,Casa,cafeteira,1,1128.62,0,entregue,site
4047,2026-04-18 10:21:00,1934,SP,Livros,romance,5,1389.62,0,cancelado,marketplace
4048,2026-04-03 07:18:00,1427,SP,Eletrônicos,mouse,2,1390.24,10,pago,site
4049,2026-04-17 06:27:00,1110,GO,Esportes,mochila,2,512.57,0,entregue,marketplace
4050,2026-04-09 01:40:00,1000,MG,Eletrônicos,mouse,2,443.69,0,cancelado,aplicativo
4051,2026-04-18 10:18:00,1526,SP,Esportes,garrafa,5,512.78,0,pago,marketplace
4052,2026-04-06 13:05:00,1196,PR,Livros,romance,2,657.78,0,pago,site
4053,2026-04-28 04:23:00,1819,RJ,Papelaria,caneta,3,1358.14,15,entregue,marketplace
4054,2026-04-30 10:28:00,1627,RJ,Eletrônicos,teclado,3,1093.27,10,enviado,marketplace
4055,2026-04-15 23:34:00,1181,PE,Eletrônicos,mouse,5,275.64,0,pago,marketplace
4056,2026-04-13 21:15:00,1163,PE,Eletrônicos,mouse,5,178.23,0,entregue,site
4057,2026-04-24 08:35:00,1984,BA,Eletrônicos,fone,4,1352.91,10,enviado,marketplace
4058,2026-04-08 15:56:00,1422,BA,Eletrônicos,teclado,2,18.53,0,enviado,marketplace
4059,2026-04-21 11:45:00,1309,SP,Eletrônicos,fone,2,86.95,10,entregue,marketplace
4060,2026-04-29 03:18:00,1515,GO,Livros,romance,4,552.34,0,pago,marketplace
4061,2026-04-22 02:06:00,1191,RJ,Papelaria,caderno,2,996.49,5,entregue,marketplace
4062,2026-04-15 04:58:00,1979,PE,Eletrônicos,teclado,5,194.39,0,enviado,site
4063,2026-04-30 19:01:00,1026,RJ,Eletrônicos,mouse,1,294.13,10,entregue,site
4064,2026-04-17 08:27:00,1412,MG,Casa,luminária,2,441.83,10,entregue,marketplace
4065,2026-04-06 16:57:00,1151,PE,Eletrônicos,mouse,4,269.49,5,cancelado,site
4066,2026-04-01 10:57:00,1142,BA,Casa,luminária,2,1406.57,0,enviado,site
4067,2026-04-21 01:42:00,1819,SP,Papelaria,caneta,4,716.39,0,entregue,site
4068,2026-04-10 00:09:00,1667,SC,Papelaria,agenda,4,1065.41,5,entregue,site
4069,2026-04-23 17:16:00,1498,MG,Papelaria,agenda,1,69.18,15,entregue,site
4070,2026-04-03 08:32:00,1020,PR,Livros,biografia,2,1051.45,0,pago,site
4071,2026-04-23 10:32:00,1989,MG,Papelaria,agenda,3,1199.44,0,entregue,aplicativo
4072,2026-04-16 18:18:00,1296,RJ,Casa,organizador,4,1119.96,15,enviado,marketplace
4073,2026-04-20 18:28:00,1770,PR,Casa,organizador,5,830.85,15,enviado,site
4074,2026-04-05 16:56:00,1824,MG,Papelaria,agenda,5,869.07,5,enviado,marketplace
4075,2026-04-25 23:57:00,1666,GO,Casa,organizador,5,41.8,15,pago,aplicativo
4076,2026-04-11 13:40:00,1360,SC,Casa,cafeteira,2,127.82,10,entregue,marketplace
4077,2026-04-04 16:05:00,1742,GO,Casa,luminária,5,893.82,15,pago,marketplace
4078,2026-04-12 08:27:00,1319,SC,Casa,organizador,1,525.81,5,pago,aplicativo
4079,2026-04-01 06:41:00,1740,PE,Esportes,tapete,5,431.0,10,cancelado,site
4080,2026-04-18 04:45:00,1516,GO,Livros,romance,4,196.62,0,enviado,marketplace
4081,2026-04-27 08:12:00,1367,RJ,Eletrônicos,teclado,5,1173.9,0,entregue,marketplace
4082,2026-04-08 19:07:00,1166,BA,Livros,romance,5,505.89,0,enviado,site
4083,2026-04-15 21:36:00,1627,RJ,Eletrônicos,mouse,3,448.28,10,cancelado,site
4084,2026-04-05 12:40:00,1026,GO,Livros,livro técnico,4,469.85,0,enviado,aplicativo
4085,2026-04-17 04:16:00,1751,SP,Casa,organizador,3,1103.62,0,pago,aplicativo
4086,2026-04-07 11:29:00,1144,PR,Casa,organizador,3,210.12,15,cancelado,marketplace
4087,2026-04-10 01:03:00,1904,MG,Esportes,garrafa,2,953.62,10,pago,site
4088,2026-04-21 02:04:00,1064,PR,Papelaria,caderno,3,1417.36,0,cancelado,marketplace
4089,2026-04-06 11:04:00,1072,MG,Livros,livro técnico,4,1126.31,10,cancelado,site
4090,2026-04-04 04:49:00,1089,PE,Esportes,garrafa,5,1263.48,0,enviado,site
4091,2026-04-23 22:21:00,1412,MG,Eletrônicos,mouse,2,90.22,5,entregue,marketplace
4092,2026-04-02 04:46:00,1027,PR,Livros,biografia,5,152.33,0,enviado,marketplace
4093,2026-04-25 21:37:00,1974,BA,Esportes,tapete,1,1019.49,0,enviado,site
4094,2026-04-14 20:39:00,1077,PE,Papelaria,caderno,1,820.52,5,pago,site
4095,2026-04-20 05:39:00,1064,GO,Papelaria,caneta,5,711.17,5,enviado,site
4096,2026-04-26 20:16:00,1621,SC,Eletrônicos,teclado,1,322.34,0,pago,aplicativo
4097,2026-04-15 04:07:00,1680,SC,Casa,cafeteira,3,327.44,0,entregue,aplicativo
4098,2026-04-02 23:23:00,1421,BA,Casa,luminária,1,1307.48,0,entregue,aplicativo
4099,2026-04-01 13:05:00,1644,PE,Eletrônicos,fone,1,306.92,0,entregue,aplicativo
4100,2026-04-21 17:12:00,1584,PE,Livros,biografia,2,80.51,5,enviado,marketplace
4101,2026-04-11 13:25:00,1611,BA,Casa,cafeteira,4,1134.98,15,cancelado,site
4102,2026-04-18 04:37:00,1813,RJ,Eletrônicos,teclado,5,1203.1,10,cancelado,marketplace
4103,2026-04-23 08:25:00,1433,SC,Papelaria,caneta,4,1377.56,0,enviado,marketplace
4104,2026-04-30 20:50:00,1078,MG,Esportes,tapete,2,913.64,0,enviado,marketplace
4105,2026-04-29 22:31:00,1819,MG,Esportes,mochila,1,423.83,5,enviado,site
4106,2026-04-06 07:41:00,1601,PE,Livros,romance,3,518.96,10,cancelado,marketplace
4107,2026-04-21 18:20:00,1848,PR,Eletrônicos,mouse,3,179.07,10,pago,aplicativo
4108,2026-04-19 07:53:00,1797,PE,Papelaria,agenda,1,379.48,15,pago,aplicativo
4109,2026-04-24 05:03:00,1339,PR,Esportes,tapete,5,168.0,10,entregue,site
4110,2026-04-07 09:08:00,1033,BA,Esportes,mochila,3,1242.59,10,enviado,site
4111,2026-04-21 09:23:00,1083,BA,Papelaria,caderno,3,56.33,5,enviado,marketplace
4112,2026-04-21 18:10:00,1008,MG,Livros,romance,1,1110.93,15,pago,aplicativo
4113,2026-04-26 10:29:00,1672,PE,Casa,organizador,2,92.2,0,entregue,marketplace
4114,2026-04-16 07:37:00,1773,PR,Livros,biografia,3,407.8,0,cancelado,marketplace
4115,2026-04-19 19:18:00,1466,SC,Papelaria,agenda,5,1313.05,10,enviado,marketplace
4116,2026-04-02 10:10:00,1758,SP,Casa,luminária,4,1171.64,15,pago,aplicativo
4117,2026-04-15 02:59:00,1506,RJ,Eletrônicos,mouse,1,1175.61,0,cancelado,site
4118,2026-04-23 09:09:00,1550,SP,Esportes,tapete,3,151.22,0,entregue,marketplace
4119,2026-04-23 00:05:00,1083,GO,Esportes,tapete,3,1427.04,0,cancelado,site
4120,2026-04-23 15:28:00,1060,PE,Livros,romance,5,827.43,5,pago,site
4121,2026-04-23 20:24:00,1474,SC,Eletrônicos,fone,1,354.09,0,entregue,aplicativo
4122,2026-04-13 23:35:00,1675,PE,Eletrônicos,mouse,2,1180.89,0,cancelado,site
4123,2026-04-18 02:55:00,1675,GO,Casa,organizador,5,853.78,10,cancelado,marketplace
4124,2026-04-03 17:21:00,1772,PR,Livros,biografia,1,398.57,0,pago,aplicativo
4125,2026-04-28 01:40:00,1899,MG,Esportes,mochila,3,611.88,10,enviado,aplicativo
4126,2026-04-13 20:34:00,1875,RJ,Esportes,garrafa,1,1394.35,15,enviado,site
4127,2026-04-20 09:18:00,1786,PE,Eletrônicos,mouse,2,212.49,0,entregue,aplicativo
4128,2026-04-05 09:50:00,1522,RJ,Esportes,tapete,2,700.94,10,pago,aplicativo
4129,2026-04-12 04:24:00,1277,PR,Eletrônicos,fone,4,413.51,15,enviado,aplicativo
4130,2026-04-22 08:16:00,1303,SP,Esportes,mochila,3,322.88,0,entregue,site
4131,2026-04-06 14:51:00,1074,BA,Casa,luminária,3,172.74,0,pago,marketplace
4132,2026-04-07 06:11:00,1028,GO,Eletrônicos,mouse,1,738.31,0,cancelado,marketplace
4133,2026-04-03 09:37:00,1802,SP,Papelaria,caderno,3,1308.0,0,pago,marketplace
4134,2026-04-08 11:04:00,1662,GO,Livros,romance,4,984.44,0,entregue,site
4135,2026-04-07 04:38:00,1323,GO,Papelaria,caneta,1,194.3,5,pago,marketplace
4136,2026-04-29 06:29:00,1584,PE,Livros,biografia,3,1104.49,5,pago,marketplace
4137,2026-04-15 07:36:00,1214,SC,Livros,romance,3,807.62,0,cancelado,marketplace
4138,2026-04-30 04:18:00,1639,BA,Casa,cafeteira,1,805.45,0,entregue,site
4139,2026-04-07 01:53:00,1199,BA,Casa,luminária,5,561.95,0,entregue,marketplace
4140,2026-04-10 09:17:00,1971,BA,Eletrônicos,mouse,2,766.9,0,entregue,site
4141,2026-04-03 01:46:00,1893,SC,Esportes,tapete,5,141.16,15,cancelado,site
4142,2026-04-14 09:52:00,1933,MG,Livros,romance,3,279.44,15,cancelado,aplicativo
4143,2026-04-12 12:27:00,1292,PE,Esportes,tapete,5,591.87,10,enviado,site
4144,2026-04-13 20:21:00,1826,SP,Livros,romance,1,657.79,5,enviado,aplicativo
4145,2026-04-20 18:28:00,1128,SC,Livros,biografia,3,1211.28,0,cancelado,aplicativo
4146,2026-04-26 14:22:00,1360,PE,Papelaria,caderno,4,40.84,0,enviado,site
4147,2026-04-02 02:36:00,1479,MG,Eletrônicos,teclado,3,387.39,0,enviado,marketplace
4148,2026-04-05 05:07:00,1773,GO,Esportes,garrafa,1,864.52,10,enviado,site
4149,2026-04-02 09:56:00,1450,MG,Livros,romance,4,1428.78,0,pago,marketplace
4150,2026-04-10 03:51:00,1127,GO,Esportes,tapete,1,334.23,0,pago,marketplace
4151,2026-04-27 14:25:00,1304,PR,Casa,cafeteira,5,767.69,10,entregue,aplicativo
4152,2026-04-26 08:11:00,1586,BA,Casa,organizador,2,1031.66,0,cancelado,site
4153,2026-04-13 01:00:00,1583,GO,Esportes,mochila,3,510.82,0,entregue,marketplace
4154,2026-04-21 18:31:00,1750,RJ,Papelaria,caneta,2,678.45,0,pago,aplicativo
4155,2026-04-30 23:31:00,1820,MG,Livros,biografia,4,1096.73,10,enviado,site
4156,2026-04-13 17:40:00,1923,SP,Casa,cafeteira,2,327.78,0,cancelado,marketplace
4157,2026-04-18 15:12:00,1104,SC,Casa,organizador,4,1378.0,0,pago,marketplace
4158,2026-04-13 15:49:00,1745,GO,Livros,livro técnico,3,999.03,0,pago,site
4159,2026-04-11 12:45:00,1516,RJ,Papelaria,caneta,1,1447.59,0,pago,site
4160,2026-04-28 10:44:00,1165,SP,Casa,cafeteira,4,1164.67,0,entregue,marketplace
4161,2026-04-24 22:24:00,1735,MG,Livros,livro técnico,4,1171.97,5,cancelado,aplicativo
4162,2026-04-10 09:18:00,1639,PR,Livros,livro técnico,3,1051.83,0,enviado,marketplace
4163,2026-04-07 01:28:00,1732,SC,Esportes,garrafa,5,1445.45,10,cancelado,marketplace
4164,2026-04-04 15:10:00,1844,BA,Papelaria,caderno,1,71.19,0,cancelado,site
4165,2026-04-08 12:22:00,1069,PE,Esportes,tapete,2,1342.11,15,entregue,marketplace
4166,2026-04-26 21:46:00,1682,GO,Papelaria,caneta,3,332.7,5,pago,aplicativo
4167,2026-04-12 07:33:00,1114,SP,Livros,romance,3,280.46,10,enviado,site
4168,2026-04-11 02:27:00,1031,BA,Papelaria,caneta,1,719.7,0,enviado,aplicativo
4169,2026-04-05 19:10:00,1133,SC,Esportes,garrafa,2,1334.74,0,pago,marketplace
4170,2026-04-16 11:14:00,1052,MG,Livros,biografia,4,1008.06,0,pago,marketplace
4171,2026-04-25 18:18:00,1733,SP,Casa,organizador,1,915.17,5,enviado,site
4172,2026-04-30 19:39:00,1643,SC,Eletrônicos,mouse,1,1308.4,0,entregue,aplicativo
4173,2026-04-28 03:13:00,1658,BA,Casa,luminária,5,626.15,0,enviado,site
4174,2026-04-15 22:06:00,1830,SC,Casa,luminária,3,181.33,0,cancelado,marketplace
4175,2026-04-08 14:47:00,1201,SP,Eletrônicos,fone,5,793.4,0,cancelado,site
4176,2026-04-04 01:13:00,1476,BA,Papelaria,caneta,1,262.26,15,entregue,site
4177,2026-04-03 03:25:00,1454,GO,Casa,luminária,4,977.94,10,cancelado,aplicativo
4178,2026-04-25 15:08:00,1346,SP,Livros,biografia,5,514.78,0,entregue,aplicativo
4179,2026-04-29 03:41:00,1848,SC,Eletrônicos,teclado,2,1352.87,5,cancelado,marketplace
4180,2026-04-18 21:38:00,1131,SC,Livros,biografia,2,757.54,0,pago,marketplace
4181,2026-04-07 02:43:00,1040,PE,Eletrônicos,teclado,2,980.44,0,entregue,site
4182,2026-04-07 15:43:00,1108,SC,Livros,romance,4,398.58,0,entregue,marketplace
4183,2026-04-14 00:58:00,1109,GO,Casa,cafeteira,4,679.21,0,cancelado,marketplace
4184,2026-04-20 02:10:00,1577,BA,Papelaria,agenda,5,478.85,0,pago,site
4185,2026-04-30 09:11:00,1830,GO,Eletrônicos,teclado,4,965.25,5,entregue,site
4186,2026-04-29 10:27:00,1241,SC,Papelaria,caneta,5,920.61,0,enviado,aplicativo
4187,2026-04-04 07:10:00,1990,MG,Esportes,garrafa,3,866.74,0,cancelado,marketplace
4188,2026-04-28 04:46:00,1534,MG,Livros,romance,3,1473.44,5,pago,aplicativo
4189,2026-04-14 07:44:00,1040,SC,Esportes,garrafa,5,309.35,0,pago,marketplace
4190,2026-04-18 22:15:00,1805,MG,Esportes,tapete,4,1350.9,10,enviado,site
4191,2026-04-08 05:42:00,1480,PR,Casa,cafeteira,3,1166.71,0,enviado,aplicativo
4192,2026-04-09 09:37:00,1074,MG,Esportes,tapete,2,17.24,10,entregue,aplicativo
4193,2026-04-16 21:07:00,1806,RJ,Papelaria,agenda,3,358.85,15,entregue,site
4194,2026-04-18 07:46:00,1020,SP,Livros,romance,5,814.08,15,pago,aplicativo
4195,2026-04-10 16:29:00,1417,SP,Esportes,mochila,2,55.93,0,pago,site
4196,2026-04-30 18:36:00,1193,MG,Esportes,tapete,5,778.22,5,entregue,marketplace
4197,2026-04-21 01:53:00,1835,SP,Papelaria,caneta,4,1203.89,5,pago,site
4198,2026-04-18 04:08:00,1101,PE,Esportes,tapete,2,378.81,5,pago,site
4199,2026-04-27 21:48:00,1081,SC,Livros,biografia,3,1338.69,0,enviado,aplicativo
4200,2026-04-04 18:03:00,1676,GO,Papelaria,caneta,2,760.56,15,cancelado,aplicativo
4201,2026-04-17 06:47:00,1913,SC,Casa,luminária,4,1201.99,0,entregue,aplicativo
4202,2026-04-20 21:27:00,1439,RJ,Livros,biografia,5,232.37,10,cancelado,aplicativo
4203,2026-04-08 18:03:00,1500,BA,Eletrônicos,teclado,2,945.37,0,pago,marketplace
4204,2026-04-23 18:45:00,1481,MG,Papelaria,agenda,4,318.79,0,enviado,site
4205,2026-04-10 07:51:00,1730,PR,Casa,luminária,5,1305.58,10,enviado,site
4206,2026-04-02 02:00:00,1014,SC,Livros,biografia,1,325.32,0,pago,aplicativo
4207,2026-04-12 18:25:00,1945,BA,Livros,biografia,4,685.54,5,pago,aplicativo
4208,2026-04-22 03:31:00,1665,GO,Livros,livro técnico,4,20.53,0,cancelado,marketplace
4209,2026-04-27 05:56:00,1086,RJ,Papelaria,caderno,4,1031.58,15,entregue,aplicativo
4210,2026-04-19 05:38:00,1503,SC,Esportes,mochila,4,1399.0,5,cancelado,aplicativo
4211,2026-04-22 21:00:00,1996,GO,Esportes,tapete,1,847.59,0,pago,marketplace
4212,2026-04-07 08:33:00,1600,GO,Livros,biografia,3,501.0,0,enviado,site
4213,2026-04-03 19:44:00,1294,SC,Esportes,tapete,5,210.2,10,cancelado,site
4214,2026-04-14 14:40:00,1758,PE,Esportes,tapete,2,258.25,5,pago,marketplace
4215,2026-04-02 20:20:00,1424,MG,Papelaria,caneta,5,1242.04,5,enviado,marketplace
4216,2026-04-13 13:03:00,1035,SP,Papelaria,caneta,4,1202.61,0,entregue,aplicativo
4217,2026-04-27 14:03:00,1038,PR,Esportes,garrafa,2,1202.15,0,entregue,site
4218,2026-04-05 01:10:00,1557,PR,Eletrônicos,fone,5,1232.93,0,enviado,site
4219,2026-04-06 02:22:00,1820,PE,Eletrônicos,fone,1,606.72,0,entregue,aplicativo
4220,2026-04-15 13:17:00,1380,MG,Papelaria,caneta,3,539.66,10,cancelado,site
4221,2026-04-13 13:59:00,1197,GO,Livros,livro técnico,5,691.61,0,entregue,aplicativo
4222,2026-04-15 10:39:00,1074,SC,Papelaria,caderno,5,1320.75,0,cancelado,marketplace
4223,2026-04-11 23:49:00,1336,BA,Eletrônicos,mouse,4,1433.31,10,cancelado,site
4224,2026-04-27 04:14:00,1363,GO,Casa,cafeteira,3,111.75,15,enviado,aplicativo
4225,2026-04-06 13:59:00,1614,RJ,Esportes,garrafa,4,202.07,5,entregue,marketplace
4226,2026-04-08 15:37:00,1606,PR,Esportes,tapete,4,1204.54,15,entregue,site
4227,2026-04-17 11:16:00,1856,RJ,Esportes,mochila,4,1449.49,5,enviado,aplicativo
4228,2026-04-28 14:08:00,1907,SP,Esportes,mochila,1,1220.85,0,enviado,marketplace
4229,2026-04-28 14:41:00,1777,SP,Esportes,garrafa,5,476.08,15,enviado,site
4230,2026-04-21 16:06:00,1162,RJ,Casa,cafeteira,2,195.06,0,pago,marketplace
4231,2026-04-13 11:17:00,1920,BA,Eletrônicos,mouse,4,265.57,0,entregue,aplicativo
4232,2026-04-02 14:56:00,1096,GO,Casa,luminária,3,643.28,0,enviado,marketplace
4233,2026-04-17 01:21:00,1037,MG,Casa,cafeteira,3,291.03,0,cancelado,site
4234,2026-04-25 12:08:00,1093,PE,Livros,livro técnico,1,360.18,15,cancelado,aplicativo
4235,2026-04-24 23:40:00,1858,PE,Livros,biografia,1,1012.12,0,pago,site
4236,2026-04-14 12:58:00,1194,BA,Livros,biografia,1,736.91,0,pago,marketplace
4237,2026-04-12 05:31:00,1964,MG,Papelaria,caderno,5,90.62,10,cancelado,site
4238,2026-04-13 06:43:00,1004,PE,Casa,organizador,2,138.2,10,pago,aplicativo
4239,2026-04-26 08:40:00,1178,PR,Esportes,garrafa,3,1056.88,0,enviado,aplicativo
4240,2026-04-30 06:24:00,1225,SC,Esportes,mochila,4,538.35,0,cancelado,aplicativo
4241,2026-04-06 19:01:00,1454,BA,Eletrônicos,teclado,4,1421.05,0,entregue,aplicativo
4242,2026-04-14 02:40:00,1479,RJ,Papelaria,caderno,2,1364.61,5,cancelado,site
4243,2026-04-12 05:51:00,1594,PR,Livros,biografia,5,1120.01,0,entregue,site
4244,2026-04-03 07:42:00,1852,MG,Esportes,mochila,1,525.16,15,pago,site
4245,2026-04-29 23:19:00,1255,SP,Livros,livro técnico,4,244.82,10,entregue,marketplace
4246,2026-04-21 07:39:00,1484,PR,Casa,organizador,2,1060.24,10,pago,site
4247,2026-04-02 23:24:00,1226,SC,Papelaria,agenda,1,1036.1,0,enviado,aplicativo
4248,2026-04-12 00:47:00,1580,BA,Livros,biografia,3,698.32,0,entregue,site
4249,2026-04-05 01:50:00,1431,MG,Eletrônicos,mouse,2,60.06,15,cancelado,marketplace
4250,2026-04-05 01:02:00,1046,SP,Livros,biografia,3,1252.9,0,cancelado,aplicativo
4251,2026-04-13 03:41:00,1297,PE,Casa,organizador,2,1237.33,15,cancelado,marketplace
4252,2026-04-07 16:57:00,1160,SP,Eletrônicos,teclado,1,700.45,0,enviado,aplicativo
4253,2026-04-23 18:22:00,1244,BA,Esportes,mochila,2,698.11,0,cancelado,marketplace
4254,2026-04-22 22:54:00,1108,SP,Livros,biografia,5,1374.84,0,entregue,site
4255,2026-04-02 23:37:00,1602,SP,Eletrônicos,fone,1,1001.75,0,enviado,aplicativo
4256,2026-04-20 07:15:00,1660,SC,Papelaria,agenda,4,1328.22,0,cancelado,aplicativo
4257,2026-04-06 11:43:00,1490,MG,Papelaria,caneta,5,990.52,5,pago,site
4258,2026-04-20 04:00:00,1653,PR,Livros,romance,2,283.88,0,cancelado,aplicativo
4259,2026-04-13 23:20:00,1960,RJ,Esportes,mochila,3,452.06,5,enviado,aplicativo
4260,2026-04-15 05:27:00,1506,PR,Eletrônicos,teclado,3,1459.57,0,entregue,site
4261,2026-04-26 21:22:00,1690,GO,Esportes,tapete,3,1058.42,10,entregue,marketplace
4262,2026-04-19 17:50:00,1012,SP,Esportes,tapete,2,1060.96,5,entregue,site
4263,2026-04-18 23:37:00,1754,PE,Casa,cafeteira,5,391.87,0,pago,site
4264,2026-04-09 08:59:00,1994,MG,Papelaria,caderno,3,147.95,0,entregue,aplicativo
4265,2026-04-29 20:23:00,1377,PR,Esportes,mochila,4,965.35,0,cancelado,aplicativo
4266,2026-04-13 10:12:00,1071,PE,Esportes,garrafa,2,1404.21,0,enviado,site
4267,2026-04-22 11:24:00,1047,RJ,Casa,cafeteira,2,1187.21,0,enviado,marketplace
4268,2026-04-06 13:06:00,1016,PR,Papelaria,caderno,3,961.18,0,entregue,marketplace
4269,2026-04-07 22:55:00,1170,BA,Casa,cafeteira,1,139.55,15,entregue,marketplace
4270,2026-04-26 08:23:00,1266,SP,Esportes,garrafa,4,1209.84,15,entregue,site
4271,2026-04-25 20:07:00,1479,PR,Papelaria,caderno,3,1129.77,5,cancelado,marketplace
4272,2026-04-03 06:56:00,1973,SC,Papelaria,caderno,5,242.19,0,cancelado,aplicativo
4273,2026-04-28 15:37:00,1316,PR,Esportes,tapete,4,1394.63,0,entregue,site
4274,2026-04-24 00:12:00,1162,BA,Papelaria,caneta,1,798.77,0,enviado,aplicativo
4275,2026-04-26 23:32:00,1488,MG,Esportes,garrafa,4,576.68,0,enviado,site
4276,2026-04-08 05:29:00,1499,PR,Livros,romance,3,1079.58,5,enviado,aplicativo
4277,2026-04-13 07:26:00,1478,MG,Eletrônicos,mouse,2,1173.63,15,enviado,aplicativo
4278,2026-04-19 22:35:00,1407,RJ,Livros,romance,1,536.62,0,cancelado,site
4279,2026-04-18 05:20:00,1890,GO,Papelaria,caderno,2,758.21,10,cancelado,marketplace
4280,2026-04-24 17:55:00,1978,SC,Papelaria,agenda,5,1450.78,0,entregue,marketplace
4281,2026-04-12 04:29:00,1696,BA,Livros,livro técnico,1,785.01,5,entregue,aplicativo
4282,2026-04-14 15:20:00,1279,SP,Eletrônicos,fone,5,1462.78,0,enviado,site
4283,2026-04-25 18:41:00,1028,RJ,Papelaria,caderno,4,873.16,0,entregue,aplicativo
4284,2026-04-04 02:24:00,1823,MG,Esportes,mochila,2,746.0,5,enviado,marketplace
4285,2026-04-01 02:34:00,1093,MG,Papelaria,agenda,2,1396.27,0,pago,aplicativo
4286,2026-04-23 19:24:00,1782,BA,Casa,luminária,2,56.31,15,enviado,site
4287,2026-04-17 13:22:00,1155,PR,Papelaria,caderno,1,1392.99,0,cancelado,marketplace
4288,2026-04-04 00:42:00,1298,SP,Casa,cafeteira,5,834.44,0,enviado,aplicativo
4289,2026-04-12 02:57:00,1125,GO,Eletrônicos,fone,4,289.07,0,enviado,marketplace
4290,2026-04-01 19:50:00,1919,PR,Livros,biografia,1,998.0,5,cancelado,marketplace
4291,2026-04-27 04:22:00,1714,SP,Livros,romance,1,1051.74,15,pago,marketplace
4292,2026-04-04 14:29:00,1974,SC,Papelaria,agenda,4,1304.54,0,enviado,aplicativo
4293,2026-04-11 20:27:00,1263,PR,Livros,biografia,5,1365.41,5,pago,aplicativo
4294,2026-04-13 22:56:00,1736,SC,Eletrônicos,teclado,3,658.69,0,pago,aplicativo
4295,2026-04-26 03:25:00,1463,SP,Eletrônicos,mouse,2,729.12,10,enviado,site
4296,2026-04-03 02:53:00,1638,PR,Livros,livro técnico,5,24.41,10,enviado,aplicativo
4297,2026-04-06 04:33:00,1183,PR,Papelaria,agenda,2,178.75,15,pago,site
4298,2026-04-10 18:30:00,1182,PE,Livros,biografia,1,824.11,0,entregue,site
4299,2026-04-08 06:57:00,1369,MG,Esportes,tapete,1,1327.24,0,enviado,site
4300,2026-04-22 06:26:00,1577,BA,Eletrônicos,teclado,3,256.78,15,enviado,site
4301,2026-04-02 05:01:00,1103,RJ,Esportes,tapete,4,674.44,0,pago,aplicativo
4302,2026-04-25 10:33:00,1421,MG,Esportes,mochila,5,20.52,0,pago,aplicativo
4303,2026-04-19 01:36:00,1895,PE,Casa,cafeteira,2,654.14,0,pago,site
4304,2026-04-28 23:30:00,1587,PE,Casa,luminária,1,730.16,0,enviado,marketplace
4305,2026-04-01 13:01:00,1369,PR,Eletrônicos,teclado,1,916.42,0,pago,site
4306,2026-04-21 08:38:00,1330,BA,Livros,livro técnico,1,796.15,10,entregue,site
4307,2026-04-19 18:57:00,1951,SC,Papelaria,caneta,4,102.8,5,entregue,aplicativo
4308,2026-04-23 09:32:00,1050,SP,Esportes,mochila,5,986.03,0,pago,marketplace
4309,2026-04-13 09:45:00,1675,PE,Esportes,tapete,1,516.22,10,enviado,aplicativo
4310,2026-04-01 08:29:00,1086,SC,Livros,biografia,2,668.38,5,cancelado,site
4311,2026-04-09 12:41:00,1578,SP,Casa,cafeteira,1,1271.66,10,enviado,site
4312,2026-04-05 21:53:00,1092,MG,Eletrônicos,teclado,1,1241.36,0,pago,aplicativo
4313,2026-04-25 07:26:00,1031,RJ,Casa,organizador,5,898.84,0,pago,site
4314,2026-04-19 06:14:00,1322,RJ,Livros,livro técnico,1,1014.87,15,entregue,aplicativo
4315,2026-04-05 00:54:00,1471,SP,Eletrônicos,mouse,4,414.56,0,cancelado,marketplace
4316,2026-04-26 07:27:00,1415,PR,Esportes,mochila,1,253.66,0,pago,aplicativo
4317,2026-04-15 00:18:00,1649,PE,Papelaria,caderno,5,1030.26,0,pago,marketplace
4318,2026-04-05 13:00:00,1771,PE,Eletrônicos,fone,3,1051.06,5,cancelado,aplicativo
4319,2026-04-04 05:47:00,1598,BA,Esportes,tapete,2,409.28,5,pago,site
4320,2026-04-26 20:40:00,1156,RJ,Esportes,garrafa,4,639.03,0,pago,aplicativo
4321,2026-04-06 20:49:00,1905,MG,Esportes,garrafa,2,837.13,0,entregue,site
4322,2026-04-23 23:22:00,1894,MG,Livros,romance,4,696.07,0,entregue,site
4323,2026-04-29 02:13:00,1939,BA,Casa,luminária,5,970.06,0,entregue,marketplace
4324,2026-04-22 14:03:00,1802,PR,Papelaria,agenda,3,1066.04,5,enviado,aplicativo
4325,2026-04-28 15:45:00,1897,PR,Casa,cafeteira,2,946.64,0,cancelado,marketplace
4326,2026-04-12 14:27:00,1030,PR,Eletrônicos,fone,5,759.51,15,cancelado,site
4327,2026-04-15 00:47:00,1784,GO,Papelaria,agenda,3,805.24,0,enviado,marketplace
4328,2026-04-27 15:33:00,1570,PR,Esportes,garrafa,3,1087.03,5,entregue,site
4329,2026-04-04 12:35:00,1566,GO,Casa,cafeteira,4,613.84,0,cancelado,site
4330,2026-04-11 16:19:00,1877,PE,Livros,livro técnico,1,1409.22,15,enviado,site
4331,2026-04-20 07:15:00,1199,PR,Eletrônicos,teclado,3,1171.52,0,entregue,marketplace
4332,2026-04-18 00:56:00,1407,PR,Casa,luminária,3,1324.54,0,enviado,aplicativo
4333,2026-04-08 19:08:00,1818,GO,Casa,organizador,2,1331.47,0,entregue,aplicativo
4334,2026-04-13 13:23:00,1272,BA,Eletrônicos,teclado,3,1200.83,0,entregue,site
4335,2026-04-07 16:53:00,1086,RJ,Livros,romance,1,706.11,0,entregue,aplicativo
4336,2026-04-22 18:09:00,1656,PE,Papelaria,caneta,2,1150.31,0,entregue,site
4337,2026-04-11 19:33:00,1517,RJ,Livros,romance,3,121.15,10,pago,site
4338,2026-04-23 08:25:00,1657,MG,Esportes,tapete,3,994.34,0,enviado,marketplace
4339,2026-04-21 02:57:00,1177,PE,Papelaria,agenda,4,1095.38,0,enviado,marketplace
4340,2026-04-25 01:03:00,1903,SC,Papelaria,agenda,3,1149.36,10,pago,aplicativo
4341,2026-04-03 18:47:00,1475,BA,Casa,luminária,1,399.02,15,pago,marketplace
4342,2026-04-22 20:24:00,1904,MG,Casa,organizador,2,82.59,5,enviado,aplicativo
4343,2026-04-09 22:42:00,1078,SP,Livros,biografia,5,146.77,0,cancelado,aplicativo
4344,2026-04-22 18:32:00,1547,GO,Casa,cafeteira,2,469.72,15,pago,marketplace
4345,2026-04-29 18:12:00,1425,SP,Eletrônicos,teclado,4,636.87,15,cancelado,site
4346,2026-04-28 01:49:00,1641,GO,Eletrônicos,teclado,2,1127.43,0,pago,site
4347,2026-04-23 08:23:00,1612,SP,Eletrônicos,mouse,4,513.87,5,pago,aplicativo
4348,2026-04-16 22:17:00,1595,SP,Esportes,garrafa,1,170.15,0,entregue,site
4349,2026-04-09 16:38:00,1083,GO,Casa,cafeteira,1,12.46,0,pago,site
4350,2026-04-26 09:23:00,1950,GO,Esportes,garrafa,5,1443.27,15,enviado,site
4351,2026-04-26 05:19:00,1400,RJ,Casa,luminária,3,1123.82,10,entregue,site
4352,2026-04-22 00:43:00,1633,GO,Livros,livro técnico,4,930.65,15,cancelado,marketplace
4353,2026-04-02 11:24:00,1953,SP,Livros,livro técnico,1,436.02,0,entregue,site
4354,2026-04-01 15:07:00,1657,SC,Livros,romance,2,1264.86,0,enviado,marketplace
4355,2026-04-04 01:58:00,1735,BA,Papelaria,caneta,5,558.64,10,entregue,marketplace
4356,2026-04-28 06:56:00,1279,SC,Papelaria,agenda,3,992.95,15,cancelado,site
4357,2026-04-28 16:58:00,1515,MG,Esportes,mochila,5,352.14,0,entregue,aplicativo
4358,2026-04-22 08:31:00,1675,PR,Esportes,mochila,4,670.93,0,cancelado,aplicativo
4359,2026-04-17 19:00:00,1600,PR,Eletrônicos,fone,5,416.17,15,pago,aplicativo
4360,2026-04-11 11:05:00,1583,SP,Eletrônicos,teclado,2,518.09,5,pago,site
4361,2026-04-26 02:25:00,1647,GO,Papelaria,caneta,5,952.76,5,cancelado,marketplace
4362,2026-04-20 01:49:00,1216,BA,Eletrônicos,mouse,3,1018.0,5,pago,aplicativo
4363,2026-04-08 19:13:00,1089,SP,Livros,livro técnico,1,755.61,0,cancelado,site
4364,2026-04-15 03:28:00,1858,PE,Casa,organizador,1,794.33,0,entregue,aplicativo
4365,2026-04-03 18:30:00,1513,BA,Papelaria,caneta,5,953.47,0,cancelado,aplicativo
4366,2026-04-08 04:00:00,1820,PE,Casa,organizador,2,711.24,5,entregue,site
4367,2026-04-19 23:51:00,1943,BA,Esportes,mochila,3,693.53,0,cancelado,aplicativo
4368,2026-04-17 01:09:00,1744,MG,Papelaria,agenda,3,123.31,0,entregue,marketplace
4369,2026-04-20 01:59:00,1468,SP,Papelaria,caneta,1,992.91,0,enviado,site
4370,2026-04-29 21:04:00,1929,MG,Esportes,mochila,5,417.89,15,cancelado,aplicativo
4371,2026-04-29 09:45:00,1406,SC,Casa,luminária,3,1021.18,10,pago,site
4372,2026-04-24 12:42:00,1347,PE,Eletrônicos,fone,1,662.11,0,entregue,site
4373,2026-04-04 17:43:00,1963,MG,Livros,biografia,3,223.82,10,entregue,aplicativo
4374,2026-04-25 17:29:00,1348,RJ,Livros,livro técnico,2,1016.82,10,cancelado,aplicativo
4375,2026-04-08 07:52:00,1629,PE,Casa,organizador,4,114.78,0,cancelado,marketplace
4376,2026-04-13 08:08:00,1060,BA,Casa,luminária,2,43.41,0,enviado,aplicativo
4377,2026-04-04 03:18:00,1539,SC,Esportes,garrafa,5,749.08,5,enviado,marketplace
4378,2026-04-18 09:40:00,1923,BA,Casa,cafeteira,5,1340.72,0,enviado,marketplace
4379,2026-04-14 01:19:00,1104,RJ,Papelaria,caderno,4,136.69,5,pago,site
4380,2026-04-11 12:45:00,1062,BA,Casa,cafeteira,3,429.24,10,entregue,site
4381,2026-04-20 13:32:00,1055,MG,Esportes,mochila,1,949.39,0,pago,site
4382,2026-04-25 14:08:00,1049,MG,Esportes,mochila,1,56.81,0,cancelado,aplicativo
4383,2026-04-21 19:54:00,1801,SC,Esportes,tapete,4,367.85,5,entregue,aplicativo
4384,2026-04-17 06:01:00,1356,PE,Esportes,tapete,3,930.05,0,enviado,aplicativo
4385,2026-04-28 21:58:00,1338,PE,Papelaria,caderno,2,543.76,15,pago,site
4386,2026-04-18 09:02:00,1639,PR,Eletrônicos,fone,5,479.55,0,enviado,site
4387,2026-04-07 03:46:00,1196,PR,Papelaria,agenda,2,982.67,0,enviado,aplicativo
4388,2026-04-30 19:14:00,1532,BA,Eletrônicos,teclado,3,1122.6,0,cancelado,site
4389,2026-04-12 09:30:00,1017,GO,Casa,organizador,2,1202.42,5,pago,aplicativo
4390,2026-04-05 19:54:00,1327,RJ,Esportes,tapete,3,465.51,10,cancelado,aplicativo
4391,2026-04-20 02:49:00,1982,PE,Casa,luminária,5,1476.27,15,entregue,marketplace
4392,2026-04-27 08:18:00,1464,PR,Casa,organizador,1,269.65,0,pago,aplicativo
4393,2026-04-22 18:05:00,1940,MG,Papelaria,caneta,3,259.92,0,enviado,site
4394,2026-04-29 05:12:00,1211,SC,Livros,biografia,4,1154.93,0,entregue,marketplace
4395,2026-04-13 00:52:00,1543,RJ,Casa,cafeteira,5,1008.15,15,entregue,marketplace
4396,2026-04-18 11:31:00,1694,BA,Livros,livro técnico,5,877.74,15,entregue,aplicativo
4397,2026-04-14 08:15:00,1305,GO,Esportes,mochila,3,1153.51,0,enviado,marketplace
4398,2026-04-12 17:36:00,1074,BA,Eletrônicos,fone,2,461.71,0,cancelado,aplicativo
4399,2026-04-16 00:42:00,1261,SC,Papelaria,caneta,1,1183.32,10,cancelado,aplicativo
4400,2026-04-16 18:38:00,1782,SP,Papelaria,agenda,1,1341.0,0,cancelado,aplicativo
4401,2026-04-29 00:54:00,1695,PR,Eletrônicos,mouse,4,740.24,15,entregue,site
4402,2026-04-02 06:25:00,1058,PE,Casa,cafeteira,1,697.53,15,pago,marketplace
4403,2026-04-13 06:44:00,1717,GO,Esportes,garrafa,1,1012.65,0,cancelado,site
4404,2026-04-14 13:34:00,1012,SC,Casa,cafeteira,5,930.94,15,pago,aplicativo
4405,2026-04-22 21:51:00,1331,MG,Livros,romance,4,524.51,15,enviado,marketplace
4406,2026-04-10 03:47:00,1890,MG,Papelaria,agenda,5,1134.12,5,entregue,site
4407,2026-04-03 09:02:00,1433,GO,Livros,biografia,5,1403.95,0,entregue,aplicativo
4408,2026-04-15 19:05:00,1373,GO,Esportes,garrafa,4,130.62,5,cancelado,marketplace
4409,2026-04-02 23:07:00,1579,PR,Papelaria,caneta,4,1401.99,0,cancelado,aplicativo
4410,2026-04-01 15:27:00,1349,BA,Esportes,mochila,3,187.93,5,pago,site
4411,2026-04-27 17:10:00,1342,GO,Casa,luminária,2,289.17,0,entregue,site
4412,2026-04-17 23:37:00,1404,GO,Papelaria,caderno,1,894.25,0,enviado,marketplace
4413,2026-04-21 12:39:00,1865,PE,Esportes,mochila,5,1260.86,15,cancelado,marketplace
4414,2026-04-14 20:14:00,1538,SC,Esportes,mochila,5,1132.96,10,cancelado,marketplace
4415,2026-04-27 00:23:00,1435,PR,Casa,luminária,1,527.78,5,pago,aplicativo
4416,2026-04-26 23:21:00,1896,MG,Casa,organizador,2,1145.26,10,pago,aplicativo
4417,2026-04-11 16:44:00,1004,RJ,Livros,livro técnico,2,729.19,5,pago,site
4418,2026-04-10 06:36:00,1996,RJ,Esportes,tapete,5,144.81,10,cancelado,site
4419,2026-04-30 15:42:00,1017,BA,Esportes,mochila,3,347.07,5,pago,aplicativo
4420,2026-04-09 18:25:00,1012,GO,Casa,luminária,2,528.96,5,enviado,marketplace
4421,2026-04-21 16:44:00,1382,GO,Livros,romance,5,1099.8,0,entregue,site
4422,2026-04-01 09:10:00,1858,SP,Eletrônicos,teclado,2,1284.17,0,cancelado,site
4423,2026-04-06 19:13:00,1315,MG,Eletrônicos,fone,4,463.86,15,cancelado,site
4424,2026-04-11 10:25:00,1805,BA,Livros,livro técnico,4,130.49,10,enviado,site
4425,2026-04-01 03:36:00,1703,GO,Casa,cafeteira,5,500.98,15,cancelado,site
4426,2026-04-16 05:44:00,1204,RJ,Eletrônicos,mouse,1,149.89,0,pago,aplicativo
4427,2026-04-02 08:47:00,1828,PR,Esportes,mochila,4,641.61,5,enviado,aplicativo
4428,2026-04-22 20:27:00,1179,RJ,Papelaria,caneta,2,245.96,0,entregue,aplicativo
4429,2026-04-10 03:36:00,1700,SC,Eletrônicos,fone,5,83.38,0,entregue,site
4430,2026-04-17 10:33:00,1223,BA,Casa,organizador,2,1002.78,0,enviado,site
4431,2026-04-16 14:35:00,1129,SC,Livros,biografia,3,627.68,0,entregue,site
4432,2026-04-17 19:12:00,1412,SC,Casa,luminária,5,101.77,0,enviado,marketplace
4433,2026-04-07 21:45:00,1290,PE,Esportes,tapete,5,909.41,10,entregue,site
4434,2026-04-11 19:54:00,1519,MG,Papelaria,agenda,1,1361.33,0,entregue,site
4435,2026-04-22 05:52:00,1452,SC,Livros,biografia,4,409.69,0,enviado,aplicativo
4436,2026-04-17 00:31:00,1451,GO,Eletrônicos,teclado,3,215.12,0,enviado,marketplace
4437,2026-04-26 19:51:00,1671,BA,Esportes,garrafa,3,1065.57,10,pago,site
4438,2026-04-26 13:44:00,1876,PE,Papelaria,caneta,5,1170.26,0,entregue,marketplace
4439,2026-04-22 20:34:00,1853,GO,Livros,romance,4,124.47,0,cancelado,aplicativo
4440,2026-04-02 13:05:00,1724,RJ,Livros,livro técnico,3,895.56,15,cancelado,marketplace
4441,2026-04-09 12:48:00,1145,PR,Esportes,mochila,5,1048.48,15,entregue,marketplace
4442,2026-04-01 16:40:00,1945,RJ,Casa,organizador,5,1172.49,0,enviado,marketplace
4443,2026-04-19 21:21:00,1392,RJ,Esportes,garrafa,5,1164.75,15,enviado,aplicativo
4444,2026-04-25 04:03:00,1504,SP,Eletrônicos,mouse,4,212.36,15,enviado,site
4445,2026-04-10 18:28:00,1563,RJ,Casa,cafeteira,1,245.34,10,cancelado,aplicativo
4446,2026-04-11 00:07:00,1453,MG,Esportes,tapete,1,307.02,5,enviado,aplicativo
4447,2026-04-11 04:26:00,1917,GO,Livros,biografia,3,636.59,0,cancelado,marketplace
4448,2026-04-29 14:57:00,1713,SP,Eletrônicos,mouse,3,614.39,0,cancelado,aplicativo
4449,2026-04-19 13:41:00,1500,SC,Casa,cafeteira,1,483.29,5,cancelado,site
4450,2026-04-04 10:53:00,1401,PE,Papelaria,caderno,5,18.4,15,entregue,aplicativo
4451,2026-04-30 18:07:00,1545,SC,Esportes,mochila,2,1080.84,0,entregue,marketplace
4452,2026-04-25 07:03:00,1127,SP,Papelaria,caneta,2,502.47,0,enviado,marketplace
4453,2026-04-20 02:17:00,1130,BA,Casa,organizador,3,1476.81,10,pago,marketplace
4454,2026-04-15 22:01:00,1528,SP,Eletrônicos,mouse,3,31.05,0,entregue,aplicativo
4455,2026-04-28 16:31:00,1806,SC,Eletrônicos,teclado,1,70.92,0,pago,site
4456,2026-04-24 14:56:00,1518,BA,Esportes,garrafa,3,594.81,15,enviado,marketplace
4457,2026-04-23 13:55:00,1289,PR,Livros,biografia,4,1132.32,0,pago,marketplace
4458,2026-04-05 18:17:00,1215,RJ,Papelaria,caneta,5,801.38,10,cancelado,aplicativo
4459,2026-04-10 23:14:00,1146,RJ,Eletrônicos,mouse,2,1438.99,0,entregue,site
4460,2026-04-12 12:28:00,1670,MG,Papelaria,agenda,3,949.09,0,pago,marketplace
4461,2026-04-17 01:58:00,1615,PE,Eletrônicos,fone,1,870.96,0,entregue,site
4462,2026-04-26 16:49:00,1459,SP,Casa,organizador,2,1142.9,0,enviado,marketplace
4463,2026-04-21 08:57:00,1695,GO,Papelaria,agenda,4,589.89,5,pago,marketplace
4464,2026-04-24 19:53:00,1591,BA,Esportes,garrafa,1,1342.42,0,pago,marketplace
4465,2026-04-28 20:21:00,1837,SC,Casa,cafeteira,5,334.62,5,entregue,aplicativo
4466,2026-04-25 00:46:00,1102,PR,Casa,luminária,4,365.84,15,enviado,marketplace
4467,2026-04-21 09:01:00,1722,SP,Papelaria,agenda,2,583.39,5,enviado,marketplace
4468,2026-04-22 11:27:00,1125,BA,Casa,luminária,3,843.27,10,entregue,site
4469,2026-04-05 19:10:00,1079,SC,Casa,luminária,5,628.29,0,cancelado,aplicativo
4470,2026-04-23 10:48:00,1073,MG,Esportes,tapete,5,833.48,0,pago,site
4471,2026-04-25 03:37:00,1993,SC,Eletrônicos,fone,3,1207.7,0,pago,aplicativo
4472,2026-04-09 10:50:00,1243,SP,Papelaria,agenda,2,632.29,5,cancelado,aplicativo
4473,2026-04-06 00:59:00,1608,MG,Papelaria,caneta,3,1141.84,5,enviado,aplicativo
4474,2026-04-22 04:16:00,1065,PR,Livros,romance,4,429.89,5,cancelado,aplicativo
4475,2026-04-15 01:42:00,1323,PR,Livros,livro técnico,4,541.03,0,entregue,aplicativo
4476,2026-04-24 14:01:00,1544,MG,Livros,romance,3,217.85,5,pago,marketplace
4477,2026-04-17 15:00:00,1971,RJ,Eletrônicos,mouse,1,1230.21,0,cancelado,aplicativo
4478,2026-04-25 17:35:00,1885,BA,Casa,luminária,1,486.45,5,entregue,marketplace
4479,2026-04-02 16:29:00,1664,BA,Esportes,tapete,1,994.92,10,pago,marketplace
4480,2026-04-23 22:30:00,1752,PR,Papelaria,caderno,1,1290.63,0,entregue,aplicativo
4481,2026-04-03 18:07:00,1181,SC,Livros,biografia,3,768.63,5,pago,site
4482,2026-04-16 15:51:00,1385,PR,Livros,biografia,2,1282.62,10,enviado,site
4483,2026-04-17 08:44:00,1141,PE,Livros,biografia,3,683.58,0,pago,aplicativo
4484,2026-04-22 09:55:00,1873,MG,Livros,biografia,4,296.64,10,pago,marketplace
4485,2026-04-13 06:11:00,1693,MG,Casa,luminária,4,142.12,0,cancelado,site
4486,2026-04-18 04:41:00,1593,SC,Papelaria,agenda,3,727.29,15,enviado,site
4487,2026-04-10 12:24:00,1700,BA,Esportes,garrafa,3,709.68,5,enviado,aplicativo
4488,2026-04-26 23:27:00,1888,PR,Papelaria,caderno,1,1196.82,0,enviado,marketplace
4489,2026-04-05 02:36:00,1790,MG,Papelaria,caneta,2,217.85,15,pago,aplicativo
4490,2026-04-11 22:51:00,1701,PE,Casa,organizador,1,1368.04,0,entregue,aplicativo
4491,2026-04-03 22:22:00,1863,MG,Livros,romance,3,812.77,10,enviado,site
4492,2026-04-03 07:53:00,1911,PR,Livros,livro técnico,3,609.48,0,enviado,site
4493,2026-04-20 14:52:00,1486,PR,Papelaria,caderno,3,1004.93,10,pago,aplicativo
4494,2026-04-25 21:06:00,1974,GO,Esportes,mochila,3,670.11,5,cancelado,marketplace
4495,2026-04-09 20:39:00,1151,BA,Casa,luminária,1,791.52,0,cancelado,marketplace
4496,2026-04-14 07:07:00,1983,PR,Livros,romance,3,663.0,0,enviado,site
4497,2026-04-08 17:41:00,1871,BA,Eletrônicos,mouse,5,664.65,10,entregue,aplicativo
4498,2026-04-10 17:09:00,1402,PR,Esportes,mochila,1,600.97,0,pago,marketplace
4499,2026-04-02 21:44:00,1105,SC,Livros,romance,2,1118.89,0,pago,site
4500,2026-04-19 10:36:00,1319,SP,Casa,cafeteira,5,1239.8,0,cancelado,aplicativo
4501,2026-04-29 17:58:00,1092,GO,Papelaria,caderno,2,388.65,15,enviado,marketplace
4502,2026-04-05 07:47:00,1062,RJ,Eletrônicos,fone,4,623.95,5,cancelado,site
4503,2026-04-13 11:24:00,1371,BA,Casa,cafeteira,3,117.83,0,entregue,aplicativo
4504,2026-04-07 22:18:00,1166,BA,Papelaria,caneta,1,1148.07,0,pago,marketplace
4505,2026-04-20 10:23:00,1081,SP,Livros,biografia,4,1099.36,5,pago,marketplace
4506,2026-04-18 17:24:00,1912,SP,Eletrônicos,fone,3,634.07,0,pago,aplicativo
4507,2026-04-16 06:27:00,1204,RJ,Livros,biografia,4,1337.9,0,entregue,aplicativo
4508,2026-04-19 22:50:00,1398,SC,Eletrônicos,fone,5,821.08,0,cancelado,site
4509,2026-04-20 14:18:00,1357,SP,Casa,luminária,2,1367.65,0,enviado,site
4510,2026-04-09 21:02:00,1354,PE,Papelaria,agenda,3,1272.24,0,cancelado,site
4511,2026-04-01 16:43:00,1703,SC,Eletrônicos,mouse,2,928.65,0,pago,site
4512,2026-04-30 23:33:00,1026,BA,Casa,cafeteira,1,1262.39,5,cancelado,site
4513,2026-04-16 11:10:00,1239,PR,Livros,biografia,2,1166.54,5,pago,aplicativo
4514,2026-04-15 10:01:00,1365,PE,Esportes,mochila,1,264.35,10,enviado,aplicativo
4515,2026-04-08 03:03:00,1005,MG,Papelaria,caderno,5,1437.73,10,pago,aplicativo
4516,2026-04-24 03:58:00,1600,BA,Casa,luminária,2,174.89,5,cancelado,marketplace
4517,2026-04-08 04:29:00,1427,GO,Eletrônicos,fone,2,507.9,0,entregue,site
4518,2026-04-11 09:00:00,1729,MG,Esportes,mochila,3,1127.26,10,pago,site
4519,2026-04-11 20:37:00,1055,PR,Papelaria,caneta,2,554.41,15,enviado,aplicativo
4520,2026-04-19 02:06:00,1833,MG,Livros,biografia,2,846.12,10,entregue,aplicativo
4521,2026-04-11 13:22:00,1493,GO,Eletrônicos,mouse,3,392.77,10,entregue,site
4522,2026-04-24 20:56:00,1019,PR,Papelaria,caneta,2,1478.16,10,cancelado,marketplace
4523,2026-04-14 02:00:00,1569,GO,Livros,livro técnico,2,1245.94,10,pago,marketplace
4524,2026-04-16 03:23:00,1997,SP,Livros,livro técnico,3,1406.66,10,cancelado,marketplace
4525,2026-04-27 14:29:00,1028,BA,Eletrônicos,teclado,1,840.07,0,cancelado,aplicativo
4526,2026-04-03 16:49:00,1629,SP,Casa,luminária,4,387.17,0,cancelado,marketplace
4527,2026-04-05 21:06:00,1708,RJ,Casa,cafeteira,4,196.06,0,pago,site
4528,2026-04-12 15:50:00,1365,GO,Casa,cafeteira,5,1022.61,10,entregue,marketplace
4529,2026-04-23 03:40:00,1772,PR,Esportes,tapete,4,447.72,0,cancelado,aplicativo
4530,2026-04-21 03:18:00,1138,PR,Esportes,garrafa,4,573.88,0,entregue,aplicativo
4531,2026-04-07 17:38:00,1006,RJ,Livros,livro técnico,5,12.34,5,enviado,marketplace
4532,2026-04-07 01:00:00,1809,PE,Casa,organizador,1,466.14,10,enviado,aplicativo
4533,2026-04-01 19:53:00,1140,GO,Eletrônicos,teclado,5,1163.49,0,cancelado,aplicativo
4534,2026-04-20 14:17:00,1428,PE,Livros,livro técnico,5,1403.63,0,pago,aplicativo
4535,2026-04-22 09:14:00,1535,RJ,Casa,organizador,4,479.5,0,pago,site
4536,2026-04-23 04:27:00,1394,PE,Livros,livro técnico,2,918.62,10,enviado,marketplace
4537,2026-04-10 12:29:00,1979,BA,Casa,luminária,2,903.13,0,cancelado,site
4538,2026-04-25 10:52:00,1354,PR,Papelaria,agenda,2,904.13,10,cancelado,site
4539,2026-04-02 08:58:00,1095,RJ,Livros,biografia,3,932.91,10,cancelado,marketplace
4540,2026-04-15 23:24:00,1278,SC,Livros,romance,2,1011.22,15,cancelado,aplicativo
4541,2026-04-27 18:45:00,1975,SP,Eletrônicos,teclado,5,1474.57,5,pago,marketplace
4542,2026-04-18 17:17:00,1880,BA,Livros,romance,5,724.12,5,enviado,marketplace
4543,2026-04-02 10:12:00,1679,PR,Esportes,garrafa,3,41.64,5,enviado,aplicativo
4544,2026-04-27 10:07:00,1098,SP,Papelaria,agenda,5,1299.2,0,entregue,site
4545,2026-04-20 12:55:00,1639,PE,Esportes,tapete,2,57.23,15,enviado,site
4546,2026-04-24 00:57:00,1467,SC,Papelaria,agenda,1,1019.37,5,pago,aplicativo
4547,2026-04-22 01:16:00,1185,PR,Livros,biografia,4,378.4,0,pago,site
4548,2026-04-16 02:25:00,1450,GO,Livros,biografia,4,1400.24,0,enviado,aplicativo
4549,2026-04-08 06:33:00,1562,RJ,Livros,romance,5,1453.51,10,pago,site
4550,2026-04-29 09:20:00,1656,BA,Esportes,mochila,2,394.8,15,pago,marketplace
4551,2026-04-30 01:03:00,1542,PE,Esportes,garrafa,1,1081.37,0,entregue,aplicativo
4552,2026-04-11 07:50:00,1063,PE,Casa,organizador,2,689.04,5,enviado,site
4553,2026-04-17 18:24:00,1579,GO,Papelaria,caneta,4,42.48,0,cancelado,marketplace
4554,2026-04-25 21:56:00,1727,RJ,Livros,romance,3,1127.1,0,pago,site
4555,2026-04-21 05:34:00,1378,GO,Livros,livro técnico,1,232.01,0,pago,marketplace
4556,2026-04-02 20:04:00,1455,SC,Esportes,tapete,2,880.63,10,enviado,site
4557,2026-04-16 00:39:00,1767,PE,Papelaria,agenda,2,685.64,0,entregue,aplicativo
4558,2026-04-23 02:12:00,1589,MG,Papelaria,agenda,3,181.21,15,cancelado,marketplace
4559,2026-04-19 13:29:00,1646,BA,Casa,organizador,3,673.58,0,cancelado,marketplace
4560,2026-04-23 01:00:00,1931,RJ,Casa,cafeteira,1,1260.87,0,enviado,marketplace
4561,2026-04-30 11:18:00,1731,SP,Casa,organizador,4,1042.87,5,cancelado,site
4562,2026-04-09 21:02:00,1731,GO,Papelaria,caneta,1,1154.1,0,cancelado,aplicativo
4563,2026-04-01 21:52:00,1263,SP,Casa,cafeteira,2,531.79,0,pago,aplicativo
4564,2026-04-05 12:47:00,1418,GO,Eletrônicos,fone,4,702.62,0,cancelado,site
4565,2026-04-08 02:07:00,1902,SC,Esportes,garrafa,5,1489.39,15,cancelado,site
4566,2026-04-10 16:38:00,1759,BA,Esportes,tapete,1,621.55,0,enviado,marketplace
4567,2026-04-26 22:00:00,1737,SP,Esportes,garrafa,3,323.88,10,pago,aplicativo
4568,2026-04-19 02:19:00,1138,MG,Esportes,tapete,4,61.62,15,entregue,aplicativo
4569,2026-04-19 00:49:00,1655,PR,Casa,luminária,5,109.45,10,entregue,aplicativo
4570,2026-04-06 17:44:00,1343,GO,Livros,romance,1,1240.98,5,cancelado,marketplace
4571,2026-04-03 00:56:00,1698,PR,Casa,cafeteira,4,934.33,5,pago,aplicativo
4572,2026-04-09 09:49:00,1402,RJ,Livros,livro técnico,2,393.48,15,cancelado,site
4573,2026-04-08 01:00:00,1811,SP,Eletrônicos,fone,4,581.98,5,cancelado,aplicativo
4574,2026-04-01 04:38:00,1332,PR,Livros,biografia,2,423.8,15,pago,marketplace
4575,2026-04-13 15:08:00,1226,BA,Esportes,mochila,2,1054.9,10,cancelado,site
4576,2026-04-01 13:08:00,1374,RJ,Esportes,mochila,2,1464.24,10,pago,aplicativo
4577,2026-04-09 12:01:00,1118,PR,Esportes,garrafa,4,1165.89,5,cancelado,aplicativo
4578,2026-04-17 22:38:00,1136,GO,Livros,romance,1,479.8,0,cancelado,site
4579,2026-04-17 15:06:00,1509,SP,Livros,biografia,3,1446.39,0,entregue,site
4580,2026-04-25 04:39:00,1504,PE,Papelaria,caneta,3,147.99,0,entregue,marketplace
4581,2026-04-25 20:33:00,1603,GO,Papelaria,agenda,2,1399.84,0,cancelado,marketplace
4582,2026-04-12 05:15:00,1321,GO,Casa,organizador,1,62.14,15,enviado,aplicativo
4583,2026-04-17 15:59:00,1089,SC,Livros,livro técnico,5,1310.11,5,entregue,site
4584,2026-04-22 14:24:00,1898,PE,Papelaria,caderno,5,508.52,0,enviado,aplicativo
4585,2026-04-12 10:21:00,1826,BA,Casa,organizador,5,973.08,15,pago,marketplace
4586,2026-04-08 06:13:00,1114,PR,Esportes,tapete,3,631.15,0,cancelado,aplicativo
4587,2026-04-15 13:21:00,1152,GO,Esportes,garrafa,3,379.91,0,enviado,marketplace
4588,2026-04-02 18:44:00,1759,RJ,Livros,romance,1,169.74,10,pago,site
4589,2026-04-21 03:34:00,1074,PE,Papelaria,agenda,1,1163.85,10,entregue,site
4590,2026-04-26 04:54:00,1682,RJ,Esportes,tapete,2,1342.42,10,pago,aplicativo
4591,2026-04-01 09:03:00,1745,SP,Papelaria,caderno,5,1279.0,0,pago,aplicativo
4592,2026-04-25 20:55:00,1123,PE,Papelaria,caderno,1,296.96,0,pago,aplicativo
4593,2026-04-06 02:40:00,1711,SP,Eletrônicos,mouse,3,571.22,15,enviado,aplicativo
4594,2026-04-30 21:56:00,1442,SP,Papelaria,agenda,2,1442.53,0,pago,site
4595,2026-04-19 21:07:00,1582,PE,Esportes,mochila,4,42.84,0,pago,site
4596,2026-04-21 09:21:00,1849,GO,Livros,romance,3,224.84,0,enviado,marketplace
4597,2026-04-24 20:00:00,1884,PR,Livros,biografia,4,1168.22,0,cancelado,aplicativo
4598,2026-04-26 11:40:00,1802,PE,Papelaria,agenda,5,1353.17,15,entregue,marketplace
4599,2026-04-18 16:39:00,1004,MG,Eletrônicos,fone,1,374.59,0,entregue,marketplace
4600,2026-04-19 23:45:00,1991,BA,Esportes,tapete,4,1076.0,0,cancelado,aplicativo
4601,2026-04-24 07:33:00,1646,RJ,Livros,romance,2,43.82,10,entregue,site
4602,2026-04-23 19:33:00,1583,GO,Livros,livro técnico,3,977.38,5,entregue,aplicativo
4603,2026-04-18 13:11:00,1147,BA,Eletrônicos,mouse,2,1193.52,0,enviado,site
4604,2026-04-07 17:22:00,1277,SC,Eletrônicos,teclado,4,389.46,0,cancelado,site
4605,2026-04-26 20:57:00,1372,BA,Casa,cafeteira,4,384.43,10,cancelado,site
4606,2026-04-01 14:33:00,1704,BA,Papelaria,agenda,5,308.12,0,entregue,site
4607,2026-04-17 19:02:00,1277,PE,Papelaria,caderno,2,1016.24,5,entregue,marketplace
4608,2026-04-06 16:30:00,1603,MG,Papelaria,agenda,1,655.72,5,entregue,aplicativo
4609,2026-04-09 02:10:00,1379,GO,Papelaria,caderno,2,1428.29,5,enviado,site
4610,2026-04-25 12:35:00,1241,RJ,Casa,organizador,2,710.32,0,entregue,site
4611,2026-04-28 21:35:00,1757,BA,Papelaria,caderno,3,955.82,5,pago,site
4612,2026-04-01 19:23:00,1090,SC,Casa,cafeteira,4,130.19,0,cancelado,site
4613,2026-04-17 12:20:00,1888,SP,Papelaria,caneta,2,1125.86,15,entregue,aplicativo
4614,2026-04-17 14:24:00,1682,PR,Esportes,garrafa,3,152.27,15,entregue,marketplace
4615,2026-04-04 07:58:00,1031,PR,Casa,cafeteira,2,1425.17,15,pago,marketplace
4616,2026-04-20 10:20:00,1989,SC,Esportes,mochila,5,959.35,5,cancelado,marketplace
4617,2026-04-12 16:43:00,1481,SC,Esportes,mochila,2,1129.22,15,pago,site
4618,2026-04-01 01:40:00,1564,PR,Eletrônicos,teclado,5,382.98,15,cancelado,marketplace
4619,2026-04-01 19:29:00,1811,RJ,Casa,organizador,5,675.98,15,cancelado,marketplace
4620,2026-04-11 02:08:00,1192,PE,Livros,biografia,2,208.54,0,enviado,marketplace
4621,2026-04-13 00:00:00,1131,BA,Casa,luminária,4,720.57,0,cancelado,aplicativo
4622,2026-04-21 07:02:00,1690,BA,Livros,romance,1,255.63,0,entregue,site
4623,2026-04-13 19:59:00,1538,PE,Eletrônicos,fone,4,1492.97,0,cancelado,site
4624,2026-04-27 12:10:00,1846,GO,Papelaria,caderno,5,738.89,10,entregue,site
4625,2026-04-13 23:41:00,1473,BA,Eletrônicos,mouse,5,1160.07,0,entregue,marketplace
4626,2026-04-15 03:46:00,1457,SC,Papelaria,agenda,1,1321.89,10,enviado,marketplace
4627,2026-04-24 22:46:00,1348,PR,Papelaria,caderno,2,971.37,0,enviado,aplicativo
4628,2026-04-04 16:42:00,1872,GO,Livros,romance,4,892.16,0,cancelado,marketplace
4629,2026-04-21 13:59:00,1537,RJ,Esportes,mochila,5,1490.56,10,cancelado,site
4630,2026-04-04 13:39:00,1894,PR,Esportes,mochila,5,495.1,15,entregue,marketplace
4631,2026-04-07 03:31:00,1721,RJ,Livros,biografia,1,1071.39,0,cancelado,site
4632,2026-04-16 02:50:00,1984,SP,Casa,cafeteira,1,931.97,5,enviado,aplicativo
4633,2026-04-20 05:30:00,1140,GO,Esportes,mochila,2,762.72,10,cancelado,aplicativo
4634,2026-04-29 07:41:00,1898,SC,Livros,biografia,4,859.59,15,cancelado,marketplace
4635,2026-04-01 22:12:00,1045,RJ,Casa,luminária,1,1185.6,0,entregue,site
4636,2026-04-19 22:37:00,1610,SP,Papelaria,caneta,4,281.49,0,entregue,aplicativo
4637,2026-04-16 11:35:00,1110,PE,Livros,biografia,5,1153.16,0,cancelado,aplicativo
4638,2026-04-01 15:18:00,1679,SP,Eletrônicos,mouse,1,1072.63,15,entregue,marketplace
4639,2026-04-13 10:04:00,1160,MG,Esportes,garrafa,4,1288.13,15,entregue,marketplace
4640,2026-04-20 06:37:00,1357,MG,Papelaria,caneta,5,453.14,10,enviado,site
4641,2026-04-21 18:46:00,1127,SC,Livros,livro técnico,2,1116.98,0,enviado,marketplace
4642,2026-04-10 08:38:00,1777,PR,Casa,organizador,3,355.7,5,cancelado,aplicativo
4643,2026-04-23 00:43:00,1509,SC,Esportes,mochila,2,383.53,15,enviado,aplicativo
4644,2026-04-22 22:35:00,1330,SP,Livros,biografia,2,1001.77,0,entregue,marketplace
4645,2026-04-28 06:33:00,1094,PE,Papelaria,caneta,1,710.77,5,pago,marketplace
4646,2026-04-02 08:35:00,1978,GO,Casa,cafeteira,1,1411.15,10,pago,aplicativo
4647,2026-04-18 21:18:00,1908,GO,Livros,romance,5,1146.79,15,entregue,aplicativo
4648,2026-04-05 02:24:00,1470,RJ,Casa,cafeteira,2,441.85,0,entregue,aplicativo
4649,2026-04-30 21:00:00,1829,PR,Esportes,mochila,1,334.86,0,enviado,aplicativo
4650,2026-04-07 13:43:00,1904,BA,Papelaria,caneta,3,802.71,15,cancelado,aplicativo
4651,2026-04-01 11:29:00,1485,RJ,Casa,organizador,1,995.17,0,enviado,marketplace
4652,2026-04-21 23:48:00,1861,GO,Papelaria,caneta,3,1421.46,5,pago,site
4653,2026-04-12 20:19:00,1624,PR,Esportes,garrafa,4,1008.57,0,pago,marketplace
4654,2026-04-21 02:07:00,1341,GO,Esportes,garrafa,3,390.94,10,pago,marketplace
4655,2026-04-29 15:38:00,1619,BA,Livros,livro técnico,4,1334.12,5,enviado,site
4656,2026-04-18 22:12:00,1205,GO,Eletrônicos,mouse,2,1069.4,0,pago,aplicativo
4657,2026-04-12 18:52:00,1057,SC,Eletrônicos,teclado,5,698.86,15,pago,aplicativo
4658,2026-04-05 02:44:00,1209,BA,Papelaria,caderno,2,1311.73,15,cancelado,marketplace
4659,2026-04-19 21:57:00,1373,MG,Casa,cafeteira,4,1383.65,0,entregue,marketplace
4660,2026-04-21 01:19:00,1471,SC,Papelaria,caneta,1,508.61,0,pago,aplicativo
4661,2026-04-27 18:03:00,1942,GO,Eletrônicos,fone,5,1150.71,0,entregue,aplicativo
4662,2026-04-22 18:23:00,1009,SP,Papelaria,caderno,2,865.08,0,pago,site
4663,2026-04-24 04:18:00,1585,PR,Casa,organizador,4,1224.9,5,pago,site
4664,2026-04-20 18:39:00,1776,PE,Eletrônicos,fone,1,545.96,5,pago,marketplace
4665,2026-04-28 15:34:00,1069,PE,Casa,cafeteira,2,1053.57,15,entregue,site
4666,2026-04-19 19:50:00,1770,RJ,Papelaria,caneta,4,659.24,0,entregue,marketplace
4667,2026-04-08 01:27:00,1225,BA,Papelaria,caderno,3,1325.54,15,entregue,marketplace
4668,2026-04-02 04:12:00,1890,GO,Esportes,mochila,2,18.56,15,enviado,site
4669,2026-04-09 01:41:00,1622,PR,Papelaria,agenda,2,541.65,0,cancelado,marketplace
4670,2026-04-05 17:27:00,1383,PR,Papelaria,caneta,3,1206.22,10,cancelado,aplicativo
4671,2026-04-19 16:25:00,1538,PE,Esportes,garrafa,4,406.46,0,entregue,aplicativo
4672,2026-04-07 20:48:00,1918,PR,Eletrônicos,teclado,1,1139.7,0,entregue,marketplace
4673,2026-04-25 20:44:00,1050,SC,Eletrônicos,mouse,3,610.65,0,entregue,site
4674,2026-04-06 01:21:00,1666,SP,Livros,biografia,3,799.37,0,pago,marketplace
4675,2026-04-20 03:15:00,1498,SC,Papelaria,agenda,3,387.92,5,pago,marketplace
4676,2026-04-25 04:25:00,1830,GO,Casa,organizador,4,298.85,5,entregue,aplicativo
4677,2026-04-10 23:29:00,1239,PE,Livros,livro técnico,4,669.6,15,cancelado,site
4678,2026-04-27 06:24:00,1915,MG,Casa,organizador,2,1191.89,15,cancelado,site
4679,2026-04-29 00:58:00,1947,RJ,Papelaria,caderno,3,10.77,0,cancelado,aplicativo
4680,2026-04-30 01:45:00,1510,PR,Casa,cafeteira,3,1480.55,0,entregue,site
4681,2026-04-14 04:31:00,1008,BA,Eletrônicos,mouse,1,386.22,0,cancelado,site
4682,2026-04-30 04:47:00,1577,GO,Papelaria,caneta,2,896.81,0,entregue,marketplace
4683,2026-04-11 18:02:00,1999,GO,Esportes,tapete,4,33.95,10,entregue,marketplace
4684,2026-04-26 08:00:00,1095,SC,Eletrônicos,mouse,3,732.19,15,enviado,aplicativo
4685,2026-04-10 07:53:00,1628,SC,Esportes,tapete,5,795.46,10,cancelado,aplicativo
4686,2026-04-28 02:33:00,1699,BA,Papelaria,agenda,3,684.5,0,pago,marketplace
4687,2026-04-12 12:31:00,1982,PE,Papelaria,agenda,3,1437.56,15,cancelado,site
4688,2026-04-26 16:34:00,1327,MG,Esportes,garrafa,3,723.55,5,cancelado,aplicativo
4689,2026-04-20 23:03:00,1655,MG,Livros,livro técnico,1,220.99,10,entregue,marketplace
4690,2026-04-17 19:15:00,1392,RJ,Esportes,tapete,5,131.26,10,cancelado,aplicativo
4691,2026-04-27 23:18:00,1891,PR,Livros,romance,2,1098.4,10,pago,marketplace
4692,2026-04-15 17:33:00,1603,SP,Eletrônicos,fone,3,437.11,15,pago,aplicativo
4693,2026-04-15 15:48:00,1563,BA,Casa,organizador,3,58.3,15,pago,marketplace
4694,2026-04-14 18:51:00,1947,MG,Casa,organizador,3,619.04,15,cancelado,site
4695,2026-04-28 18:21:00,1239,PR,Casa,luminária,1,1164.42,5,entregue,site
4696,2026-04-09 20:43:00,1897,BA,Casa,organizador,5,1417.88,0,pago,marketplace
4697,2026-04-23 22:15:00,1190,RJ,Esportes,garrafa,5,610.98,0,cancelado,marketplace
4698,2026-04-15 19:13:00,1648,SC,Esportes,mochila,5,980.94,10,enviado,marketplace
4699,2026-04-22 03:58:00,1872,GO,Esportes,garrafa,2,80.63,5,cancelado,site
4700,2026-04-24 11:01:00,1742,PR,Papelaria,agenda,4,1269.86,5,pago,marketplace
4701,2026-04-26 21:55:00,1510,BA,Esportes,mochila,3,1464.36,0,entregue,aplicativo
4702,2026-04-03 02:38:00,1454,MG,Livros,biografia,5,605.6,10,pago,marketplace
4703,2026-04-21 02:10:00,1626,PR,Eletrônicos,fone,2,1037.71,0,cancelado,aplicativo
4704,2026-04-24 12:28:00,1162,BA,Casa,organizador,3,584.86,0,entregue,marketplace
4705,2026-04-04 13:38:00,1755,BA,Livros,biografia,4,754.81,0,cancelado,aplicativo
4706,2026-04-27 13:56:00,1564,SC,Livros,livro técnico,2,424.16,15,entregue,marketplace
4707,2026-04-27 20:46:00,1805,SC,Eletrônicos,mouse,1,1473.51,15,entregue,site
4708,2026-04-15 08:31:00,1783,PR,Esportes,tapete,5,1211.56,0,enviado,marketplace
4709,2026-04-29 03:39:00,1641,SC,Esportes,tapete,2,661.69,0,entregue,site
4710,2026-04-02 02:15:00,1357,RJ,Esportes,mochila,2,1279.56,5,cancelado,aplicativo
4711,2026-04-06 20:20:00,1547,RJ,Casa,luminária,3,588.31,0,cancelado,site
4712,2026-04-24 16:44:00,1959,BA,Casa,organizador,2,680.2,10,enviado,site
4713,2026-04-27 02:25:00,1174,PE,Livros,biografia,1,341.82,0,cancelado,site
4714,2026-04-09 17:57:00,1579,SP,Eletrônicos,teclado,5,564.25,0,pago,aplicativo
4715,2026-04-23 20:09:00,1209,GO,Papelaria,caneta,5,1394.01,5,cancelado,site
4716,2026-04-18 23:04:00,1435,BA,Casa,cafeteira,4,78.43,5,cancelado,aplicativo
4717,2026-04-26 16:10:00,1364,SC,Livros,romance,2,1105.17,0,entregue,site
4718,2026-04-30 01:44:00,1685,SC,Eletrônicos,teclado,4,1351.3,0,entregue,site
4719,2026-04-09 03:20:00,1336,RJ,Livros,livro técnico,1,945.99,0,entregue,marketplace
4720,2026-04-10 14:43:00,1350,SC,Esportes,garrafa,5,445.02,0,cancelado,marketplace
4721,2026-04-24 22:57:00,1021,MG,Casa,luminária,3,1412.39,0,entregue,site
4722,2026-04-22 05:59:00,1752,PE,Livros,livro técnico,5,374.6,5,cancelado,site
4723,2026-04-06 09:51:00,1438,RJ,Papelaria,agenda,1,521.48,0,cancelado,aplicativo
4724,2026-04-30 11:41:00,1291,SP,Eletrônicos,fone,3,666.27,15,entregue,site
4725,2026-04-15 04:39:00,1343,PE,Eletrônicos,fone,1,1423.96,10,enviado,site
4726,2026-04-19 11:36:00,1895,SP,Esportes,garrafa,4,472.15,0,enviado,aplicativo
4727,2026-04-16 20:25:00,1756,SP,Esportes,mochila,2,1184.88,5,enviado,marketplace
4728,2026-04-14 07:54:00,1498,MG,Casa,organizador,2,463.56,0,pago,aplicativo
4729,2026-04-11 01:18:00,1241,BA,Eletrônicos,mouse,1,1175.7,0,enviado,aplicativo
4730,2026-04-29 22:44:00,1892,GO,Livros,biografia,4,1056.5,15,pago,site
4731,2026-04-17 05:54:00,1216,SP,Eletrônicos,teclado,3,1055.2,15,cancelado,aplicativo
4732,2026-04-05 18:07:00,1308,SP,Casa,organizador,5,570.95,15,cancelado,site
4733,2026-04-23 20:16:00,1967,SC,Papelaria,agenda,2,119.54,0,pago,aplicativo
4734,2026-04-26 12:42:00,1105,PR,Esportes,mochila,1,352.44,15,entregue,aplicativo
4735,2026-04-09 05:17:00,1562,RJ,Papelaria,caderno,3,91.43,5,entregue,aplicativo
4736,2026-04-18 12:34:00,1157,BA,Livros,romance,4,355.13,0,entregue,site
4737,2026-04-06 18:58:00,1451,GO,Esportes,garrafa,5,755.86,5,enviado,site
4738,2026-04-23 16:08:00,1810,PE,Papelaria,caneta,4,427.35,0,pago,marketplace
4739,2026-04-24 00:15:00,1631,SC,Papelaria,agenda,1,704.71,0,enviado,site
4740,2026-04-05 06:43:00,1955,GO,Livros,romance,1,1341.77,0,cancelado,site
4741,2026-04-21 09:06:00,1089,GO,Livros,romance,3,64.97,0,entregue,site
4742,2026-04-20 13:49:00,1267,PE,Livros,livro técnico,3,1026.46,10,enviado,marketplace
4743,2026-04-28 03:03:00,1292,BA,Esportes,mochila,3,138.6,15,pago,site
4744,2026-04-03 00:38:00,1260,SC,Esportes,mochila,4,211.21,10,enviado,marketplace
4745,2026-04-12 05:16:00,1608,GO,Casa,organizador,3,1106.55,0,enviado,aplicativo
4746,2026-04-23 02:40:00,1288,RJ,Esportes,garrafa,3,660.47,0,pago,site
4747,2026-04-06 15:24:00,1194,BA,Esportes,mochila,2,430.8,0,entregue,aplicativo
4748,2026-04-26 08:22:00,1202,MG,Esportes,garrafa,4,1082.61,0,enviado,marketplace
4749,2026-04-17 09:18:00,1352,RJ,Livros,livro técnico,1,867.7,0,entregue,site
4750,2026-04-22 21:38:00,1347,SP,Livros,livro técnico,3,608.93,10,pago,marketplace
4751,2026-04-24 22:05:00,1944,MG,Livros,biografia,1,663.52,5,pago,site
4752,2026-04-10 08:29:00,1314,SP,Esportes,garrafa,2,988.3,0,cancelado,marketplace
4753,2026-04-12 07:08:00,1155,GO,Eletrônicos,mouse,4,245.95,0,enviado,site
4754,2026-04-21 10:14:00,1457,GO,Esportes,garrafa,4,444.22,10,entregue,marketplace
4755,2026-04-27 10:12:00,1649,PE,Papelaria,caderno,4,810.77,5,cancelado,aplicativo
4756,2026-04-07 20:59:00,1999,PE,Papelaria,agenda,3,914.57,0,pago,site
4757,2026-04-16 18:33:00,1652,SC,Esportes,tapete,2,1482.4,15,cancelado,aplicativo
4758,2026-04-28 11:13:00,1987,SP,Papelaria,caneta,3,352.57,15,cancelado,aplicativo
4759,2026-04-09 11:57:00,1032,PR,Papelaria,caderno,1,601.28,15,enviado,site
4760,2026-04-28 03:56:00,1015,BA,Esportes,tapete,2,460.59,0,enviado,site
4761,2026-04-30 18:32:00,1326,RJ,Casa,luminária,5,33.43,5,cancelado,aplicativo
4762,2026-04-08 04:03:00,1255,GO,Papelaria,caderno,2,811.24,0,enviado,marketplace
4763,2026-04-28 23:18:00,1659,BA,Papelaria,agenda,2,117.22,0,entregue,marketplace
4764,2026-04-23 00:41:00,1557,RJ,Casa,cafeteira,3,732.18,0,pago,aplicativo
4765,2026-04-01 23:28:00,1689,GO,Papelaria,caderno,4,28.35,5,enviado,site
4766,2026-04-03 17:06:00,1296,GO,Esportes,tapete,1,1426.36,5,enviado,site
4767,2026-04-26 03:08:00,1654,MG,Livros,romance,2,1400.32,0,pago,marketplace
4768,2026-04-07 15:55:00,1889,GO,Papelaria,agenda,1,1414.72,0,entregue,site
4769,2026-04-03 23:03:00,1061,PE,Esportes,garrafa,1,125.31,5,cancelado,marketplace
4770,2026-04-07 04:29:00,1726,RJ,Eletrônicos,teclado,1,850.85,10,cancelado,marketplace
4771,2026-04-20 05:38:00,1543,GO,Livros,livro técnico,4,1399.84,0,enviado,aplicativo
4772,2026-04-18 19:26:00,1570,MG,Papelaria,caderno,1,443.46,5,enviado,aplicativo
4773,2026-04-24 21:56:00,1702,SC,Casa,luminária,1,1386.06,0,pago,site
4774,2026-04-28 10:23:00,1915,MG,Papelaria,caderno,1,1370.98,0,cancelado,site
4775,2026-04-22 22:52:00,1007,MG,Esportes,garrafa,3,743.73,10,entregue,marketplace
4776,2026-04-24 19:43:00,1733,MG,Esportes,mochila,1,354.24,5,enviado,marketplace
4777,2026-04-08 22:10:00,1156,PR,Eletrônicos,teclado,2,211.42,5,enviado,aplicativo
4778,2026-04-06 02:28:00,1303,PR,Livros,livro técnico,5,1029.06,0,cancelado,aplicativo
4779,2026-04-30 04:00:00,1087,GO,Livros,livro técnico,3,547.9,0,cancelado,marketplace
4780,2026-04-22 15:25:00,1833,MG,Eletrônicos,fone,3,1132.75,0,cancelado,aplicativo
4781,2026-04-12 00:31:00,1489,BA,Papelaria,agenda,3,1467.32,15,entregue,marketplace
4782,2026-04-16 07:12:00,1557,PR,Eletrônicos,teclado,5,744.33,0,pago,marketplace
4783,2026-04-22 03:39:00,1992,SP,Esportes,mochila,5,875.78,15,enviado,site
4784,2026-04-05 07:45:00,1645,RJ,Esportes,garrafa,2,1151.17,10,pago,aplicativo
4785,2026-04-11 18:17:00,1112,BA,Casa,luminária,4,875.22,0,pago,site
4786,2026-04-15 05:12:00,1415,SP,Eletrônicos,fone,1,1331.12,15,enviado,site
4787,2026-04-01 07:47:00,1869,GO,Livros,livro técnico,2,1479.46,5,pago,marketplace
4788,2026-04-04 12:23:00,1397,PE,Papelaria,caderno,2,1143.19,5,enviado,site
4789,2026-04-05 07:12:00,1299,SP,Eletrônicos,teclado,5,1430.62,0,pago,site
4790,2026-04-04 21:37:00,1707,SC,Eletrônicos,teclado,1,907.08,10,entregue,aplicativo
4791,2026-04-12 09:07:00,1047,BA,Esportes,mochila,1,909.55,15,entregue,site
4792,2026-04-28 05:11:00,1917,SP,Papelaria,caderno,1,1263.84,0,cancelado,aplicativo
4793,2026-04-17 07:09:00,1161,GO,Casa,cafeteira,2,553.55,0,pago,aplicativo
4794,2026-04-17 10:51:00,1186,PE,Esportes,garrafa,1,367.31,0,enviado,marketplace
4795,2026-04-18 03:05:00,1490,RJ,Casa,cafeteira,1,601.31,0,cancelado,site
4796,2026-04-27 10:44:00,1171,PR,Casa,organizador,3,1326.59,5,cancelado,aplicativo
4797,2026-04-14 16:47:00,1593,SP,Eletrônicos,mouse,3,711.52,5,entregue,site
4798,2026-04-23 13:45:00,1884,SC,Casa,luminária,3,253.19,0,entregue,marketplace
4799,2026-04-29 10:03:00,1720,RJ,Esportes,mochila,4,1225.35,10,enviado,site
4800,2026-04-15 10:31:00,1886,RJ,Esportes,garrafa,1,109.37,0,entregue,site
4801,2026-04-23 18:57:00,1319,BA,Casa,organizador,3,1449.57,5,enviado,site
4802,2026-04-04 09:12:00,1945,SC,Casa,organizador,3,147.69,0,cancelado,aplicativo
4803,2026-04-15 02:53:00,1926,BA,Papelaria,caneta,1,818.7,5,pago,site
4804,2026-04-06 13:31:00,1665,RJ,Livros,livro técnico,4,610.94,0,cancelado,site
4805,2026-04-10 09:19:00,1665,SP,Esportes,garrafa,1,164.26,0,cancelado,site
4806,2026-04-05 02:49:00,1680,RJ,Papelaria,caderno,4,251.88,0,entregue,aplicativo
4807,2026-04-17 06:39:00,1977,GO,Papelaria,caneta,3,28.2,0,pago,marketplace
4808,2026-04-06 21:51:00,1799,GO,Livros,romance,1,1067.32,5,enviado,aplicativo
4809,2026-04-20 04:00:00,1890,PE,Eletrônicos,fone,2,414.14,15,enviado,aplicativo
4810,2026-04-12 12:51:00,1899,SC,Eletrônicos,fone,3,1317.7,15,cancelado,aplicativo
4811,2026-04-25 00:54:00,1149,MG,Casa,organizador,2,1428.97,0,cancelado,aplicativo
4812,2026-04-04 08:02:00,1815,RJ,Casa,cafeteira,4,1381.64,0,cancelado,site
4813,2026-04-28 04:44:00,1828,BA,Casa,cafeteira,1,945.59,0,enviado,site
4814,2026-04-20 05:33:00,1400,BA,Livros,biografia,2,106.3,5,entregue,aplicativo
4815,2026-04-09 13:42:00,1779,PR,Livros,romance,1,1420.38,0,entregue,site
4816,2026-04-15 17:26:00,1661,PE,Esportes,garrafa,1,153.23,0,cancelado,marketplace
4817,2026-04-30 05:04:00,1690,PE,Eletrônicos,fone,4,1116.82,0,pago,marketplace
4818,2026-04-25 17:27:00,1612,SP,Eletrônicos,teclado,4,807.94,10,entregue,aplicativo
4819,2026-04-06 01:45:00,1570,PR,Esportes,garrafa,1,418.69,15,entregue,marketplace
4820,2026-04-13 21:38:00,1500,PE,Livros,biografia,4,368.26,0,enviado,aplicativo
4821,2026-04-12 07:32:00,1442,SC,Papelaria,caneta,1,149.73,5,entregue,site
4822,2026-04-04 11:33:00,1681,SC,Livros,livro técnico,3,82.68,0,enviado,aplicativo
4823,2026-04-06 06:14:00,1530,BA,Eletrônicos,fone,5,602.76,10,cancelado,aplicativo
4824,2026-04-29 05:22:00,1367,MG,Eletrônicos,mouse,5,41.66,15,entregue,site
4825,2026-04-22 23:39:00,1943,MG,Papelaria,caneta,5,110.46,0,cancelado,marketplace
4826,2026-04-19 02:57:00,1517,SP,Casa,organizador,4,1420.03,15,enviado,aplicativo
4827,2026-04-29 22:04:00,1097,RJ,Eletrônicos,teclado,5,526.03,0,pago,marketplace
4828,2026-04-23 04:59:00,1525,SP,Esportes,garrafa,5,1465.84,15,pago,aplicativo
4829,2026-04-05 01:14:00,1780,RJ,Papelaria,caderno,2,1440.44,0,cancelado,marketplace
4830,2026-04-07 08:25:00,1899,MG,Livros,biografia,2,322.4,0,enviado,aplicativo
4831,2026-04-23 16:21:00,1140,BA,Esportes,tapete,1,1238.6,15,enviado,marketplace
4832,2026-04-06 14:39:00,1434,MG,Livros,romance,4,1051.96,0,pago,site
4833,2026-04-23 14:38:00,1668,SC,Livros,livro técnico,2,224.52,0,cancelado,site
4834,2026-04-09 04:29:00,1929,RJ,Esportes,tapete,3,1086.42,0,entregue,site
4835,2026-04-28 00:43:00,1244,SC,Eletrônicos,teclado,3,176.78,15,cancelado,site
4836,2026-04-29 01:19:00,1294,MG,Papelaria,agenda,3,85.12,15,entregue,marketplace
4837,2026-04-16 00:27:00,1231,SP,Casa,cafeteira,5,552.56,15,cancelado,aplicativo
4838,2026-04-28 14:52:00,1229,GO,Papelaria,agenda,3,1010.39,0,cancelado,site
4839,2026-04-16 20:21:00,1464,MG,Esportes,mochila,2,785.65,15,pago,aplicativo
4840,2026-04-27 12:47:00,1152,RJ,Eletrônicos,fone,2,487.72,0,pago,site
4841,2026-04-05 20:46:00,1030,SC,Casa,luminária,3,289.71,15,pago,site
4842,2026-04-27 05:59:00,1285,PE,Livros,romance,1,264.09,0,enviado,site
4843,2026-04-02 12:27:00,1571,SC,Casa,luminária,2,790.35,0,cancelado,site
4844,2026-04-10 10:19:00,1598,RJ,Papelaria,caneta,2,725.26,10,entregue,marketplace
4845,2026-04-10 08:01:00,1491,MG,Esportes,mochila,1,345.53,0,cancelado,marketplace
4846,2026-04-07 09:31:00,1384,SP,Papelaria,caderno,5,19.72,10,enviado,aplicativo
4847,2026-04-05 20:33:00,1639,PR,Eletrônicos,teclado,1,1388.86,10,entregue,aplicativo
4848,2026-04-26 10:41:00,1805,PR,Papelaria,agenda,5,14.64,5,entregue,marketplace
4849,2026-04-11 12:39:00,1556,RJ,Esportes,mochila,1,342.76,0,cancelado,site
4850,2026-04-13 03:10:00,1405,MG,Livros,biografia,3,1265.05,0,entregue,site
4851,2026-04-01 16:39:00,1015,BA,Esportes,tapete,2,1378.14,0,enviado,site
4852,2026-04-05 14:26:00,1683,RJ,Livros,biografia,5,50.88,10,enviado,marketplace
4853,2026-04-15 15:43:00,1059,MG,Casa,cafeteira,5,427.7,5,enviado,aplicativo
4854,2026-04-17 02:46:00,1224,SC,Papelaria,caneta,1,1488.23,5,entregue,site
4855,2026-04-10 20:19:00,1761,SP,Livros,livro técnico,4,1159.99,5,cancelado,aplicativo
4856,2026-04-30 08:06:00,1911,GO,Esportes,garrafa,2,1150.67,0,pago,site
4857,2026-04-20 14:29:00,1713,RJ,Papelaria,caderno,1,1483.92,10,entregue,aplicativo
4858,2026-04-28 01:51:00,1250,SC,Casa,luminária,2,1092.33,0,entregue,marketplace
4859,2026-04-23 04:39:00,1504,RJ,Eletrônicos,fone,4,22.55,0,cancelado,marketplace
4860,2026-04-19 20:22:00,1099,MG,Casa,luminária,1,1345.27,0,entregue,marketplace
4861,2026-04-22 16:48:00,1147,RJ,Casa,luminária,4,281.94,0,cancelado,marketplace
4862,2026-04-14 14:06:00,1441,PE,Livros,livro técnico,4,373.31,0,entregue,site
4863,2026-04-07 02:48:00,1589,SP,Esportes,tapete,3,1077.59,0,cancelado,aplicativo
4864,2026-04-06 10:41:00,1132,SP,Papelaria,agenda,4,1480.05,15,pago,marketplace
4865,2026-04-25 23:21:00,1832,SP,Livros,romance,2,477.53,15,entregue,site
4866,2026-04-26 20:48:00,1618,GO,Papelaria,caderno,5,1290.95,15,entregue,aplicativo
4867,2026-04-15 20:46:00,1974,SC,Livros,romance,5,1171.89,15,cancelado,aplicativo
4868,2026-04-02 12:43:00,1993,BA,Livros,livro técnico,3,92.74,15,entregue,site
4869,2026-04-15 19:53:00,1429,SC,Livros,biografia,3,24.33,0,pago,site
4870,2026-04-23 16:24:00,1818,BA,Esportes,mochila,5,1107.12,15,enviado,site
4871,2026-04-11 04:45:00,1905,PE,Eletrônicos,fone,1,461.8,0,entregue,marketplace
4872,2026-04-18 15:21:00,1645,SC,Papelaria,caderno,1,860.66,0,entregue,aplicativo
4873,2026-04-24 15:02:00,1263,SP,Livros,romance,1,30.19,0,pago,site
4874,2026-04-19 18:23:00,1260,BA,Livros,biografia,3,938.67,5,enviado,aplicativo
4875,2026-04-16 23:23:00,1174,BA,Papelaria,caneta,4,38.2,10,enviado,aplicativo
4876,2026-04-07 02:57:00,1323,SC,Esportes,tapete,4,100.17,0,pago,marketplace
4877,2026-04-16 01:58:00,1756,RJ,Esportes,mochila,1,1481.73,0,enviado,marketplace
4878,2026-04-17 01:27:00,1181,BA,Eletrônicos,teclado,1,839.74,0,entregue,marketplace
4879,2026-04-02 00:34:00,1315,PR,Livros,biografia,1,513.92,0,cancelado,site
4880,2026-04-04 05:43:00,1647,GO,Esportes,tapete,3,726.73,5,cancelado,site
4881,2026-04-02 19:32:00,1707,PR,Eletrônicos,mouse,2,1053.88,0,cancelado,aplicativo
4882,2026-04-08 09:07:00,1370,PE,Esportes,garrafa,4,158.46,10,entregue,aplicativo
4883,2026-04-28 00:29:00,1429,PE,Livros,romance,3,1144.01,15,enviado,aplicativo
4884,2026-04-25 16:16:00,1233,MG,Livros,livro técnico,5,1343.15,0,pago,site
4885,2026-04-06 18:42:00,1278,PE,Esportes,mochila,4,1400.97,10,enviado,marketplace
4886,2026-04-15 18:33:00,1588,RJ,Esportes,mochila,3,1374.02,0,entregue,site
4887,2026-04-15 02:05:00,1393,BA,Eletrônicos,mouse,5,390.05,5,enviado,marketplace
4888,2026-04-14 03:52:00,1573,SC,Casa,cafeteira,5,37.24,5,enviado,aplicativo
4889,2026-04-30 01:31:00,1689,SC,Esportes,mochila,4,1206.18,10,cancelado,site
4890,2026-04-03 01:27:00,1329,PR,Esportes,mochila,3,1286.14,0,pago,marketplace
4891,2026-04-21 16:31:00,1125,GO,Eletrônicos,mouse,2,1271.55,10,cancelado,aplicativo
4892,2026-04-21 19:57:00,1442,GO,Esportes,tapete,4,1132.79,15,pago,marketplace
4893,2026-04-09 15:13:00,1915,BA,Eletrônicos,mouse,2,577.02,0,enviado,aplicativo
4894,2026-04-30 12:29:00,1625,PR,Papelaria,agenda,1,678.0,10,cancelado,site
4895,2026-04-20 03:15:00,1770,SC,Papelaria,caneta,3,866.99,0,entregue,marketplace
4896,2026-04-10 16:10:00,1815,GO,Esportes,mochila,4,79.15,0,entregue,aplicativo
4897,2026-04-06 01:13:00,1278,SP,Esportes,tapete,3,1209.39,5,pago,site
4898,2026-04-01 19:57:00,1713,RJ,Livros,biografia,3,559.11,0,entregue,marketplace
4899,2026-04-30 02:56:00,1850,BA,Livros,livro técnico,4,1220.24,0,entregue,aplicativo
4900,2026-04-12 18:10:00,1972,PE,Casa,organizador,5,410.94,0,entregue,marketplace
4901,2026-04-19 15:49:00,1215,PR,Esportes,tapete,3,1037.87,0,pago,marketplace
4902,2026-04-26 17:27:00,1920,BA,Livros,livro técnico,2,1172.72,15,cancelado,site
4903,2026-04-22 09:31:00,1133,MG,Esportes,mochila,4,589.72,0,cancelado,site
4904,2026-04-13 09:51:00,1861,MG,Papelaria,agenda,4,1227.19,0,enviado,aplicativo
4905,2026-04-25 14:09:00,1031,MG,Esportes,mochila,4,658.42,0,entregue,marketplace
4906,2026-04-28 07:25:00,1985,PE,Casa,cafeteira,2,1041.03,0,pago,aplicativo
4907,2026-04-05 16:04:00,1442,BA,Papelaria,caneta,2,722.52,5,entregue,site
4908,2026-04-05 19:58:00,1430,PE,Livros,romance,5,1492.51,10,pago,aplicativo
4909,2026-04-20 11:50:00,1595,BA,Casa,cafeteira,1,1283.25,15,cancelado,site
4910,2026-04-09 00:09:00,1352,SP,Livros,biografia,1,588.41,0,entregue,aplicativo
4911,2026-04-25 03:04:00,1063,SC,Papelaria,caneta,5,769.34,0,pago,aplicativo
4912,2026-04-24 20:13:00,1064,PR,Eletrônicos,fone,2,1133.78,15,entregue,marketplace
4913,2026-04-07 10:28:00,1213,SC,Papelaria,caderno,3,355.23,5,enviado,aplicativo
4914,2026-04-05 10:40:00,1565,SP,Papelaria,caneta,1,1048.09,15,entregue,marketplace
4915,2026-04-06 08:52:00,1660,MG,Papelaria,caderno,5,1272.1,5,entregue,site
4916,2026-04-05 20:50:00,1555,MG,Casa,luminária,5,698.6,10,pago,aplicativo
4917,2026-04-27 20:34:00,1357,RJ,Esportes,tapete,1,983.75,0,enviado,site
4918,2026-04-03 17:03:00,1376,GO,Papelaria,agenda,4,1023.16,15,entregue,site
4919,2026-04-14 04:50:00,1846,PR,Casa,cafeteira,5,1016.74,15,cancelado,aplicativo
4920,2026-04-25 02:47:00,1512,PE,Livros,livro técnico,4,371.08,15,cancelado,site
4921,2026-04-26 00:37:00,1645,BA,Livros,biografia,1,1105.32,0,enviado,aplicativo
4922,2026-04-04 14:38:00,1464,PR,Esportes,garrafa,1,607.54,0,pago,aplicativo
4923,2026-04-08 04:30:00,1434,SC,Livros,livro técnico,5,913.42,0,entregue,marketplace
4924,2026-04-22 04:50:00,1147,GO,Papelaria,caderno,5,1080.86,15,cancelado,marketplace
4925,2026-04-24 05:16:00,1900,PE,Casa,cafeteira,5,128.09,0,cancelado,aplicativo
4926,2026-04-23 04:34:00,1491,PE,Casa,cafeteira,4,1184.79,5,pago,site
4927,2026-04-21 03:59:00,1388,MG,Livros,livro técnico,5,571.96,10,cancelado,aplicativo
4928,2026-04-13 19:41:00,1102,BA,Casa,cafeteira,4,338.4,15,pago,site
4929,2026-04-01 22:03:00,1270,RJ,Eletrônicos,teclado,1,695.69,0,pago,site
4930,2026-04-12 08:21:00,1805,PR,Papelaria,caneta,4,93.78,0,cancelado,aplicativo
4931,2026-04-05 12:53:00,1298,GO,Esportes,mochila,2,1202.54,0,pago,site
4932,2026-04-17 20:10:00,1214,RJ,Papelaria,caderno,1,55.22,0,entregue,marketplace
4933,2026-04-19 00:10:00,1453,PR,Livros,romance,1,1220.79,5,pago,marketplace
4934,2026-04-03 23:39:00,1680,SC,Eletrônicos,mouse,3,855.17,0,cancelado,aplicativo
4935,2026-04-23 17:46:00,1238,SP,Esportes,garrafa,2,1416.14,15,cancelado,site
4936,2026-04-11 17:49:00,1853,SC,Esportes,garrafa,1,134.31,0,pago,marketplace
4937,2026-04-08 19:39:00,1423,MG,Livros,biografia,1,1242.36,10,enviado,site
4938,2026-04-01 00:05:00,1425,RJ,Livros,livro técnico,2,791.09,0,entregue,marketplace
4939,2026-04-19 08:01:00,1054,MG,Papelaria,caneta,3,1284.21,0,enviado,aplicativo
4940,2026-04-02 21:14:00,1854,PE,Papelaria,agenda,4,134.36,10,pago,site
4941,2026-04-03 09:26:00,1084,BA,Livros,romance,2,1384.86,15,pago,marketplace
4942,2026-04-29 13:00:00,1416,SP,Livros,biografia,2,728.06,10,enviado,marketplace
4943,2026-04-23 01:27:00,1621,GO,Livros,romance,4,84.03,0,entregue,marketplace
4944,2026-04-07 19:28:00,1324,SC,Livros,romance,3,22.26,0,enviado,site
4945,2026-04-12 21:00:00,1775,SP,Livros,romance,4,890.09,0,cancelado,site
4946,2026-04-12 17:38:00,1900,RJ,Esportes,tapete,5,247.45,5,pago,site
4947,2026-04-26 09:34:00,1847,RJ,Livros,biografia,4,92.72,10,pago,site
4948,2026-04-16 00:47:00,1362,SC,Papelaria,caneta,1,839.42,5,cancelado,marketplace
4949,2026-04-15 20:11:00,1908,SP,Papelaria,caneta,3,413.54,0,pago,aplicativo
4950,2026-04-07 06:04:00,1639,PE,Livros,biografia,2,1125.59,5,pago,marketplace
4951,2026-04-16 18:31:00,1868,SP,Papelaria,caderno,1,499.33,0,enviado,aplicativo
4952,2026-04-19 21:20:00,1789,MG,Papelaria,agenda,4,769.67,10,cancelado,site
4953,2026-04-12 14:17:00,1064,GO,Livros,livro técnico,5,1001.27,0,entregue,site
4954,2026-04-18 09:24:00,1675,RJ,Eletrônicos,teclado,4,983.54,0,cancelado,marketplace
4955,2026-04-11 00:15:00,1436,BA,Eletrônicos,teclado,5,713.89,15,enviado,marketplace
4956,2026-04-19 17:02:00,1754,RJ,Esportes,tapete,1,476.2,0,cancelado,site
4957,2026-04-02 07:59:00,1815,SC,Livros,livro técnico,4,30.71,15,cancelado,aplicativo
4958,2026-04-25 10:25:00,1901,SP,Eletrônicos,mouse,1,1349.69,5,entregue,site
4959,2026-04-17 17:39:00,1371,SC,Papelaria,caneta,4,162.94,15,cancelado,aplicativo
4960,2026-04-20 17:27:00,1438,SC,Esportes,garrafa,2,1035.21,10,enviado,site
4961,2026-04-14 15:01:00,1600,RJ,Papelaria,caderno,3,315.9,15,enviado,site
4962,2026-04-21 14:13:00,1974,MG,Livros,livro técnico,3,937.02,10,enviado,site
4963,2026-04-13 18:15:00,1803,SP,Esportes,tapete,5,1020.03,0,enviado,marketplace
4964,2026-04-27 23:43:00,1598,PE,Eletrônicos,teclado,3,1035.23,15,cancelado,marketplace
4965,2026-04-02 07:57:00,1092,MG,Papelaria,agenda,2,519.94,5,enviado,site
4966,2026-04-19 21:13:00,1098,SP,Papelaria,caderno,5,814.18,0,entregue,aplicativo
4967,2026-04-19 08:39:00,1895,MG,Eletrônicos,fone,1,1105.48,5,enviado,aplicativo
4968,2026-04-17 21:57:00,1949,BA,Eletrônicos,fone,5,534.1,10,pago,aplicativo
4969,2026-04-20 22:32:00,1920,GO,Eletrônicos,teclado,1,659.03,5,enviado,marketplace
4970,2026-04-25 15:40:00,1880,GO,Esportes,tapete,2,584.78,0,enviado,aplicativo
4971,2026-04-24 08:48:00,1499,PR,Casa,organizador,2,1215.98,10,enviado,site
4972,2026-04-17 08:45:00,1047,SP,Livros,romance,4,925.52,0,cancelado,marketplace
4973,2026-04-30 13:21:00,1882,SC,Esportes,garrafa,1,1227.66,10,enviado,marketplace
4974,2026-04-03 13:05:00,1052,SP,Livros,livro técnico,4,590.37,10,entregue,marketplace
4975,2026-04-26 15:33:00,1236,SP,Livros,livro técnico,1,422.21,0,enviado,marketplace
4976,2026-04-19 20:17:00,1001,SC,Livros,biografia,1,581.88,10,enviado,aplicativo
4977,2026-04-01 05:48:00,1291,PE,Livros,biografia,4,1326.53,0,entregue,marketplace
4978,2026-04-03 15:00:00,1269,SC,Papelaria,caderno,1,198.47,15,pago,site
4979,2026-04-12 23:08:00,1377,RJ,Esportes,tapete,2,16.53,0,entregue,marketplace
4980,2026-04-29 08:40:00,1558,BA,Eletrônicos,fone,4,499.32,5,enviado,marketplace
4981,2026-04-25 15:56:00,1289,MG,Papelaria,caderno,4,468.11,5,enviado,marketplace
4982,2026-04-15 19:32:00,1802,SP,Casa,cafeteira,4,254.06,0,enviado,site
4983,2026-04-07 08:57:00,1985,BA,Eletrônicos,teclado,1,486.21,0,pago,site
4984,2026-04-08 03:29:00,1258,SC,Casa,organizador,1,146.89,5,cancelado,marketplace
4985,2026-04-17 10:47:00,1125,PR,Livros,livro técnico,5,1121.8,0,entregue,site
4986,2026-04-17 07:58:00,1766,RJ,Papelaria,caderno,3,161.72,0,pago,aplicativo
4987,2026-04-02 21:33:00,1281,BA,Livros,biografia,1,503.52,10,enviado,site
4988,2026-04-19 12:44:00,1716,MG,Casa,organizador,4,847.02,10,entregue,aplicativo
4989,2026-04-22 04:24:00,1857,PR,Casa,cafeteira,1,855.35,0,entregue,site
4990,2026-04-03 04:54:00,1384,SP,Casa,cafeteira,3,625.04,5,pago,aplicativo
4991,2026-04-14 17:30:00,1849,RJ,Eletrônicos,fone,2,721.0,10,entregue,marketplace
4992,2026-04-30 08:42:00,1320,RJ,Eletrônicos,fone,5,340.52,5,cancelado,marketplace
4993,2026-04-20 14:24:00,1304,PR,Livros,livro técnico,4,531.42,15,enviado,site
4994,2026-04-15 08:11:00,1709,PE,Livros,biografia,3,1428.97,10,pago,aplicativo
4995,2026-04-27 13:30:00,1327,RJ,Eletrônicos,mouse,3,578.4,0,pago,marketplace
4996,2026-04-26 01:23:00,1592,SC,Esportes,mochila,4,1173.77,0,pago,site
4997,2026-04-13 19:08:00,1159,PR,Casa,luminária,2,1221.28,15,enviado,site
4998,2026-04-01 04:26:00,1786,MG,Papelaria,caneta,3,50.37,15,enviado,aplicativo
4999,2026-04-01 06:17:00,1024,PE,Eletrônicos,teclado,2,1164.43,10,cancelado,aplicativo
5000,2026-04-14 19:11:00,1478,SP,Esportes,mochila,4,981.95,5,pago,marketplace
